"area","source_id","name","set_name","item_type","original_level","coin_price","premium_price","discounted_premium_price","experience","valid_seconds","hidden","integration_policy"
"farm","1","田园风光","QQ农场","1","0","0","50","0","0","1","true","excluded-hidden"
"farm","2","茅草屋","QQ农场","2","0","0","40","0","0","1","true","excluded-hidden"
"farm","3","木桩栅栏","QQ农场","3","0","0","25","0","0","1","true","excluded-hidden"
"farm","4","茅草狗屋","QQ农场","4","0","0","20","0","0","1","true","excluded-hidden"
"farm","11","春日风车背景","荷兰葵花系列","1","0","14499","50","40","288","2592000","true","excluded-hidden"
"farm","12","绿顶小木屋","荷兰葵花系列","2","0","9999","40","32","200","2592000","true","excluded-hidden"
"farm","13","爱心木栅栏","荷兰葵花系列","3","0","5999","25","20","120","2592000","true","excluded-hidden"
"farm","14","木制小狗窝","荷兰葵花系列","4","0","4999","20","16","96","2592000","true","excluded-hidden"
"farm","16","圣诞快乐","圣诞快乐","1","0","14499","50","40","288","2592000","true","excluded-hidden"
"farm","17","圣诞雪屋","圣诞快乐","2","0","10099","40","32","200","2592000","true","excluded-hidden"
"farm","18","小院围墙","圣诞快乐","3","0","5989","25","20","120","2592000","true","excluded-hidden"
"farm","19","圣诞狗窝","圣诞快乐","4","0","5899","20","16","96","2592000","true","excluded-hidden"
"farm","21","春天的故事","春天的故事","1","0","12499","35","25","188","2592000","true","excluded-hidden"
"farm","22","春天小屋","春天的故事","2","0","11599","30","28","140","2592000","true","excluded-hidden"
"farm","23","春天围墙","春天的故事","3","0","8889","15","10","60","2592000","true","excluded-hidden"
"farm","24","春天狗窝","春天的故事","4","0","9099","15","10","40","2592000","true","excluded-hidden"
"farm","26","新年快乐","新年快乐","1","0","14499","50","40","288","2592000","true","excluded-hidden"
"farm","27","新年小屋","新年快乐","2","0","10099","40","32","200","2592000","true","excluded-hidden"
"farm","28","新年围墙","新年快乐","3","0","5989","25","20","120","2592000","true","excluded-hidden"
"farm","29","新年狗窝","新年快乐","4","0","5899","20","16","96","2592000","true","excluded-hidden"
"farm","31","夏日海滩","夏日海滩","1","0","16499","35","25","188","2592000","true","excluded-hidden"
"farm","32","海滩别墅","夏日海滩","2","0","13599","30","28","140","2592000","true","excluded-hidden"
"farm","33","海滩栅栏","夏日海滩","3","0","12089","15","10","60","2592000","true","excluded-hidden"
"farm","34","海滩狗窝","夏日海滩","4","0","11099","15","10","40","2592000","true","excluded-hidden"
"farm","41","浓情原野","青春草原套装","1","0","17280","65","52","346","2592000","true","excluded-hidden"
"farm","42","温情蒙古包","青春草原套装","2","0","12000","45","36","240","2592000","true","excluded-hidden"
"farm","43","怡情围毡","青春草原套装","3","0","7200","28","22","144","2592000","true","excluded-hidden"
"farm","44","风情獒窝","青春草原套装","4","0","5760","22","17","115","2592000","true","excluded-hidden"
"farm","45","魔幻乐园背景","魔幻乐园套装","1","0","42199","144","115","720","2592000","false","deferred-cosmetic"
"farm","46","蘑菇小屋","魔幻乐园套装","2","0","29888","100","80","500","2592000","false","deferred-cosmetic"
"farm","47","迷幻栅栏","魔幻乐园套装","3","0","18088","60","48","300","2592000","false","deferred-cosmetic"
"farm","48","迷你狗窝","魔幻乐园套装","4","0","14399","48","38","240","2592000","false","deferred-cosmetic"
"farm","49","欧洲田园风光","欧洲田园风光","1","0","50199","144","115","480","2592000","false","deferred-cosmetic"
"farm","50","欧式简装别墅","欧洲田园风光","2","0","30888","100","80","420","2592000","false","deferred-cosmetic"
"farm","51","欧式栅栏","欧洲田园风光","3","0","20088","60","48","320","2592000","false","deferred-cosmetic"
"farm","52","欧洲风情小狗窝","欧洲田园风光","4","0","20399","48","38","250","2592000","false","deferred-cosmetic"
"farm","53","阿尔卑斯山风光","阿尔卑斯山风光","1","0","52199","144","115","480","2592000","false","deferred-cosmetic"
"farm","54","山脚下小屋","阿尔卑斯山风光","2","0","32888","100","80","420","2592000","false","deferred-cosmetic"
"farm","55","阿尔卑斯特产栅栏","阿尔卑斯山风光","3","0","22088","60","48","320","2592000","false","deferred-cosmetic"
"farm","56","阿尔卑斯特产狗屋","阿尔卑斯山风光","4","0","22399","48","38","250","2592000","false","deferred-cosmetic"
"farm","57","地中海风情","地中海套装","1","0","33088","88","70","442","2592000","true","excluded-hidden"
"farm","58","迷情蓝堡","地中海套装","2","0","22299","61","48","307","2592000","true","excluded-hidden"
"farm","59","白沙围廊","地中海套装","3","0","13788","37","29","184","2592000","true","excluded-hidden"
"farm","60","贝鲁特犬舍","地中海套装","4","0","11088","29","23","147","2592000","true","excluded-hidden"
"farm","61","仙踪林背景","仙踪林套装","1","0","23088","55","44","165","2592000","true","excluded-hidden"
"farm","62","豪华别墅","仙踪林套装","2","0","15999","38","30","114","2592000","true","excluded-hidden"
"farm","63","木制栅栏","仙踪林套装","3","0","9588","23","18","69","2592000","true","excluded-hidden"
"farm","64","豪华狗窝","仙踪林套装","4","0","7688","18","15","55","2592000","true","excluded-hidden"
"farm","65","水果熟啦背景","入秋套装","1","0","23088","55","44","165","2592000","true","excluded-hidden"
"farm","66","动漫小屋","入秋套装","2","0","15999","38","30","114","2592000","true","excluded-hidden"
"farm","67","铅笔栅栏","入秋套装","3","0","9588","23","18","69","2592000","true","excluded-hidden"
"farm","68","可爱狗窝","入秋套装","4","0","7688","18","15","55","2592000","true","excluded-hidden"
"farm","69","荷塘夜色背景","水墨荷塘套装","1","0","23088","55","44","165","2592000","false","deferred-cosmetic"
"farm","70","两楼小屋","水墨荷塘套装","2","0","15999","38","30","114","2592000","false","deferred-cosmetic"
"farm","71","石柱栅栏","水墨荷塘套装","3","0","9588","23","18","69","2592000","false","deferred-cosmetic"
"farm","72","复古狗窝","水墨荷塘套装","4","0","7688","18","15","55","2592000","false","deferred-cosmetic"
"farm","73","月光狂想背景","月光狂想背景","1","0","25888","57","46","199","2592000","false","deferred-cosmetic"
"farm","74","精灵小屋","精灵小屋","2","0","17999","40","32","138","2592000","false","deferred-cosmetic"
"farm","75","月下连桩","月下连桩","3","0","10888","24","19","83","2592000","false","deferred-cosmetic"
"farm","76","光影狗窝","光影狗窝","4","0","8599","19","15","66","2592000","false","deferred-cosmetic"
"farm","77","操场背景","回归学校套装","1","0","23088","55","44","165","2592000","true","excluded-hidden"
"farm","78","教学大楼","回归学校套装","2","0","15999","38","30","114","2592000","true","excluded-hidden"
"farm","79","树木栅栏","回归学校套装","3","0","9588","23","18","69","2592000","true","excluded-hidden"
"farm","80","平顶狗窝","回归学校套装","4","0","7688","18","15","55","2592000","true","excluded-hidden"
"farm","81","大自然背景","熊猫套装","1","0","23088","55","44","165","2592000","true","excluded-hidden"
"farm","82","树制小屋","熊猫套装","2","0","15999","38","30","114","2592000","true","excluded-hidden"
"farm","83","木制栅栏","熊猫套装","3","0","9588","23","18","69","2592000","true","excluded-hidden"
"farm","84","树桩狗窝","熊猫套装","4","0","7688","18","15","55","2592000","true","excluded-hidden"
"farm","85","甜心广场背景","甜心农场套装","1","0","23088","55","44","165","2592000","false","deferred-cosmetic"
"farm","86","糖果小屋","甜心农场套装","2","0","15999","38","30","114","2592000","false","deferred-cosmetic"
"farm","87","棒棒糖栅栏","甜心农场套装","3","0","9588","23","18","69","2592000","false","deferred-cosmetic"
"farm","88","甜点狗窝","甜心农场套装","4","0","7688","18","15","55","2592000","false","deferred-cosmetic"
"farm","89","鹊桥相间背景","浪漫七夕套装","1","0","23000","55","44","165","2592000","true","excluded-hidden"
"farm","90","望月楼","浪漫七夕套装","2","0","16825","38","30","114","2592000","true","excluded-hidden"
"farm","91","矮围墙","浪漫七夕套装","3","0","9568","23","18","69","2592000","true","excluded-hidden"
"farm","92","狗亭","浪漫七夕套装","4","0","7806","18","15","55","2592000","true","excluded-hidden"
"farm","93","厮守终生背景","相爱永远套装","1","0","23000","55","44","165","2592000","true","excluded-hidden"
"farm","94","浪漫满屋","相爱永远套装","2","0","17499","38","30","114","2592000","true","excluded-hidden"
"farm","95","浪漫栅栏","相爱永远套装","3","0","9256","23","18","69","2592000","true","excluded-hidden"
"farm","96","粉色狗窝","相爱永远套装","4","0","6888","18","15","55","2592000","true","excluded-hidden"
"farm","97","狮子座背景","梦幻星空套装","1","0","24086","55","44","165","2592000","true","excluded-hidden"
"farm","98","豪华城堡","梦幻星空套装","2","0","16825","38","30","114","2592000","true","excluded-hidden"
"farm","99","铁栅栏","梦幻星空套装","3","0","8564","23","18","69","2592000","true","excluded-hidden"
"farm","100","看门狗窝","梦幻星空套装","4","0","7587","18","15","55","2592000","true","excluded-hidden"
"farm","201","沙漠背景","沙漠套装","1","0","23088","55","44","165","2592000","true","excluded-hidden"
"farm","202","沙漠小屋","沙漠套装","2","0","15999","38","30","114","2592000","true","excluded-hidden"
"farm","203","沙漠栅栏","沙漠套装","3","0","9588","23","18","69","2592000","true","excluded-hidden"
"farm","204","沙漠狗窝","沙漠套装","4","0","7688","18","15","55","2592000","true","excluded-hidden"
"farm","205","都市霓虹背景","都市霓虹套装","1","0","23088","55","44","120","2592000","true","excluded-hidden"
"farm","206","玻璃花房","都市霓虹套装","2","0","15999","38","30","114","2592000","true","excluded-hidden"
"farm","207","白金花栏","都市霓虹套装","3","0","9588","23","18","69","2592000","true","excluded-hidden"
"farm","208","花亭小窝","都市霓虹套装","4","0","72128","18","15","55","2592000","true","excluded-hidden"
"farm","209","入学啦背景","校友套装","1","0","23088","55","44","120","2592000","true","excluded-hidden"
"farm","210","校友教学楼","校友套装","2","0","15999","38","30","114","2592000","true","excluded-hidden"
"farm","211","红旗飘飘","校友套装","3","0","9588","23","18","69","2592000","true","excluded-hidden"
"farm","212","门卫室","校友套装","4","0","72128","18","15","55","2592000","true","excluded-hidden"
"farm","213","碧草云天背景","碧草云天套装","1","0","23088","55","44","120","2592000","true","excluded-hidden"
"farm","214","风情木屋","碧草云天套装","2","0","15999","38","30","114","2592000","true","excluded-hidden"
"farm","215","积木栅栏","碧草云天套装","3","0","9588","23","18","69","2592000","true","excluded-hidden"
"farm","216","简约狗窝","碧草云天套装","4","0","72128","18","15","55","2592000","true","excluded-hidden"
"farm","217","7QQ套装","7QQCOM","1","0","79999","100","80","500","2678400","false","deferred-cosmetic"
"farm","218","7QQ小屋","7QQCOM","2","0","63999","80","64","400","2678400","false","deferred-cosmetic"
"farm","219","7QQ栅栏","7QQCOM","3","0","55999","70","56","350","2678400","false","deferred-cosmetic"
"farm","220","7QQ狗舍","7QQCOM","4","0","47999","60","48","300","2678400","false","deferred-cosmetic"
"farm","225","乡间小路","小镇风情套装","1","0","24503","55","44","165","2592000","false","deferred-cosmetic"
"farm","226","烟囱小屋","小镇风情套装","2","0","16879","38","30","114","2592000","false","deferred-cosmetic"
"farm","227","休闲躺椅","小镇风情套装","3","0","9452","23","18","69","2592000","false","deferred-cosmetic"
"farm","228","黑瓦狗窝","小镇风情套装","4","0","7538","18","15","55","2592000","false","deferred-cosmetic"
"farm","229","蓝色海洋","去海边吧套装","1","0","25268","55","44","165","2592000","true","excluded-hidden"
"farm","230","红瓦小屋","去海边吧套装","2","0","16299","38","30","114","2592000","true","excluded-hidden"
"farm","231","木桩阑珊","去海边吧套装","3","0","9108","23","18","69","2592000","true","excluded-hidden"
"farm","232","红瓦狗窝","去海边吧套装","4","0","7856","18","15","55","2592000","true","excluded-hidden"
"farm","233","浓情绿野背景","浓情绿野套装","1","0","1","0","0","0","2678400","false","deferred-cosmetic"
"farm","234","尚品小屋","浓情绿野套装","2","0","1","0","0","0","2678400","false","deferred-cosmetic"
"farm","235","云白排桩","浓情绿野套装","3","0","1","0","0","0","2678400","false","deferred-cosmetic"
"farm","236","名雅小窝","浓情绿野套装","4","0","1","0","0","0","2678400","false","deferred-cosmetic"
"farm","237","圣诞背景","圣诞节题套装","1","0","1","0","0","0","2678400","true","excluded-hidden"
"farm","238","圣诞小屋","圣诞节套装","2","0","1","0","0","0","2678400","true","excluded-hidden"
"farm","239","圣诞红栏","圣诞节套装","3","0","1","0","0","0","2678400","true","excluded-hidden"
"farm","240","圣诞小窝","圣诞节套装","4","0","1","0","0","0","2678400","true","excluded-hidden"
"farm","241","新年快乐背景","新年快乐套装","1","0","1","0","0","0","2678400","true","excluded-hidden"
"farm","242","春雪小屋","新年快乐套装","2","0","1","0","0","0","2678400","true","excluded-hidden"
"farm","243","春雪红栏","新年快乐套装","3","0","1","0","0","0","2678400","true","excluded-hidden"
"farm","244","春雪小窝","新年快乐套装","4","0","1","0","0","0","2678400","true","excluded-hidden"
"farm","245","世博家园背景","世博主题套装","1","0","1","0","0","0","2678400","true","excluded-hidden"
"farm","246","中国馆小屋","世博主题套装","2","0","1","0","0","0","2678400","true","excluded-hidden"
"farm","247","绿草红栏","世博主题套装","3","0","1","0","0","0","2678400","true","excluded-hidden"
"farm","248","红乐小窝","世博主题套装","4","0","1","0","0","0","2678400","true","excluded-hidden"
"farm","249","虎年新春背景","虎年新春","1","0","25268","55","44","165","2592000","true","excluded-hidden"
"farm","250","虎年大屋","虎年新春","2","0","16299","38","30","114","2592000","true","excluded-hidden"
"farm","251","新年红栏","虎年新春","3","0","9108","23","18","69","2592000","true","excluded-hidden"
"farm","252","新春狗窝","虎年新春","4","0","7856","18","15","55","2592000","true","excluded-hidden"
"farm","253","董衣草之恋背景","董衣草之恋套装","1","0","25268","55","44","165","2592000","false","deferred-cosmetic"
"farm","254","董衣草之恋大屋","董衣草之恋套装","2","0","16299","38","30","114","2592000","false","deferred-cosmetic"
"farm","255","董衣草之恋红栏","董衣草之恋套装","3","0","9108","23","18","69","2592000","false","deferred-cosmetic"
"farm","256","董衣草之恋狗窝","董衣草之恋套装","4","0","7856","18","15","55","2592000","false","deferred-cosmetic"
"farm","257","熊猫宝贝背景","熊猫宝贝套装","1","0","25268","55","44","165","2592000","false","deferred-cosmetic"
"farm","258","熊猫宝贝大屋","熊猫宝贝套装","2","0","16299","38","30","114","2592000","false","deferred-cosmetic"
"farm","259","熊猫宝贝红栏","熊猫宝贝套装","3","0","9108","23","18","69","2592000","false","deferred-cosmetic"
"farm","260","熊猫宝贝狗窝","熊猫宝贝套装","4","0","7856","18","15","55","2592000","false","deferred-cosmetic"
"farm","261","公益背景","公益套装","1","0","25268","55","44","165","2592000","true","excluded-hidden"
"farm","262","公益大屋","公益套装","2","0","16299","38","30","114","2592000","true","excluded-hidden"
"farm","263","公益围栏","公益套装","3","0","9108","23","18","69","2592000","true","excluded-hidden"
"farm","264","公益狗窝","公益套装","4","0","7856","18","15","55","2592000","true","excluded-hidden"
"farm","265","三亚背景","三亚套装","1","0","25268","55","44","165","2592000","false","deferred-cosmetic"
"farm","266","三亚大屋","三亚套装","2","0","16299","38","30","114","2592000","false","deferred-cosmetic"
"farm","267","三亚围栏","三亚套装","3","0","9108","23","18","69","2592000","false","deferred-cosmetic"
"farm","268","三亚狗窝","三亚套装","4","0","7856","18","15","55","2592000","false","deferred-cosmetic"
"farm","269","绿色背景","农场绿色装扮","1","0","25268","55","44","165","2592000","true","excluded-hidden"
"farm","270","绿色大屋","农场绿色装扮","2","0","16299","38","30","114","2592000","true","excluded-hidden"
"farm","271","绿色围栏","农场绿色装扮","3","0","9108","23","18","69","2592000","true","excluded-hidden"
"farm","272","绿色狗窝","农场绿色装扮","4","0","7856","18","15","55","2592000","true","excluded-hidden"
"farm","273","心相印背景","心心相印套装","1","0","25268","55","44","165","2592000","false","deferred-cosmetic"
"farm","274","心相印大屋","心心相印套装","2","0","16299","38","30","114","2592000","false","deferred-cosmetic"
"farm","275","心相印围栏","心心相印套装","3","0","9108","23","18","69","2592000","false","deferred-cosmetic"
"farm","276","心相印狗窝","心心相印套装","4","0","7856","18","15","55","2592000","false","deferred-cosmetic"
"farm","277","QQ返利背景","QQ返利套装","1","0","1","0","0","0","2678400","true","excluded-hidden"
"farm","278","QQ返利小屋","QQ返利套装","2","0","1","0","0","0","2678400","true","excluded-hidden"
"farm","279","QQ返利围栏","QQ返利套装","3","0","1","0","0","0","2678400","true","excluded-hidden"
"farm","280","QQ返利狗窝","QQ返利套装","4","0","1","0","0","0","2678400","true","excluded-hidden"
"farm","281","方楼酒坊背景","方楼酒坊套装","1","0","25268","55","44","165","2592000","true","excluded-hidden"
"farm","282","方楼酒坊大屋","方楼酒坊套装","2","0","16299","38","30","114","2592000","true","excluded-hidden"
"farm","283","方楼酒坊围栏","方楼酒坊套装","3","0","9108","23","18","69","2592000","true","excluded-hidden"
"farm","284","方楼酒坊狗窝","方楼酒坊套装","4","0","7856","18","15","55","2592000","true","excluded-hidden"
"farm","285","八角别墅背景","八角别墅套装","1","0","25268","55","44","165","2592000","true","excluded-hidden"
"farm","286","八角别墅大屋","八角别墅套装","2","0","16299","38","30","114","2592000","true","excluded-hidden"
"farm","287","八角别墅围栏","八角别墅套装","3","0","9108","23","18","69","2592000","true","excluded-hidden"
"farm","288","八角别墅狗窝","八角别墅套装","4","0","7856","18","15","55","2592000","true","excluded-hidden"
"farm","289","五一假日背景","五一假日套装","1","0","25268","55","44","165","2592000","true","excluded-hidden"
"farm","290","五一假日大屋","五一假日套装","2","0","16299","38","30","114","2592000","true","excluded-hidden"
"farm","291","五一假日围栏","五一假日套装","3","0","9108","23","18","69","2592000","true","excluded-hidden"
"farm","292","五一假日小窝","五一假日套装","4","0","7856","18","15","55","2592000","true","excluded-hidden"
"farm","293","国防背景","国防套装","1","0","25268","55","44","165","2592000","true","excluded-hidden"
"farm","294","国防大楼","国防套装","2","0","16299","38","30","114","2592000","true","excluded-hidden"
"farm","295","国防围墙","国防套装","3","0","9108","23","18","69","2592000","true","excluded-hidden"
"farm","296","国防狗窝","国防套装","4","0","7856","18","15","55","2592000","true","excluded-hidden"
"farm","297","音乐背景","音乐套装","1","0","25268","55","44","165","2592000","true","excluded-hidden"
"farm","298","音乐大楼","音乐套装","2","0","16299","38","30","114","2592000","true","excluded-hidden"
"farm","299","音乐围墙","音乐套装","3","0","9108","23","18","69","2592000","true","excluded-hidden"
"farm","300","音乐狗窝","音乐套装","4","0","7856","18","15","55","2592000","true","excluded-hidden"
"farm","301","qzone五周年背景","五周年套装","1","0","1","0","0","0","2592000","true","excluded-hidden"
"farm","302","缤纷五年","五周年套装","2","0","1","0","0","0","2592000","true","excluded-hidden"
"farm","303","星星栅栏","五周年套装","3","0","1","0","0","0","2592000","true","excluded-hidden"
"farm","304","星蓝狗窝","五周年套装","4","0","1","0","0","0","2592000","true","excluded-hidden"
"farm","305","加工坊背景","加工坊套装","1","0","25268","55","44","165","2592000","true","excluded-hidden"
"farm","306","加工坊城堡","加工坊套装","2","0","16299","38","30","114","2592000","true","excluded-hidden"
"farm","307","加工坊围栏","加工坊套装","3","0","9108","23","18","69","2592000","true","excluded-hidden"
"farm","308","加工坊小窝","加工坊套装","4","0","7856","18","15","55","2592000","true","excluded-hidden"
"farm","309","3366背景","3366套装","1","0","30000","0","0","120","2678400","false","deferred-cosmetic"
"farm","310","3366小屋","3366套装","2","0","18000","0","0","72","2678400","false","deferred-cosmetic"
"farm","311","3366围栏","3366套装","3","0","9000","0","0","36","2678400","false","deferred-cosmetic"
"farm","312","3366狗窝","3366套装","4","0","6000","0","0","24","2678400","false","deferred-cosmetic"
"farm","313","教学楼背景","教学楼套装","1","0","30000","0","0","120","2678400","false","deferred-cosmetic"
"farm","314","教学楼","教学楼套装","2","0","18000","0","0","72","2678400","false","deferred-cosmetic"
"farm","315","教学楼围栏","教学楼套装","3","0","9000","0","0","36","2678400","false","deferred-cosmetic"
"farm","316","教学楼狗屋","教学楼套装","4","0","6000","0","0","24","2678400","false","deferred-cosmetic"
"farm","321","糖果装饰","糖果装饰","1","0","63999","80","64","400","2678400","false","deferred-cosmetic"
"farm","322","糖果木屋","糖果装饰","2","0","55999","70","56","350","2678400","false","deferred-cosmetic"
"farm","323","糖果栅栏","糖果装饰","3","0","47999","60","48","300","2678400","false","deferred-cosmetic"
"farm","324","糖果狗舍","糖果装饰","4","0","39999","50","40","250","2678400","false","deferred-cosmetic"
"farm","325","卡通装饰","卡通装饰","1","0","63999","80","64","400","2678400","false","deferred-cosmetic"
"farm","326","卡通木屋","卡通装饰","2","0","55999","70","56","350","2678400","false","deferred-cosmetic"
"farm","327","卡通栅栏","卡通装饰","3","0","47999","60","48","300","2678400","false","deferred-cosmetic"
"farm","328","卡通狗舍","卡通装饰","4","0","39999","50","40","250","2678400","false","deferred-cosmetic"
"farm","329","冰爽之星装饰","冰爽之星装饰","1","0","63999","80","64","400","2678400","false","deferred-cosmetic"
"farm","330","冰爽之星冰屋","冰爽之星装饰","2","0","55999","70","56","350","2678400","false","deferred-cosmetic"
"farm","331","冰爽之星栅栏","冰爽之星装饰","3","0","47999","60","48","300","2678400","false","deferred-cosmetic"
"farm","332","冰爽之星狗舍","冰爽之星装饰","4","0","39999","50","40","250","2678400","false","deferred-cosmetic"
"farm","333","游戏装饰","游戏套装","1","0","63999","80","64","400","2678400","false","deferred-cosmetic"
"farm","334","游戏凉亭","游戏套装","2","0","55999","70","56","350","2678400","false","deferred-cosmetic"
"farm","335","游戏石栏","游戏套装","3","0","47999","60","48","300","2678400","false","deferred-cosmetic"
"farm","336","游戏坛舍","游戏套装","4","0","39999","50","40","250","2678400","false","deferred-cosmetic"
"farm","337","搜客帝国","soso套装","1","0","63999","80","64","400","2678400","false","deferred-cosmetic"
"farm","338","搜客小屋","soso套装","2","0","55999","70","56","350","2678400","false","deferred-cosmetic"
"farm","339","搜客栅栏","soso套装","3","0","47999","60","48","300","2678400","false","deferred-cosmetic"
"farm","340","搜客狗窝","soso套装","4","0","39999","50","40","250","2678400","false","deferred-cosmetic"
"farm","341","云顶山庄背景","云顶山庄套装","1","0","1","0","0","0","2678400","false","deferred-cosmetic"
"farm","342","云顶小屋","云顶山庄套装","2","0","1","0","0","0","2678400","false","deferred-cosmetic"
"farm","343","云顶栅栏","云顶山庄套装","3","0","1","0","0","0","2678400","false","deferred-cosmetic"
"farm","344","云顶小窝","云顶山庄套装","4","0","1","0","0","0","2678400","false","deferred-cosmetic"
"farm","345","丝路绿洲","丝路英雄套装","1","0","14499","50","40","288","2678400","false","deferred-cosmetic"
"farm","346","丝路城堡","丝路英雄套装","2","0","9999","40","32","200","2678400","false","deferred-cosmetic"
"farm","347","丝路栅栏","丝路英雄套装","3","0","5999","25","20","120","2678400","false","deferred-cosmetic"
"farm","348","丝路小窝","丝路英雄套装","4","0","4999","20","16","96","2678400","false","deferred-cosmetic"
"farm","349","梦想热带海","梦想热带海套装","1","0","99999","120","96","600","2678400","false","deferred-cosmetic"
"farm","350","海滩遮阳棚","海滩遮阳棚","2","0","71999","88","70","440","2678400","false","deferred-cosmetic"
"farm","351","热带海滩栅栏","热带海滩栅栏","3","0","39999","48","40","240","2678400","false","deferred-cosmetic"
"farm","352","夏日娱乐小窝","夏日娱乐小窝","4","0","31999","40","32","200","2678400","false","deferred-cosmetic"
"farm","353","月下精灵","月下精灵套装","1","0","14499","50","40","288","2678400","false","deferred-cosmetic"
"farm","354","夜灯蘑菇房","月下精灵套装","2","0","9999","40","32","200","2678400","false","deferred-cosmetic"
"farm","355","蔓藤栅栏","月下精灵套装","3","0","5999","25","20","120","2678400","false","deferred-cosmetic"
"farm","356","小夜灯蘑菇房","月下精灵套装","4","0","4999","20","16","96","2678400","false","deferred-cosmetic"
"farm","357","招财神猫","招财神猫","1","0","14499","50","40","288","2678400","false","deferred-cosmetic"
"farm","358","积雪木屋","积雪木屋","2","0","9999","40","32","200","2678400","false","deferred-cosmetic"
"farm","359","神木栅栏","神木栅栏","3","0","5999","25","20","120","2678400","false","deferred-cosmetic"
"farm","360","积雪小木屋","积雪小木屋","4","0","4999","20","16","96","2678400","false","deferred-cosmetic"
"farm","361","时光机","时光机","1","0","14499","50","40","288","2678400","false","deferred-cosmetic"
"farm","362","神奇时钟","神奇时钟","2","0","9999","40","32","200","2678400","false","deferred-cosmetic"
"farm","363","时钟拉杆围栏","时钟拉杆围栏","3","0","5999","25","20","120","2678400","false","deferred-cosmetic"
"farm","364","时钟调速器","时钟调速器","4","0","4999","20","16","96","2678400","false","deferred-cosmetic"
"farm","365","宏耀宣言","宏耀宣言","1","0","14499","50","40","288","2678400","false","deferred-cosmetic"
"farm","366","金星窑洞","金星窑洞","2","0","9999","40","32","200","2678400","false","deferred-cosmetic"
"farm","367","红旗飘围栏","红旗飘围栏","3","0","5999","25","20","120","2678400","false","deferred-cosmetic"
"farm","368","宣言雕塑","宣言雕塑","4","0","4999","20","16","96","2678400","false","deferred-cosmetic"
"farm","373","楚河营地","楚河汉界套装","1","0","99999","120","96","600","2678400","false","deferred-cosmetic"
"farm","374","楚汉小屋","楚河汉界套装","2","0","71999","88","70","440","2678400","false","deferred-cosmetic"
"farm","375","楚汉栅栏","楚河汉界套装","3","0","39999","48","40","240","2678400","false","deferred-cosmetic"
"farm","376","楚汉小窝","楚河汉界套装","4","0","31999","40","32","200","2678400","false","deferred-cosmetic"
"farm","377","花好月圆","花好月圆","1","0","99999","120","96","600","2678400","false","deferred-cosmetic"
"farm","378","月下凉亭","月下凉亭","2","0","71999","88","70","440","2678400","false","deferred-cosmetic"
"farm","379","莲花围栏","莲花围栏","3","0","39999","48","40","240","2678400","false","deferred-cosmetic"
"farm","380","凉亭小窝","凉亭小窝","4","0","31999","40","32","200","2678400","false","deferred-cosmetic"
"farm","381","普天同庆","普天同庆","1","0","99999","120","96","600","2678400","false","deferred-cosmetic"
"farm","382","十一金座","十一金座","2","0","71999","88","70","440","2678400","false","deferred-cosmetic"
"farm","383","十一金栏","十一金栏","3","0","39999","48","40","240","2678400","false","deferred-cosmetic"
"farm","384","十一金柱","十一金柱","4","0","31999","40","32","200","2678400","false","deferred-cosmetic"
"farm","385","互联时空","互联时空","1","0","99999","120","96","600","2678400","false","deferred-cosmetic"
"farm","386","科技小站","科技小站","2","0","71999","88","70","440","2678400","false","deferred-cosmetic"
"farm","387","科技围栏","科技围栏","3","0","39999","48","40","240","2678400","false","deferred-cosmetic"
"farm","388","精巧小窝","精巧小窝","4","0","31999","40","32","200","2678400","false","deferred-cosmetic"
"farm","400","新年快乐","新年快乐","1","0","14499","50","40","288","2592000","true","excluded-hidden"
"farm","401","新年小屋","新年快乐","2","0","10099","40","32","200","2592000","true","excluded-hidden"
"farm","402","新年围墙","新年快乐","3","0","5989","25","20","120","2592000","true","excluded-hidden"
"farm","403","新年狗窝","新年快乐","4","0","5899","20","16","96","2592000","true","excluded-hidden"
"farm","404","简单世界","简单世界","1","0","14499","50","40","288","2592000","true","excluded-hidden"
"farm","405","简单小屋","简单世界","2","0","10099","40","32","200","2592000","true","excluded-hidden"
"farm","406","简单围墙","简单世界","3","0","5989","25","20","120","2592000","true","excluded-hidden"
"farm","407","简单狗窝","简单世界","4","0","5899","20","16","96","2592000","true","excluded-hidden"
"farm","408","桃花源记","桃花源记","1","0","14499","50","40","288","2592000","true","excluded-hidden"
"farm","409","桃花小屋","桃花源记","2","0","10099","40","32","200","2592000","true","excluded-hidden"
"farm","410","桃花围墙","桃花源记","3","0","5989","25","20","120","2592000","true","excluded-hidden"
"farm","411","桃花狗窝","桃花源记","4","0","5899","20","16","96","2592000","true","excluded-hidden"
"farm","412","星际地面","天外来客","1","0","14499","50","40","288","2592000","true","excluded-hidden"
"farm","413","天外来客","天外来客","2","0","10099","40","32","200","2592000","true","excluded-hidden"
"farm","414","外星栅栏","天外来客","3","0","5989","25","20","120","2592000","true","excluded-hidden"
"farm","415","蛋壳狗窝","天外来客","4","0","5899","20","16","96","2592000","true","excluded-hidden"
"farm","416","冰天雪地","雪山飞狐","1","0","14499","50","40","288","2592000","true","excluded-hidden"
"farm","417","雪原小屋","雪山飞狐","2","0","10099","40","32","200","2592000","true","excluded-hidden"
"farm","418","木质栅栏","雪山飞狐","3","0","5989","25","20","120","2592000","true","excluded-hidden"
"farm","419","别墅狗窝","雪山飞狐","4","0","5899","20","16","96","2592000","true","excluded-hidden"
"farm","501","春绿背景","春绿套装","1","0","25268","55","44","165","2592000","true","excluded-hidden"
"farm","502","春绿大屋","春绿套装","2","0","16299","38","30","114","2592000","true","excluded-hidden"
"farm","503","春绿围栏","春绿套装","3","0","9108","23","18","69","2592000","true","excluded-hidden"
"farm","504","春绿狗窝","春绿套装","4","0","7856","18","15","55","2592000","true","excluded-hidden"
"farm","505","绿油油背景","绿油油套装","1","0","25268","55","44","165","2592000","true","excluded-hidden"
"farm","506","绿油油大屋","绿油油套装","2","0","16299","38","30","114","2592000","true","excluded-hidden"
"farm","507","绿油油围栏","绿油油套装","3","0","9108","23","18","69","2592000","true","excluded-hidden"
"farm","508","绿油油狗窝","绿油油套装","4","0","7856","18","15","55","2592000","true","excluded-hidden"
"farm","509","海底世界背景","海底世界套装","1","0","25268","55","44","165","2592000","false","deferred-cosmetic"
"farm","510","海底世界大屋","海底世界套装","2","0","16299","38","30","114","2592000","false","deferred-cosmetic"
"farm","511","海底世界围栏","海底世界套装","3","0","9108","23","18","69","2592000","false","deferred-cosmetic"
"farm","512","海底世界狗窝","海底世界套装","4","0","7856","18","15","55","2592000","false","deferred-cosmetic"
"farm","513","丛林背景","丛林套装","1","0","25268","55","44","165","2592000","true","excluded-hidden"
"farm","514","丛林大屋","丛林套装","2","0","16299","38","30","114","2592000","true","excluded-hidden"
"farm","515","丛林围栏","丛林套装","3","0","9108","23","18","69","2592000","true","excluded-hidden"
"farm","516","丛林狗窝","丛林套装","4","0","7856","18","15","55","2592000","true","excluded-hidden"
"farm","517","欢乐游园背景","欢乐游园套装","1","0","25268","55","44","165","2592000","false","deferred-cosmetic"
"farm","518","欢乐城堡","欢乐游园套装","2","0","16299","38","30","114","2592000","false","deferred-cosmetic"
"farm","519","绿色草圃","欢乐游园套装","3","0","9108","23","18","69","2592000","false","deferred-cosmetic"
"farm","520","欢乐小窝","欢乐游园套装","4","0","7856","18","15","55","2592000","false","deferred-cosmetic"
"farm","521","六一节背景","六一节套装","1","0","25268","55","44","165","2592000","true","excluded-hidden"
"farm","522","六一节城堡","六一节套装","2","0","16299","38","30","114","2592000","true","excluded-hidden"
"farm","523","六一节围栏","六一节套装","3","0","9108","23","18","69","2592000","true","excluded-hidden"
"farm","524","六一节小窝","六一节套装","4","0","7856","18","15","55","2592000","true","excluded-hidden"
"farm","525","外星背景","外星套装","1","0","25268","55","44","165","2592000","true","excluded-hidden"
"farm","526","外星城堡","外星套装","2","0","16299","38","30","114","2592000","true","excluded-hidden"
"farm","527","外星围栏","外星套装","3","0","9108","23","18","69","2592000","true","excluded-hidden"
"farm","528","外星小窝","外星套装","4","0","7856","18","15","55","2592000","true","excluded-hidden"
"farm","529","世界杯背景","世界杯套装","1","0","30000","0","0","120","2678400","true","excluded-hidden"
"farm","530","世界杯凉亭","世界杯套装","2","0","18000","0","0","72","2678400","true","excluded-hidden"
"farm","531","世界杯栅栏","世界杯套装","3","0","9000","0","0","36","2678400","true","excluded-hidden"
"farm","532","世界杯小窝","世界杯套装","4","0","6000","0","0","24","2678400","true","excluded-hidden"
"farm","533","龙舟闹端午背景","龙舟闹端午套装","1","0","30000","0","0","120","2678400","false","deferred-cosmetic"
"farm","534","端午凉亭","龙舟闹端午套装","2","0","18000","0","0","72","2678400","false","deferred-cosmetic"
"farm","535","古木栅栏","龙舟闹端午套装","3","0","9000","0","0","36","2678400","false","deferred-cosmetic"
"farm","536","古木小窝","龙舟闹端午套装","4","0","6000","0","0","24","2678400","false","deferred-cosmetic"
"farm","537","青山背景","青山套装","1","0","30000","0","0","120","2678400","true","excluded-hidden"
"farm","538","青山凉亭","青山套装","2","0","18000","0","0","72","2678400","true","excluded-hidden"
"farm","539","青山栅栏","青山套装","3","0","9000","0","0","36","2678400","true","excluded-hidden"
"farm","540","青山小窝","青山套装","4","0","6000","0","0","24","2678400","true","excluded-hidden"
"farm","541","海边背景","海边套装","1","0","30000","0","0","120","2678400","true","excluded-hidden"
"farm","542","海边凉亭","海边套装","2","0","18000","0","0","72","2678400","true","excluded-hidden"
"farm","543","海边栅栏","海边套装","3","0","9000","0","0","36","2678400","true","excluded-hidden"
"farm","544","海边小窝","海边套装","4","0","6000","0","0","24","2678400","true","excluded-hidden"
"farm","545","童话背景","童话套装","1","0","30000","0","0","120","2678400","false","deferred-cosmetic"
"farm","546","童话凉亭","童话套装","2","0","18000","0","0","72","2678400","false","deferred-cosmetic"
"farm","547","童话栅栏","童话套装","3","0","9000","0","0","36","2678400","false","deferred-cosmetic"
"farm","548","童话小窝","童话套装","4","0","6000","0","0","24","2678400","false","deferred-cosmetic"
"farm","549","疯狂足球背景","疯狂足球套装","1","0","60000","0","0","120","2678400","false","deferred-cosmetic"
"farm","550","足球小屋","疯狂足球套装","2","0","46000","0","0","72","2678400","false","deferred-cosmetic"
"farm","551","足球围栏","疯狂足球套装","3","0","30000","0","0","36","2678400","false","deferred-cosmetic"
"farm","552","足球狗屋","疯狂足球套装","4","0","20000","0","0","24","2678400","false","deferred-cosmetic"
"farm","553","沙城风情背景","沙城风情背景套装","1","0","49999","60","48","300","2678400","false","deferred-cosmetic"
"farm","554","沙城小屋","沙城风情背景套装","2","0","35999","44","35","220","2678400","false","deferred-cosmetic"
"farm","555","沙城栅栏","沙城风情背景套装","3","0","19999","24","20","120","2678400","false","deferred-cosmetic"
"farm","556","沙城狗窝","沙城风情背景套装","4","0","15999","20","16","100","2678400","false","deferred-cosmetic"
"farm","557","莲花凉亭背景","莲花凉亭背景套装","1","0","49999","60","48","300","2678400","false","deferred-cosmetic"
"farm","558","凉亭小屋","莲花凉亭背景套装","2","0","35999","44","35","220","2678400","false","deferred-cosmetic"
"farm","559","凉亭栅栏","莲花凉亭背景套装","3","0","19999","24","20","120","2678400","false","deferred-cosmetic"
"farm","560","凉亭狗窝","莲花凉亭背景套装","4","0","15999","20","16","100","2678400","false","deferred-cosmetic"
"farm","561","傣族风情背景","傣族风情套装","1","0","99999","120","96","600","2678400","false","deferred-cosmetic"
"farm","562","傣族竹楼","傣族风情套装","2","0","71999","88","70","440","2678400","false","deferred-cosmetic"
"farm","563","傣族竹栏","傣族风情套装","3","0","39999","48","40","240","2678400","false","deferred-cosmetic"
"farm","564","傣族竹窝","傣族风情套装","4","0","31999","40","32","200","2678400","false","deferred-cosmetic"
"farm","565","剪纸背景","妙趣剪纸套装","1","0","99999","120","96","600","2678400","false","deferred-cosmetic"
"farm","566","剪纸大楼","妙趣剪纸套装","2","0","71999","88","70","440","2678400","false","deferred-cosmetic"
"farm","567","剪纸围栏","妙趣剪纸套装","3","0","39999","48","40","240","2678400","false","deferred-cosmetic"
"farm","568","剪纸狗屋","妙趣剪纸套装","4","0","31999","40","32","200","2678400","false","deferred-cosmetic"
"farm","569","巴黎风情背景","巴黎风情套装","1","0","99999","120","96","600","2678400","false","deferred-cosmetic"
"farm","570","巴黎大楼","巴黎风情套装","2","0","71999","88","70","440","2678400","false","deferred-cosmetic"
"farm","571","巴黎围栏","巴黎风情套装","3","0","39999","48","40","240","2678400","false","deferred-cosmetic"
"farm","572","巴黎狗屋","巴黎风情套装","4","0","31999","40","32","200","2678400","false","deferred-cosmetic"
"farm","573","神秘星球背景","神秘星球套装","1","0","59999","72","58","360","2678400","false","deferred-cosmetic"
"farm","574","星际飞船","神秘星球套装","2","0","43199","53","42","264","2678400","false","deferred-cosmetic"
"farm","575","能量光栅","神秘星球套装","3","0","23999","29","23","144","2678400","false","deferred-cosmetic"
"farm","576","星际狗舍","神秘星球套装","4","0","19199","24","20","120","2678400","false","deferred-cosmetic"
"farm","577","缘份星空背景","缘份星空套装","1","0","49999","60","48","300","2678400","false","deferred-cosmetic"
"farm","578","缘份星空小屋","缘份星空套装","2","0","35999","44","35","220","2678400","false","deferred-cosmetic"
"farm","579","缘份星空围栅","缘份星空套装","3","0","19999","24","20","120","2678400","false","deferred-cosmetic"
"farm","580","缘份星空狗舍","情人院子套装","4","0","15999","20","16","100","2678400","false","deferred-cosmetic"
"farm","581","七夕之恋背景","七夕之恋","1","0","79999","100","80","500","2678400","false","deferred-cosmetic"
"farm","582","七夕琼楼","七夕之恋","2","0","63999","80","64","400","2678400","false","deferred-cosmetic"
"farm","583","七夕石栏","七夕之恋","3","0","55999","70","56","350","2678400","false","deferred-cosmetic"
"farm","584","七夕小窝","七夕之恋","4","0","47999","60","48","300","2678400","false","deferred-cosmetic"
"farm","585","电脑桌子背景","Computer Desk 套装","1","0","49999","60","48","300","2678400","false","deferred-cosmetic"
"farm","586","监视器","Computer Desk 套装","2","0","35999","44","35","220","2678400","false","deferred-cosmetic"
"farm","587","铅笔栅","Computer Desk 套装","3","0","19999","24","20","120","2678400","false","deferred-cosmetic"
"farm","588","打印机狗舍","Computer Desk 套装","4","0","15999","20","16","100","2678400","false","deferred-cosmetic"
"farm","589","非洲原野","非洲风情","1","0","99999","124","99","625","2678400","false","deferred-cosmetic"
"farm","590","原野草屋","非洲风情","2","0","87999","110","88","550","2678400","false","deferred-cosmetic"
"farm","591","原野木栏","非洲风情","3","0","71999","90","72","450","2678400","false","deferred-cosmetic"
"farm","592","原野草窝","非洲风情","4","0","55999","70","56","350","2678400","false","deferred-cosmetic"
"farm","593","印第安人","印第安风情","1","0","99999","124","99","625","2678400","false","deferred-cosmetic"
"farm","594","印第安人屋","印第安风情","2","0","87999","110","88","550","2678400","false","deferred-cosmetic"
"farm","595","印第安木栏","印第安风情","3","0","71999","90","72","450","2678400","false","deferred-cosmetic"
"farm","596","印第安人窝","印第安风情","4","0","55999","70","56","350","2678400","false","deferred-cosmetic"
"farm","597","侏罗纪公园","侏罗纪公园","1","0","99999","124","99","625","2678400","false","deferred-cosmetic"
"farm","598","侏罗纪石屋","侏罗纪公园","2","0","87999","110","88","550","2678400","false","deferred-cosmetic"
"farm","599","侏罗纪木栏","侏罗纪公园","3","0","71999","90","72","450","2678400","false","deferred-cosmetic"
"farm","600","侏罗纪石窝","侏罗纪公园","4","0","55999","70","56","350","2678400","false","deferred-cosmetic"
"farm","601","崖顶风情","崖顶风情","1","0","63999","80","64","400","2678400","false","deferred-cosmetic"
"farm","602","崖顶古楼","崖顶风情","2","0","55999","70","56","350","2678400","false","deferred-cosmetic"
"farm","603","崖顶石栏","崖顶风情","3","0","47999","60","48","300","2678400","false","deferred-cosmetic"
"farm","604","崖顶狗舍","崖顶风情","4","0","39999","50","40","250","2678400","false","deferred-cosmetic"
"farm","605","陕北故乡","陕北故乡","1","0","63999","80","64","400","2678400","false","deferred-cosmetic"
"farm","606","黄土古楼","陕北故乡","2","0","55999","70","56","350","2678400","false","deferred-cosmetic"
"farm","607","黄土石栏","陕北故乡","3","0","47999","60","48","300","2678400","false","deferred-cosmetic"
"farm","608","黄土狗舍","陕北故乡","4","0","39999","50","40","250","2678400","false","deferred-cosmetic"
"farm","609","月球之都","月球之都","1","0","63999","80","64","400","2678400","false","deferred-cosmetic"
"farm","610","月球大楼","月球之都","2","0","55999","70","56","350","2678400","false","deferred-cosmetic"
"farm","611","月球石栏","月球之都","3","0","47999","60","48","300","2678400","false","deferred-cosmetic"
"farm","612","月球狗舍","月球之都","4","0","39999","50","40","250","2678400","false","deferred-cosmetic"
"farm","613","园外风情","园外风情","1","0","63999","80","64","400","2678400","false","deferred-cosmetic"
"farm","614","汽车旅管","园外风情","2","0","55999","70","56","350","2678400","false","deferred-cosmetic"
"farm","615","园外石栏","园外风情","3","0","47999","60","48","300","2678400","false","deferred-cosmetic"
"farm","616","园外狗舍","园外风情","4","0","39999","50","40","250","2678400","false","deferred-cosmetic"
"farm","617","中秋佳节","中秋佳节","1","0","63999","80","64","400","2678400","false","deferred-cosmetic"
"farm","618","中秋古楼","中秋佳节","2","0","55999","70","56","350","2678400","false","deferred-cosmetic"
"farm","619","中秋石栏","中秋佳节","3","0","47999","60","48","300","2678400","false","deferred-cosmetic"
"farm","620","中秋狗舍","中秋佳节","4","0","39999","50","40","250","2678400","false","deferred-cosmetic"
"farm","621","国庆套装","国庆套装","1","0","63999","80","64","400","2678400","false","deferred-cosmetic"
"farm","622","国庆古楼","国庆套装","2","0","55999","70","56","350","2678400","false","deferred-cosmetic"
"farm","623","国庆石栏","国庆套装","3","0","47999","60","48","300","2678400","false","deferred-cosmetic"
"farm","624","国庆狗舍","国庆套装","4","0","39999","50","40","250","2678400","false","deferred-cosmetic"
"farm","625","三尺讲台","三尺讲台","1","0","1","0","0","0","2678400","false","deferred-cosmetic"
"farm","626","粉笔盒屋","三尺讲台","2","0","1","0","0","0","2678400","false","deferred-cosmetic"
"farm","627","粉笔栅栏","三尺讲台","3","0","1","0","0","0","2678400","false","deferred-cosmetic"
"farm","628","粉笔擦窝","三尺讲台","4","0","1","0","0","0","2678400","false","deferred-cosmetic"
"farm","629","水涧莲池","水涧莲池","1","0","82899","85","68","420","2678400","false","deferred-cosmetic"
"farm","630","水涧石屋","水涧莲池","2","0","57599","65","52","320","2678400","false","deferred-cosmetic"
"farm","631","水涧石栏","水涧莲池","3","0","34599","45","36","220","2678400","false","deferred-cosmetic"
"farm","632","水涧石窝","水涧莲池","4","0","27688","30","24","150","2678400","false","deferred-cosmetic"
"farm","633","蒙古风情装饰","蒙古风情套装","1","0","63999","80","64","400","2678400","false","deferred-cosmetic"
"farm","634","蒙古包","蒙古风情套装","2","0","55999","70","56","350","2678400","false","deferred-cosmetic"
"farm","635","蒙古源石栏","蒙古风情套装","3","0","47999","60","48","300","2678400","false","deferred-cosmetic"
"farm","636","蒙古源狗舍","蒙古风情套装","4","0","39999","50","40","250","2678400","false","deferred-cosmetic"
"farm","637","中秋寄情","中秋寄情","1","0","1","0","0","0","2678400","false","deferred-cosmetic"
"farm","638","月夜花舟","中秋寄情","2","0","1","0","0","0","2678400","false","deferred-cosmetic"
"farm","639","月夜星栏","中秋寄情","3","0","1","0","0","0","2678400","false","deferred-cosmetic"
"farm","640","月夜小窝","中秋寄情","4","0","1","0","0","0","2678400","false","deferred-cosmetic"
"farm","641","海滩装饰","海滩装饰","1","0","63999","80","64","400","2678400","false","deferred-cosmetic"
"farm","642","海滩木屋","海滩装饰","2","0","55999","70","56","350","2678400","false","deferred-cosmetic"
"farm","643","海滩栅栏","海滩装饰","3","0","47999","60","48","300","2678400","false","deferred-cosmetic"
"farm","644","海滩狗舍","海滩装饰","4","0","39999","50","40","250","2678400","false","deferred-cosmetic"
"farm","645","天山雪峰装饰","天山雪峰套装","1","0","63999","80","64","400","2678400","false","deferred-cosmetic"
"farm","646","天山雪峰木屋","天山雪峰套装","2","0","55999","70","56","350","2678400","false","deferred-cosmetic"
"farm","647","天山雪峰栅栏","天山雪峰套装","3","0","47999","60","48","300","2678400","false","deferred-cosmetic"
"farm","648","天山雪峰狗舍","天山雪峰套装","4","0","39999","50","40","250","2678400","false","deferred-cosmetic"
"farm","649","黄山装饰","重阳寄情套装","1","0","63999","80","64","400","2678400","false","deferred-cosmetic"
"farm","650","黄山古屋","重阳寄情套装","2","0","55999","70","56","350","2678400","false","deferred-cosmetic"
"farm","651","黄山栅栏","重阳寄情套装","3","0","47999","60","48","300","2678400","false","deferred-cosmetic"
"farm","652","黄山狗舍","重阳寄情套装","4","0","39999","50","40","250","2678400","false","deferred-cosmetic"
"farm","653","雾林仙境装饰","雾林仙境套装","1","0","63999","80","64","400","2678400","false","deferred-cosmetic"
"farm","654","雾林木屋","雾林仙境套装","2","0","55999","70","56","350","2678400","false","deferred-cosmetic"
"farm","655","雾林栅栏","雾林仙境套装","3","0","47999","60","48","300","2678400","false","deferred-cosmetic"
"farm","656","雾林狗舍","雾林仙境套装","4","0","39999","50","40","250","2678400","false","deferred-cosmetic"
"farm","657","鬼夜传说","鬼夜传说套装","1","0","82899","85","68","400","2678400","false","deferred-cosmetic"
"farm","658","鬼夜树屋","鬼夜传说套装","2","0","57599","65","52","350","2678400","false","deferred-cosmetic"
"farm","659","鬼夜铁栏","鬼夜传说套装","3","0","34599","45","36","300","2678400","false","deferred-cosmetic"
"farm","660","鬼夜杰克窝","鬼夜传说套装","4","0","27688","30","24","250","2678400","false","deferred-cosmetic"
"farm","661","万圣节装饰","欢乐万圣节套装","1","7","63999","80","64","400","2678400","false","deferred-cosmetic"
"farm","662","南瓜屋子","欢乐万圣节套装","2","7","55999","70","56","350","2678400","false","deferred-cosmetic"
"farm","663","南瓜栅栏","欢乐万圣节套装","3","7","47999","60","48","300","2678400","false","deferred-cosmetic"
"farm","664","南瓜狗舍","欢乐万圣节套装","4","7","39999","50","40","250","2678400","false","deferred-cosmetic"
"farm","665","南瓜装饰","万圣惊魂夜套装","1","7","63999","80","64","400","2678400","false","deferred-cosmetic"
"farm","666","南瓜凉亭","万圣惊魂夜套装","2","7","55999","70","56","350","2678400","false","deferred-cosmetic"
"farm","667","南瓜石栏","万圣惊魂夜套装","3","7","47999","60","48","300","2678400","false","deferred-cosmetic"
"farm","668","南瓜坛舍","万圣惊魂夜套装","4","7","39999","50","40","250","2678400","false","deferred-cosmetic"
"farm","669","多彩葫芦","多彩葫芦套装","1","0","99999","124","99","625","2678400","false","deferred-cosmetic"
"farm","670","葫芦小屋","多彩葫芦套装","2","0","87999","110","88","550","2678400","false","deferred-cosmetic"
"farm","671","葫芦栅栏","多彩葫芦套装","3","0","71999","90","72","450","2678400","false","deferred-cosmetic"
"farm","672","葫芦狗窝","多彩葫芦套装","4","0","55999","70","56","350","2678400","false","deferred-cosmetic"
"farm","673","玫瑰家园","玫瑰庄园套装","1","0","99999","124","99","625","2678400","false","deferred-cosmetic"
"farm","674","玫瑰小屋","玫瑰庄园套装","2","0","87999","110","88","550","2678400","false","deferred-cosmetic"
"farm","675","玫瑰栅栏","玫瑰庄园套装","3","0","71999","90","72","450","2678400","false","deferred-cosmetic"
"farm","676","玫瑰狗窝","玫瑰庄园套装","4","0","55999","70","56","350","2678400","false","deferred-cosmetic"
"farm","677","异度空间","异度空间套装","1","0","99999","124","99","625","2678400","false","deferred-cosmetic"
"farm","678","异度小屋","异度空间套装","2","0","87999","110","88","550","2678400","false","deferred-cosmetic"
"farm","679","悬梯栅栏","异度空间套装","3","0","71999","90","72","450","2678400","false","deferred-cosmetic"
"farm","680","陀螺狗窝","异度空间套装","4","0","55999","70","56","350","2678400","false","deferred-cosmetic"
"farm","681","异度空间","异度空间套装","1","0","99999","124","99","625","2678400","false","deferred-cosmetic"
"farm","682","异度小屋","异度空间套装","2","0","87999","110","88","550","2678400","false","deferred-cosmetic"
"farm","683","悬梯栅栏","异度空间套装","3","0","71999","90","72","450","2678400","false","deferred-cosmetic"
"farm","684","陀螺狗窝","异度空间套装","4","0","55999","70","56","350","2678400","false","deferred-cosmetic"
"farm","685","神秘玛雅","神秘玛雅套装","1","0","79999","100","80","500","2678400","false","deferred-cosmetic"
"farm","686","丛林帐篷","神秘玛雅套装","2","0","63999","80","64","400","2678400","false","deferred-cosmetic"
"farm","687","丛林木栏","神秘玛雅套装","3","0","55999","70","56","350","2678400","false","deferred-cosmetic"
"farm","688","帐篷狗舍","神秘玛雅套装","4","0","47999","60","48","300","2678400","false","deferred-cosmetic"
"farm","689","积木之城套装","积木之城套装","1","0","79999","100","80","500","2678400","false","deferred-cosmetic"
"farm","690","积木帐篷","积木之城套装","2","0","63999","80","64","400","2678400","false","deferred-cosmetic"
"farm","691","积木木栏","积木之城套装","3","0","55999","70","56","350","2678400","false","deferred-cosmetic"
"farm","692","积木狗舍","积木之城套装","4","0","47999","60","48","300","2678400","false","deferred-cosmetic"
"farm","693","旧工厂","电视之城套装","1","0","79999","100","80","500","2678400","false","deferred-cosmetic"
"farm","694","旧电视机","电视之城套装","2","0","63999","80","64","400","2678400","false","deferred-cosmetic"
"farm","695","旧通气栏","电视之城套装","3","0","55999","70","56","350","2678400","false","deferred-cosmetic"
"farm","696","旧气表狗舍","电视之城套装","4","0","47999","60","48","300","2678400","false","deferred-cosmetic"
"farm","697","极地套装","极地套装","1","0","79999","100","80","500","2678400","false","deferred-cosmetic"
"farm","698","雪地小屋","极地套装","2","0","63999","80","64","400","2678400","false","deferred-cosmetic"
"farm","699","雪地栅栏","极地套装","3","0","55999","70","56","350","2678400","false","deferred-cosmetic"
"farm","700","雪地狗舍","极地套装","4","0","47999","60","48","300","2678400","false","deferred-cosmetic"
"farm","701","布艺之家","布艺之家套装","1","0","82899","85","68","420","2678400","false","deferred-cosmetic"
"farm","702","布艺小屋","布艺之家套装","2","0","57599","65","52","320","2678400","false","deferred-cosmetic"
"farm","703","毛毛线团","布艺之家套装","3","0","34599","45","36","220","2678400","false","deferred-cosmetic"
"farm","704","布艺小窝","布艺之家套装","4","0","27688","30","24","150","2678400","false","deferred-cosmetic"
"farm","705","幽野仙境","幽野仙境","1","0","79999","100","80","500","2678400","false","deferred-cosmetic"
"farm","706","山谷小屋","幽野仙境","2","0","63999","80","64","400","2678400","false","deferred-cosmetic"
"farm","707","山谷栅栏","幽野仙境","3","0","55999","70","56","350","2678400","false","deferred-cosmetic"
"farm","708","山谷狗舍","幽野仙境","4","0","47999","60","48","300","2678400","false","deferred-cosmetic"
"farm","709","QQ12年相伴","QQ12年相伴","1","0","1","0","0","0","2678400","false","deferred-cosmetic"
"farm","710","QQ12年相伴","QQ12年相伴","2","0","1","0","0","0","2678400","false","deferred-cosmetic"
"farm","711","QQ12年相伴","QQ12年相伴","3","0","1","0","0","0","2678400","false","deferred-cosmetic"
"farm","712","QQ12年相伴","QQ12年相伴","4","0","1","0","0","0","2678400","false","deferred-cosmetic"
"farm","713","魔法套装","魔法套装","1","0","79999","100","80","500","2678400","false","deferred-cosmetic"
"farm","714","魔法小屋","魔法套装","2","0","63999","80","64","400","2678400","false","deferred-cosmetic"
"farm","715","魔法栅栏","魔法套装","3","0","55999","70","56","350","2678400","false","deferred-cosmetic"
"farm","716","魔法狗舍","魔法套装","4","0","47999","60","48","300","2678400","false","deferred-cosmetic"
"farm","717","感恩节背景","感恩节套装","1","0","1","0","0","0","2678400","false","deferred-cosmetic"
"farm","718","火鸡小屋","感恩节套装","2","0","1","0","0","0","2678400","false","deferred-cosmetic"
"farm","719","玉米栅栏","感恩节套装","3","0","1","0","0","0","2678400","false","deferred-cosmetic"
"farm","720","奶酪狗窝","感恩节套装","4","0","1","0","0","0","2678400","false","deferred-cosmetic"
"farm","721","时光入口","时光入口套装","1","0","79999","100","80","500","2678400","false","deferred-cosmetic"
"farm","722","时光之镜","时光入口套装","2","0","63999","80","64","400","2678400","false","deferred-cosmetic"
"farm","723","时光围纸","时光入口套装","3","0","55999","70","56","350","2678400","false","deferred-cosmetic"
"farm","724","时光之窝","时光入口套装","4","0","47999","60","48","300","2678400","false","deferred-cosmetic"
"farm","725","吊桥人家","吊桥人家套装","1","0","79999","100","80","500","2678400","false","deferred-cosmetic"
"farm","726","吊桥小屋","吊桥人家套装","2","0","63999","80","64","400","2678400","false","deferred-cosmetic"
"farm","727","吊桥栅栏","吊桥人家套装","3","0","55999","70","56","350","2678400","false","deferred-cosmetic"
"farm","728","吊桥狗窝","吊桥人家套装","4","0","47999","60","48","300","2678400","false","deferred-cosmetic"
"farm","729","温馨圣诞夜","温馨圣诞夜套装","1","0","1","0","0","0","2678400","false","deferred-cosmetic"
"farm","730","雪顶圣诞屋","温馨圣诞夜套装","2","0","1","0","0","0","2678400","false","deferred-cosmetic"
"farm","731","圣诞木栏","温馨圣诞夜套装","3","0","1","0","0","0","2678400","false","deferred-cosmetic"
"farm","732","圣诞狗舍","温馨圣诞夜套装","4","0","1","0","0","0","2678400","false","deferred-cosmetic"
"farm","733","圣诞之夜","圣诞之夜套装","1","0","1","0","0","0","2678400","false","deferred-cosmetic"
"farm","734","雪顶圣诞屋","圣诞之夜套装","2","0","1","0","0","0","2678400","false","deferred-cosmetic"
"farm","735","圣诞木栏","圣诞之夜套装","3","0","1","0","0","0","2678400","false","deferred-cosmetic"
"farm","736","圣诞狗舍","圣诞之夜","4","0","1","0","0","0","2678400","false","deferred-cosmetic"
"farm","737","欢乐圣诞","欢乐圣诞套装","1","0","79999","100","80","500","2678400","false","deferred-cosmetic"
"farm","738","圣诞摇摇屋","欢乐圣诞套装","2","0","63999","80","64","400","2678400","false","deferred-cosmetic"
"farm","739","圣诞花栏","欢乐圣诞套装","3","0","55999","70","56","350","2678400","false","deferred-cosmetic"
"farm","740","飘雪狗舍","欢乐圣诞套装","4","0","47999","60","48","300","2678400","false","deferred-cosmetic"
"farm","741","兔子小镇","兔子小镇套装","1","0","79999","100","80","500","2678400","false","deferred-cosmetic"
"farm","742","橙顶兔屋","兔子小镇套装","2","0","63999","80","64","400","2678400","false","deferred-cosmetic"
"farm","743","胡萝卜栅栏","兔子小镇套装","3","0","55999","70","56","350","2678400","false","deferred-cosmetic"
"farm","744","欢乐犬舍","兔子小镇套装","4","0","47999","60","48","300","2678400","false","deferred-cosmetic"
"farm","745","欢庆元旦","欢庆元旦套装","1","0","1","0","0","0","2678400","false","deferred-cosmetic"
"farm","746","喜乐鼓屋","欢庆元旦套装","2","0","1","0","0","0","2678400","false","deferred-cosmetic"
"farm","747","喜乐绸栏","欢庆元旦套装","3","0","1","0","0","0","2678400","false","deferred-cosmetic"
"farm","748","喜乐鼓窝","欢庆元旦套装","4","0","1","0","0","0","2678400","false","deferred-cosmetic"
"farm","749","元旦夜市背景","元旦夜市套装","1","0","1","0","0","0","2678400","false","deferred-cosmetic"
"farm","750","对联摊位","元旦夜市套装","2","0","1","0","0","0","2678400","false","deferred-cosmetic"
"farm","751","对联围栏","元旦夜市套装","3","0","1","0","0","0","2678400","false","deferred-cosmetic"
"farm","752","夜市狗舍","元旦夜市套装","4","0","1","0","0","0","2678400","false","deferred-cosmetic"
"farm","753","元旦快乐","元旦快乐套装","1","0","1","0","0","0","2678400","false","deferred-cosmetic"
"farm","754","快乐年历","元旦快乐套装","2","0","1","0","0","0","2678400","false","deferred-cosmetic"
"farm","755","窗台绿栏","元旦快乐套装","3","0","1","0","0","0","2678400","false","deferred-cosmetic"
"farm","756","兔形狗舍","元旦快乐套装","4","0","1","0","0","0","2678400","false","deferred-cosmetic"
"farm","757","青春的回忆","青春的回忆套装","1","0","79999","100","80","500","2678400","false","deferred-cosmetic"
"farm","758","积木城堡","青春的回忆套装","2","0","63999","80","64","400","2678400","false","deferred-cosmetic"
"farm","759","弹珠围栏","青春的回忆套装","3","0","55999","70","56","350","2678400","false","deferred-cosmetic"
"farm","760","魔方狗舍","青春的回忆套装","4","0","47999","60","48","300","2678400","false","deferred-cosmetic"
"farm","761","冬日雪夜","冬日雪夜套装","1","0","99999","120","96","600","2678400","false","deferred-cosmetic"
"farm","762","雪夜暖屋","冬日雪夜套装","2","0","71999","88","70","440","2678400","false","deferred-cosmetic"
"farm","763","雪夜栅栏","冬日雪夜套装","3","0","39999","48","40","240","2678400","false","deferred-cosmetic"
"farm","764","雪夜暖屋","冬日雪夜套装","4","0","31999","40","32","200","2678400","false","deferred-cosmetic"
"farm","765","年夜饭背景","年夜饭套装","1","0","99999","120","96","600","2678400","false","deferred-cosmetic"
"farm","766","年夜饭桌","年夜饭套装","2","0","71999","88","70","440","2678400","false","deferred-cosmetic"
"farm","767","新年福毯","年夜饭套装","3","0","39999","48","40","240","2678400","false","deferred-cosmetic"
"farm","768","虎娃玩偶","年夜饭套装","4","0","31999","40","32","200","2678400","false","deferred-cosmetic"
"farm","769","白雪皑皑","白雪皑皑套状","1","0","99999","120","96","600","2678400","false","deferred-cosmetic"
"farm","770","雪日素屋","白雪皑皑套状","2","0","71999","88","70","440","2678400","false","deferred-cosmetic"
"farm","771","素屋栅栏","白雪皑皑套状","3","0","39999","48","40","240","2678400","false","deferred-cosmetic"
"farm","772","雪日素窝","白雪皑皑套状","4","0","31999","40","32","200","2678400","false","deferred-cosmetic"
"farm","773","爱琴海之恋","爱琴海之恋套装","1","0","99999","120","96","600","2678400","false","deferred-cosmetic"
"farm","774","情侣餐桌","爱琴海之恋套装","2","0","71999","88","70","440","2678400","false","deferred-cosmetic"
"farm","775","爱琴海花栏","爱琴海之恋套装","3","0","39999","48","40","240","2678400","false","deferred-cosmetic"
"farm","776","浪漫推车","爱琴海之恋套装","4","0","31999","40","32","200","2678400","false","deferred-cosmetic"
"farm","777","喜庆迎春","喜庆迎春套装","1","0","99999","120","96","600","2678400","false","deferred-cosmetic"
"farm","778","喜庆房舍","喜庆迎春套装","2","0","71999","88","70","440","2678400","false","deferred-cosmetic"
"farm","779","喜庆栅栏","喜庆迎春套装","3","0","39999","48","40","240","2678400","false","deferred-cosmetic"
"farm","780","喜庆狗舍","喜庆迎春套装","4","0","31999","40","32","200","2678400","false","deferred-cosmetic"
"farm","781","甜蜜餐桌","甜蜜蜜套装","1","0","99999","120","96","600","2678400","false","deferred-cosmetic"
"farm","782","甜蜜巧克力","甜蜜蜜套装","2","0","71999","88","70","440","2678400","false","deferred-cosmetic"
"farm","783","甜蜜玫瑰","甜蜜蜜套装","3","0","39999","48","40","240","2678400","false","deferred-cosmetic"
"farm","784","甜蜜饼舍","甜蜜蜜套装","4","0","31999","40","32","200","2678400","false","deferred-cosmetic"
"farm","785","婚礼的祝福","婚礼的祝福套装","1","0","1","0","0","0","2678400","false","deferred-cosmetic"
"farm","786","婚礼教堂","婚礼的祝福套装","2","0","1","0","0","0","2678400","false","deferred-cosmetic"
"farm","787","礼花围栏","婚礼的祝福套装","3","0","1","0","0","0","2678400","false","deferred-cosmetic"
"farm","788","婚礼狗舍","婚礼的祝福套装","4","0","1","0","0","0","2678400","false","deferred-cosmetic"
"farm","789","欢乐元宵","欢乐元宵套装","1","0","1","0","0","0","2678400","false","deferred-cosmetic"
"farm","790","元宵花灯","欢乐元宵套装","2","0","1","0","0","0","2678400","false","deferred-cosmetic"
"farm","791","元宵栅栏","欢乐元宵套装","3","0","1","0","0","0","2678400","false","deferred-cosmetic"
"farm","792","花灯狗舍","欢乐元宵套装","4","0","1","0","0","0","2678400","false","deferred-cosmetic"
"farm","793","爱的梳妆","爱的梳妆套装","1","0","1","0","0","0","2678400","false","deferred-cosmetic"
"farm","794","动人音乐盒","爱的梳妆套装","2","0","1","0","0","0","2678400","false","deferred-cosmetic"
"farm","795","迷人珍珠链","爱的梳妆套装","3","0","1","0","0","0","2678400","false","deferred-cosmetic"
"farm","796","魅惑香水","爱的梳妆套装","4","0","1","0","0","0","2678400","false","deferred-cosmetic"
"farm","797","飞车时空背景","QQ飞车套装","1","0","14499","50","40","288","2678400","false","deferred-cosmetic"
"farm","798","飞车巴士","QQ飞车套装","2","0","9999","40","32","200","2678400","false","deferred-cosmetic"
"farm","799","飞车围栏","QQ飞车套装","3","0","5999","25","20","120","2678400","false","deferred-cosmetic"
"farm","800","飞车狗窝","QQ飞车套装","4","0","4999","20","16","96","2678400","false","deferred-cosmetic"
"farm","801","绿色家园","绿色家园套装","1","0","1","0","0","0","2678400","false","deferred-cosmetic"
"farm","802","绿色树屋","绿色家园套装","2","0","1","0","0","0","2678400","false","deferred-cosmetic"
"farm","803","绿色栅栏","绿色家园套装","3","0","1","0","0","0","2678400","false","deferred-cosmetic"
"farm","804","树桩狗舍","绿色家园套装","4","0","1","0","0","0","2678400","false","deferred-cosmetic"
"farm","805","火车之家","火车之家套装","1","0","14499","50","40","288","2678400","false","deferred-cosmetic"
"farm","806","老式火车头","火车之家套装","2","0","9999","40","32","200","2678400","false","deferred-cosmetic"
"farm","807","火车栅栏","火车之家套装","3","0","5999","25","20","120","2678400","false","deferred-cosmetic"
"farm","808","车厢狗窝","火车之家套装","4","0","4999","20","16","96","2678400","false","deferred-cosmetic"
"farm","809","海底晶矿","海底晶矿套装","1","0","14499","50","40","288","2678400","false","deferred-cosmetic"
"farm","810","晶矿小屋","海底晶矿套装","2","0","9999","40","32","200","2678400","false","deferred-cosmetic"
"farm","811","晶矿栅栏","海底晶矿套装","3","0","5999","25","20","120","2678400","false","deferred-cosmetic"
"farm","812","晶矿小窝","海底晶矿套装","4","0","4999","20","16","96","2678400","false","deferred-cosmetic"
"farm","813","愚人节快乐","愚人节快乐套装","1","0","59999","72","58","360","2678400","false","deferred-cosmetic"
"farm","814","愚人小丑盒","愚人节快乐套装","2","0","43199","53","42","264","2678400","false","deferred-cosmetic"
"farm","815","彩球栅栏","愚人节快乐套装","3","0","23999","29","23","144","2678400","false","deferred-cosmetic"
"farm","816","愚人娃娃窝","愚人节快乐套装","4","0","19199","24","20","120","2678400","false","deferred-cosmetic"
"farm","817","马戏团之家","马戏团之家套装","1","0","59999","72","58","360","2678400","false","deferred-cosmetic"
"farm","818","小丑马戏房","马戏团之家套装","2","0","43199","53","42","264","2678400","false","deferred-cosmetic"
"farm","819","棒棒糖栅栏","马戏团之家套装","3","0","23999","29","23","144","2678400","false","deferred-cosmetic"
"farm","820","马戏小窝","马戏团之家套装","4","0","19199","24","20","120","2678400","false","deferred-cosmetic"
"farm","821","空岛民居","空岛民居套装","1","0","99999","120","96","600","2678400","false","deferred-cosmetic"
"farm","822","民居小房","空岛民居套装","2","0","71999","88","70","440","2678400","false","deferred-cosmetic"
"farm","823","民居栅栏","空岛民居套装","3","0","39999","48","40","240","2678400","false","deferred-cosmetic"
"farm","824","民居狗窝","空岛民居套装","4","0","31999","40","32","200","2678400","false","deferred-cosmetic"
"farm","825","荷花岛","荷花岛套装","1","0","99999","120","96","600","2678400","false","deferred-cosmetic"
"farm","826","荷花岛居","荷花岛套装","2","0","71999","88","70","440","2678400","false","deferred-cosmetic"
"farm","827","岛居栅栏","荷花岛套装","3","0","39999","48","40","240","2678400","false","deferred-cosmetic"
"farm","828","荷花岛窝","荷花岛套装","4","0","31999","40","32","200","2678400","false","deferred-cosmetic"
"farm","829","沙漠绿洲","沙漠绿洲套装","1","0","59999","72","58","360","2678400","false","deferred-cosmetic"
"farm","830","绿洲驿站","沙漠绿洲套装","2","0","43199","53","42","264","2678400","false","deferred-cosmetic"
"farm","831","驿站栅栏","沙漠绿洲套装","3","0","23999","29","23","144","2678400","false","deferred-cosmetic"
"farm","832","驿站小窝","沙漠绿洲套装","4","0","19199","24","20","120","2678400","false","deferred-cosmetic"
"farm","833","农场两周年背景","农场两周年套装","1","0","59999","72","58","360","2678400","false","deferred-cosmetic"
"farm","834","菜园子小屋","农场两周年套装","2","0","43199","53","42","264","2678400","false","deferred-cosmetic"
"farm","835","木纹栅栏","农场两周年套装","3","0","23999","29","23","144","2678400","false","deferred-cosmetic"
"farm","836","谷仓狗窝","农场两周年套装","4","0","19199","24","20","120","2678400","false","deferred-cosmetic"
"farm","837","生日快乐","生日快乐套装","1","0","59999","72","58","360","2678400","false","deferred-cosmetic"
"farm","838","蛋糕小屋","生日快乐套装","2","0","43199","53","42","264","2678400","false","deferred-cosmetic"
"farm","839","彩纸栅栏","生日快乐套装","3","0","23999","29","23","144","2678400","false","deferred-cosmetic"
"farm","840","彩盒小窝","生日快乐套装","4","0","19199","24","20","120","2678400","false","deferred-cosmetic"
"farm","841","秘密花园","秘密花园套装","1","0","79999","100","80","500","2678400","false","deferred-cosmetic"
"farm","842","紫瓦小屋","秘密花园套装","2","0","63999","80","64","400","2678400","false","deferred-cosmetic"
"farm","843","粉桩栅栏","秘密花园套装","3","0","55999","70","56","350","2678400","false","deferred-cosmetic"
"farm","844","紫瓦小窝","秘密花园套装","4","0","47999","60","48","300","2678400","false","deferred-cosmetic"
"farm","845","阿拉伯传说","阿拉伯传说套装","1","0","82899","85","68","420","2678400","false","deferred-cosmetic"
"farm","846","飞空神毯","阿拉伯传说套装","2","0","57599","65","52","320","2678400","false","deferred-cosmetic"
"farm","847","浮空灯栏","阿拉伯传说套装","3","0","34599","45","36","220","2678400","false","deferred-cosmetic"
"farm","848","阿拉丁神灯","阿拉伯传说套装","4","0","27688","30","24","150","2678400","false","deferred-cosmetic"
"farm","849","蘑菇森林","蘑菇森林套装","1","0","82899","85","68","420","2678400","false","deferred-cosmetic"
"farm","850","红顶菇房","蘑菇森林套装","2","0","57599","65","52","320","2678400","false","deferred-cosmetic"
"farm","851","白菇围栏","蘑菇森林套装","3","0","34599","45","36","220","2678400","false","deferred-cosmetic"
"farm","852","红顶菇窝","蘑菇森林套装","4","0","27688","30","24","150","2678400","false","deferred-cosmetic"
"farm","853","深圳大运会背景","深圳大运会套装","1","0","59999","72","58","360","2678400","false","deferred-cosmetic"
"farm","854","深圳大运会场馆","深圳大运会套装","2","0","43199","53","42","264","2678400","false","deferred-cosmetic"
"farm","855","深圳大运会火炬","深圳大运会套装","3","0","23999","29","23","144","2678400","false","deferred-cosmetic"
"farm","856","深圳大运中转站","深圳大运会套装","4","0","19199","24","20","120","2678400","false","deferred-cosmetic"
"farm","857","温暖蜗居","温暖蜗居套装","1","0","99999","120","96","600","2678400","false","deferred-cosmetic"
"farm","858","蜗牛壳房子","温暖蜗居套装","2","0","71999","88","70","440","2678400","false","deferred-cosmetic"
"farm","859","小碎石围栏","温暖蜗居套装","3","0","39999","48","40","240","2678400","false","deferred-cosmetic"
"farm","860","小绿叶狗屋","温暖蜗居套装","4","0","31999","40","32","200","2678400","false","deferred-cosmetic"
"farm","861","竹屋映画","竹屋映画套装","1","0","99999","124","99","600","2678400","false","deferred-cosmetic"
"farm","862","熊猫竹屋","竹屋映画套装","2","0","87999","110","88","440","2678400","false","deferred-cosmetic"
"farm","863","竹筒栅栏","竹屋映画套装","3","0","71999","90","72","240","2678400","false","deferred-cosmetic"
"farm","864","竹筒狗屋","竹屋映画套装","4","0","55999","70","56","200","2678400","false","deferred-cosmetic"
"farm","865","活力UU","活力UU套装","1","0","99999","120","96","600","2678400","false","deferred-cosmetic"
"farm","866","大运会颁奖台","大运会颁奖台","2","0","71999","88","70","440","2678400","false","deferred-cosmetic"
"farm","867","UU栅栏","UU栅栏","3","0","39999","48","40","240","2678400","false","deferred-cosmetic"
"farm","868","活力火炬","活力火炬","4","0","31999","40","32","200","2678400","false","deferred-cosmetic"
"farm","869","仙境城堡","仙境城堡","1","0","99999","120","96","600","2678400","false","deferred-cosmetic"
"farm","870","彩瓦城堡","彩瓦城堡","2","0","71999","88","70","440","2678400","false","deferred-cosmetic"
"farm","871","多彩铁栏","多彩铁栏","3","0","39999","48","40","240","2678400","false","deferred-cosmetic"
"farm","872","红瓦骨头窝","红瓦骨头窝","4","0","31999","40","32","200","2678400","false","deferred-cosmetic"
"farm","873","星空云雾","星空云雾","1","0","99999","120","96","600","2678400","false","deferred-cosmetic"
"farm","874","红锦喜鹊桥","红锦喜鹊桥","2","0","71999","88","70","440","2678400","false","deferred-cosmetic"
"farm","875","红锦连绵","红锦连绵","3","0","39999","48","40","240","2678400","false","deferred-cosmetic"
"farm","876","荷花灯座","荷花灯座","4","0","31999","40","32","200","2678400","false","deferred-cosmetic"
"farm","877","中秋赏花","中秋赏花","1","0","79999","100","80","500","2678400","false","deferred-cosmetic"
"farm","878","月饼礼盒","月饼礼盒","2","0","63999","80","64","400","2678400","false","deferred-cosmetic"
"farm","879","礼珠围栏","礼珠围栏","3","0","55999","70","56","350","2678400","false","deferred-cosmetic"
"farm","880","月兔花灯","月兔花灯","4","0","47999","60","48","300","2678400","false","deferred-cosmetic"
"farm","881","举国欢庆","举国欢庆","1","0","79999","100","80","500","2678400","false","deferred-cosmetic"
"farm","882","欢腾座雕","欢腾座雕","2","0","63999","80","64","400","2678400","false","deferred-cosmetic"
"farm","883","欢腾彩绸","欢腾彩绸","3","0","55999","70","56","350","2678400","false","deferred-cosmetic"
"farm","884","欢腾红鼓","欢腾红鼓","4","0","47999","60","48","300","2678400","false","deferred-cosmetic"
"farm","885","万圣城堡夜","万圣城堡夜","1","0","59999","72","58","360","2678400","false","deferred-cosmetic"
"farm","886","万圣城堡","万圣城堡","2","0","43199","53","42","264","2678400","false","deferred-cosmetic"
"farm","887","城堡小栏","城堡小栏","3","0","23999","29","23","144","2678400","false","deferred-cosmetic"
"farm","888","南瓜小舍","南瓜小舍","4","0","19199","24","20","120","2678400","false","deferred-cosmetic"
"farm","889","棋盘农场","棋盘农场","1","0","59999","72","58","360","2678400","false","deferred-cosmetic"
"farm","890","茶壶房子","茶壶房子","2","0","43199","53","42","264","2678400","false","deferred-cosmetic"
"farm","891","纸扇栅栏","纸扇栅栏","3","0","23999","29","23","144","2678400","false","deferred-cosmetic"
"farm","892","茶杯小舍","茶杯小舍","4","0","19199","24","20","120","2678400","false","deferred-cosmetic"
"farm","900","时间科技\t","时间科技\t","1","0","0","90","72","720","2678400","false","excluded-monetization"
"farm","901","时光小屋","时光小屋","2","0","0","75","60","500","2678400","false","excluded-monetization"
"farm","902","科技栅栏","科技栅栏","3","0","0","35","28","300","2678400","false","excluded-monetization"
"farm","903","科技小窝","科技小窝","4","0","0","25","20","240","2678400","false","excluded-monetization"
"farm","904","桃园三结义","桃园三结义","1","0","0","100","80","800","2678400","false","excluded-monetization"
"farm","905","桃园结义台","桃园结义台","2","0","0","83","66","660","2678400","false","excluded-monetization"
"farm","906","桃园栅栏","桃园栅栏","3","0","0","38","30","300","2678400","false","excluded-monetization"
"farm","907","结义酒坛","结义酒坛","4","0","0","28","22","220","2678400","false","excluded-monetization"
"farm","908","招财猫","招财猫","1","0","0","90","72","720","2678400","false","excluded-monetization"
"farm","909","招财小屋","招财小屋","2","0","0","75","60","600","2678400","false","excluded-monetization"
"farm","910","护财栅栏","护财栅栏","3","0","0","35","28","300","2678400","false","excluded-monetization"
"farm","911","守财狗窝","守财狗窝","4","0","0","25","20","240","2678400","false","excluded-monetization"
"farm","912","神秘森林","神秘森林","1","0","99999","124","99","625","2678400","false","deferred-cosmetic"
"farm","913","神秘树屋","神秘树屋","2","0","87999","110","88","550","2678400","false","deferred-cosmetic"
"farm","914","神秘栅栏","神秘栅栏","3","0","71999","90","72","450","2678400","false","deferred-cosmetic"
"farm","915","神秘小窝","神秘小窝","4","0","55999","70","56","350","2678400","false","deferred-cosmetic"
"farm","916","圣诞工厂","圣诞工厂","1","0","0","90","72","720","2678400","false","excluded-monetization"
"farm","917","礼物小屋","礼物小屋","2","0","0","75","60","600","2678400","false","excluded-monetization"
"farm","918","圣诞小栅栏","圣诞小栅栏","3","0","0","35","28","300","2678400","false","excluded-monetization"
"farm","919","礼物盒狗舍","礼物盒狗舍","4","0","0","25","20","240","2678400","false","excluded-monetization"
"farm","920","新年快乐","新年快乐","1","0","0","90","72","720","2678400","false","excluded-monetization"
"farm","921","玉龙客栈","玉龙客栈","2","0","0","75","60","600","2678400","false","excluded-monetization"
"farm","922","雕刻栅栏","雕刻栅栏","3","0","0","35","28","300","2678400","false","excluded-monetization"
"farm","923","红鼓狗窝","红鼓狗窝","4","0","0","25","20","240","2678400","false","excluded-monetization"
"farm","924","瑞雪迎春","瑞雪迎春","1","0","0","90","72","720","2678400","false","excluded-monetization"
"farm","925","雪人屋","雪人屋","2","0","0","75","60","600","2678400","false","excluded-monetization"
"farm","926","迎春栅栏","迎春栅栏","3","0","0","35","28","300","2678400","false","excluded-monetization"
"farm","927","爆竹小窝","爆竹小窝","4","0","0","25","20","240","2678400","false","excluded-monetization"
"farm","928","云海深处","云海深处","1","0","0","90","72","720","2678400","false","excluded-monetization"
"farm","929","宫廷小楼","宫廷小楼","2","0","0","75","60","600","2678400","false","excluded-monetization"
"farm","930","宫廷栅栏","宫廷栅栏","3","0","0","35","28","300","2678400","false","excluded-monetization"
"farm","931","宫廷小窝","宫廷小窝","4","0","0","25","20","240","2678400","false","excluded-monetization"
"pasture","106","西部春色","西部春色","101","0","108000","36","29","180","2678400","false","deferred-cosmetic"
"pasture","107","璀璨夜空","璀璨夜空","101","0","158000","53","42","263","2678400","false","deferred-cosmetic"
"pasture","108","欢乐游园","欢乐游园","101","0","88000","29","23","146","2678400","false","deferred-cosmetic"
"pasture","109","qzone五周年套装","qzone五周年套装","101","0","1","0","0","0","2678400","false","deferred-cosmetic"
"pasture","110","龙舟闹端午","龙舟闹端午","101","0","60000","20","16","100","2678400","false","deferred-cosmetic"
"pasture","111","狂热足球场","狂热足球场","101","0","1","0","0","0","2678400","false","deferred-cosmetic"
"pasture","112","农牧乐园","农牧乐园","101","0","1","0","0","0","2678400","false","deferred-cosmetic"
"pasture","113","海底世界","海底世界","101","0","80000","30","24","150","2678400","false","deferred-cosmetic"
"pasture","114","天空之城","天空之城","101","0","100000","33","27","166","2678400","false","deferred-cosmetic"
"pasture","115","清馨莲花池","清馨莲花池","101","0","110000","37","29","183","2678400","false","deferred-cosmetic"
"pasture","116","QQ校友","QQ校友","101","0","100000","20","16","166","2678400","false","deferred-cosmetic"
"pasture","118","森林故事","森林故事","101","0","110000","22","17","183","2678400","false","deferred-cosmetic"
"pasture","119","章鱼的传说","章鱼的传说","101","0","300000","100","80","500","2678400","false","deferred-cosmetic"
"pasture","120","上海世博会","上海世博会","101","0","1","0","0","0","2678400","false","deferred-cosmetic"
"pasture","121","校友会","校友会","101","0","300000","60","48","288","2678400","false","deferred-cosmetic"
"pasture","122","树屋之灵","树屋之灵","101","0","200000","67","53","333","2678400","false","deferred-cosmetic"
"pasture","123","七夕之恋","七夕之恋","101","0","250000","83","67","416","2678400","false","deferred-cosmetic"
"pasture","124","缘分星空","缘分星空","101","0","300000","60","48","288","2678400","true","excluded-hidden"
"pasture","125","宇宙之航","宇宙之航","101","0","220000","73","59","366","2678400","false","deferred-cosmetic"
"pasture","126","陕北故乡","陕北故乡","101","0","230000","75","60","380","2678400","false","deferred-cosmetic"
"pasture","127","南天门","南天门","101","0","300000","60","48","288","2678400","false","deferred-cosmetic"
"pasture","128","侏罗纪时代","侏罗纪时代","101","0","310000","105","84","520","2678400","false","deferred-cosmetic"
"pasture","129","悠情海岛","悠情海岛","101","0","220000","73","59","366","2678400","false","deferred-cosmetic"
"pasture","130","中秋佳节","中秋佳节","101","0","310000","105","84","520","2678400","false","deferred-cosmetic"
"pasture","131","冰封雪原","冰封雪原","101","0","310000","105","84","520","2678400","false","deferred-cosmetic"
"pasture","132","千古明月","千古明月","101","0","300000","100","80","500","2678400","false","deferred-cosmetic"
"pasture","133","10.1国庆","10.1国庆","101","0","310000","105","84","520","2678400","false","deferred-cosmetic"
"pasture","134","英特尔智能城市","英特尔智能城市","101","0","1","0","0","0","2678400","false","deferred-cosmetic"
"pasture","135","万圣节","万圣节","101","0","1","0","0","0","2678400","false","deferred-cosmetic"
"pasture","136","重阳亭","重阳亭","101","0","320000","111","89","610","2678400","false","deferred-cosmetic"
"pasture","137","田园修仙","田园修仙","101","0","320000","111","89","610","2678400","false","deferred-cosmetic"
"pasture","138","积木游园","积木游园","101","0","320000","111","89","610","2678400","false","deferred-cosmetic"
"pasture","139","魔域城堡","魔域城堡","101","0","320000","111","89","610","2678400","false","deferred-cosmetic"
"pasture","140","维族葡萄园","维族葡萄园","101","0","320000","111","89","610","2678400","false","deferred-cosmetic"
"pasture","141","红枫落叶","红枫落叶","101","0","300000","100","80","500","2678400","false","deferred-cosmetic"
"pasture","142","惊悚古堡小镇","惊悚古堡小镇","101","0","300000","100","80","500","2678400","false","deferred-cosmetic"
"pasture","143","尼亚加拉之畔","尼亚加拉之畔","101","0","300000","100","80","500","2678400","false","deferred-cosmetic"
"pasture","144","天国的阶梯","天国的阶梯","101","0","250000","83","67","416","2678400","false","deferred-cosmetic"
"pasture","145","QQ12年相伴","QQ12年相伴","101","0","1","0","0","0","2678400","false","deferred-cosmetic"
"pasture","146","山谷丛林","山谷丛林","101","0","250000","83","67","416","2678400","false","deferred-cosmetic"
"pasture","147","都市晨雾","晨雾的交通牧场","101","0","150000","50","40","250","2678400","false","deferred-cosmetic"
"pasture","148","神秘之岛","神秘之岛","101","0","150000","50","40","250","2678400","false","deferred-cosmetic"
"pasture","149","金色时光","金色时光","101","0","150000","50","40","250","2678400","false","deferred-cosmetic"
"pasture","150","元旦之夜","元旦之夜","101","0","200000","67","53","333","2678400","false","deferred-cosmetic"
"pasture","151","圣诞之夜","圣诞之夜","101","0","200000","67","53","333","2678400","false","deferred-cosmetic"
"pasture","152","温馨圣诞","温馨圣诞","101","0","200000","67","53","333","2678400","false","deferred-cosmetic"
"pasture","153","沙中牧场","沙中牧场","101","0","200000","67","53","333","2678400","false","deferred-cosmetic"
"pasture","154","温暖圣诞夜","温暖圣诞夜","101","0","200000","67","53","333","2678400","false","deferred-cosmetic"
"pasture","155","欢度元旦","欢度元旦","101","0","200000","67","53","333","2678400","false","deferred-cosmetic"
"pasture","156","欢庆元旦","欢庆元旦","101","0","1","0","0","0","2678400","false","deferred-cosmetic"
"pasture","157","欢度春节","欢度春节","101","0","200000","67","53","333","2678400","true","excluded-hidden"
"pasture","158","家庭影院","250000","101","0","250000","83","67","600","2678400","false","deferred-cosmetic"
"pasture","159","黄土草原","250000","101","0","250000","83","67","600","2678400","false","deferred-cosmetic"
"pasture","160","印第安家园","250000","101","0","250000","83","67","600","2678400","false","deferred-cosmetic"
"pasture","161","森林树桩小世界","森林树桩小世界","101","0","300000","100","80","500","2678400","false","deferred-cosmetic"
"pasture","162","SWWEET PASTURE","SWWEET PASTURE","101","0","300000","100","80","500","2678400","false","deferred-cosmetic"
"pasture","163","明月菏泽","明月菏泽","101","0","300000","100","80","500","2678400","false","deferred-cosmetic"
"pasture","164","爱心草原","爱心草原","101","0","300000","100","80","500","2678400","false","deferred-cosmetic"
"pasture","165","恭喜发财","恭喜发财","101","0","300000","100","80","500","2678400","false","deferred-cosmetic"
"pasture","166","丰收年景","丰收年景","101","0","300000","100","80","500","2678400","false","deferred-cosmetic"
"pasture","167","包子世界","包子世界","101","0","300000","100","80","500","2678400","false","deferred-cosmetic"
"pasture","168","魔法实验","魔法实验室","101","0","280000","86","68","450","2678400","false","deferred-cosmetic"
"pasture","169","浪漫花园城堡","浪漫花园城堡","101","0","280000","86","68","450","2678400","false","deferred-cosmetic"
"pasture","170","情人晚餐","情人晚餐","101","0","310000","105","84","520","2678400","false","deferred-cosmetic"
"pasture","171","甜蜜蜜","甜蜜蜜","101","0","310000","105","84","520","2678400","false","deferred-cosmetic"
"pasture","172","银装素裹","银装素裹","101","0","310000","105","84","520","2678400","false","deferred-cosmetic"
"pasture","173","欢喜闹元宵","欢喜闹元宵","101","0","1","0","0","0","2678400","false","deferred-cosmetic"
"pasture","174","山野小筑","山野小筑","101","0","330000","115","92","560","2678400","false","deferred-cosmetic"
"pasture","175","乐游鱼","乐游鱼","101","0","310000","105","84","520","2678400","false","deferred-cosmetic"
"pasture","176","添新绿牧","添新绿牧","101","0","1","0","0","0","2678400","false","deferred-cosmetic"
"pasture","177","机械牧工厂","机械牧工厂","101","0","330000","115","92","600","2678400","false","deferred-cosmetic"
"pasture","178","宁静小镇","宁静小巷","101","0","320000","110","88","540","2678400","false","deferred-cosmetic"
"pasture","179","阳光马戏团","阳光马戏团","101","0","250000","83","67","416","2678400","false","deferred-cosmetic"
"pasture","180","整蛊专家","整蛊专家","101","0","320000","110","88","540","2678400","false","deferred-cosmetic"
"pasture","181","清明时节","清明时节","101","0","250000","83","67","416","2678400","false","deferred-cosmetic"
"pasture","182","探险之家","探险之家","101","0","310000","105","84","520","2678400","false","deferred-cosmetic"
"pasture","183","沙漠绿洲","沙漠绿洲","101","0","250000","83","67","520","2678400","false","deferred-cosmetic"
"pasture","184","文房四宝","文房四宝","101","0","280000","86","68","450","2678400","false","deferred-cosmetic"
"pasture","185","董衣草牧原","董衣草牧原","101","0","320000","110","88","540","2678400","false","deferred-cosmetic"
"pasture","186","186绿洲","186绿洲","101","0","250000","83","67","520","2678400","false","deferred-cosmetic"
"pasture","187","海底火山","海底火山","101","0","310000","105","84","520","2678400","false","deferred-cosmetic"
"pasture","188","梦幻西湖","梦幻西湖","101","0","330000","115","92","560","2678400","false","deferred-cosmetic"
"pasture","189","温馨房童","温馨房童","101","0","280000","86","68","450","2678400","false","deferred-cosmetic"
"pasture","190","海盗船舱","海盗船舱","101","0","310000","105","84","520","2678400","false","deferred-cosmetic"
"pasture","191","童年回忆","童年回忆","101","0","300000","100","80","500","2678400","false","deferred-cosmetic"
"pasture","192","枕边故事","枕边故事","101","0","320000","110","88","540","2678400","false","deferred-cosmetic"
"pasture","193","秘密花园","秘密花园","101","0","310000","105","84","520","2678400","false","deferred-cosmetic"
"pasture","194","科技长廊","科技长廊","101","0","280000","86","68","450","2678400","false","deferred-cosmetic"
"pasture","195","牛魔部落","牛魔部落","101","0","290000","96","77","480","2678400","false","deferred-cosmetic"
"pasture","196","假日海岛","假日海岛","101","0","290000","105","84","520","2678400","false","deferred-cosmetic"
"pasture","197","书生庭院","书生庭院","101","0","290000","105","84","520","2678400","false","deferred-cosmetic"
"pasture","198","葫芦园","葫芦园","101","0","290000","96","77","480","2678400","false","deferred-cosmetic"
"pasture","199","神秘洞窟","神秘洞窟","101","0","290000","105","84","520","2678400","false","deferred-cosmetic"
"pasture","200","神魔法殿堂","神魔法殿堂","101","0","290000","105","84","520","2678400","false","deferred-cosmetic"
"pasture","201","书201院","书201院","101","0","340000","125","100","610","2678400","false","deferred-cosmetic"
"pasture","202","农家小院","农家小院","101","0","320000","110","88","540","2678400","false","deferred-cosmetic"
"pasture","203","午后公园","午后公园","101","0","340000","125","100","610","2678400","false","deferred-cosmetic"
"pasture","204","宏绕五星","宏绕五星","101","0","340000","125","100","610","2678400","false","deferred-cosmetic"
"pasture","207","荷花灯夜","荷花灯夜","101","0","340000","125","100","610","2678400","false","deferred-cosmetic"
"pasture","208","七夕夜空","七夕夜空","101","0","250000","83","67","416","2678400","false","deferred-cosmetic"
"pasture","209","江南水乡","江南水乡","101","0","310000","105","84","520","2678400","false","deferred-cosmetic"
"pasture","210","_NOKIA_","_NOKIA_","101","0","310000","105","84","520","2678400","false","deferred-cosmetic"
"pasture","211","国庆升平","国庆升平","101","0","310000","105","84","520","2678400","false","deferred-cosmetic"
"pasture","212","中秋待月","中秋待月","101","0","310000","105","84","520","2678400","false","deferred-cosmetic"
"pasture","213","花好月圆","花好月圆","101","0","280000","86","68","450","2678400","false","deferred-cosmetic"
"pasture","214","举国欢庆","举国欢庆","101","0","300000","100","80","500","2678400","false","deferred-cosmetic"
"pasture","215","四叶草之森","四叶草之森","101","0","340000","100","80","500","2678400","false","deferred-cosmetic"
"pasture","216","海洋馆牧场","海洋馆牧场","101","0","320000","110","84","500","2678400","false","deferred-cosmetic"
"pasture","217","万圣节之夜","万圣节之夜","101","0","320000","110","84","500","2678400","false","deferred-cosmetic"
"pasture","218","滨纷秋日","滨纷秋日","101","0","340000","125","100","610","2678400","false","deferred-cosmetic"
"pasture","219","冰风","冰风","101","0","320000","110","84","500","2678400","false","deferred-cosmetic"
"pasture","220","爱斯基摩","爱斯基摩","101","0","340000","125","100","610","2678400","false","deferred-cosmetic"
"pasture","221","私家牧场","私家牧场","101","0","340000","125","100","600","2678400","false","deferred-cosmetic"
"pasture","222","奇幻圣诞夜","奇幻圣诞夜","101","0","340000","125","100","600","2678400","false","deferred-cosmetic"
"pasture","223","月亮城堡","月亮城堡","101","0","340000","125","100","610","2678400","false","deferred-cosmetic"
"pasture","224","亲密敌人","亲密敌人","101","0","340000","125","100","610","2678400","false","deferred-cosmetic"
"pasture","225","元旦牧场","元旦牧场","101","0","340000","125","100","610","2678400","false","deferred-cosmetic"
