"source_id","domain","values"
"1","farm","14400;28800;46800;64800;86400;2000000000"
"2","farm","7200;14400;25200;36000;36000;2000000000"
"3","farm","7200;18000;32400;46800;46800;2000000000"
"4","farm","7200;14400;25200;36000;50400;2000000000"
"5","farm","7200;14400;25200;39600;54000;2000000000"
"6","farm","7200;18000;28800;43200;57600;2000000000"
"7","farm","7200;18000;32400;46800;61200;2000000000"
"8","farm","10800;21600;32400;46800;64800;2000000000"
"9","farm","10800;25200;39600;54000;72000;2000000000"
"10","farm","10800;25200;43200;61200;79200;2000000000"
"11","farm","14400;28800;43200;57600;75600;2000000000"
"13","farm","28800;61200;93600;129600;165600;2000000000"
"14","farm","14400;32400;54000;75600;100800;2000000000"
"15","farm","18000;39600;61200;86400;111600;2000000000"
"16","farm","28800;46800;64800;86400;100800;2000000000"
"17","farm","18000;36000;54000;72000;90000;2000000000"
"18","farm","28800;57600;86400;118800;151200;2000000000"
"19","farm","25200;50400;75600;104400;133200;2000000000"
"20","farm","21600;39600;61200;82800;104400;2000000000"
"21","farm","28800;57600;86400;115200;144000;2000000000"
"22","farm","25200;54000;75600;97200;115200;2000000000"
"23","farm","36000;72000;108000;147600;187200;2000000000"
"24","farm","18000;39600;64800;93600;126000;2000000000"
"25","farm","18000;43200;72000;97200;126000;2000000000"
"26","farm","39600;82800;126000;172800;219600;2000000000"
"27","farm","43200;90000;136800;183600;230400;2000000000"
"28","farm","21600;36000;54000;72000;90000;2000000000"
"29","farm","36000;75600;115200;154800;198000;2000000000"
"30","farm","18000;36000;54000;72000;90000;2000000000"
"31","farm","39600;82800;126000;172800;219600;2000000000"
"32","farm","21600;43200;64800;86400;108000;2000000000"
"33","farm","46800;97200;147600;198000;252000;2000000000"
"34","farm","50400;100800;151200;205200;259200;2000000000"
"35","farm","54000;108000;165600;219600;277200;2000000000"
"36","farm","21600;43200;64800;86400;108000;2000000000"
"37","farm","21600;46800;75600;100800;122400;2000000000"
"38","farm","28800;61200;93600;129600;165600;2000000000"
"39","farm","28800;61200;93600;129600;165600;2000000000"
"40","farm","7200;14400;21600;28800;28800;2000000000"
"41","farm","10800;21600;32400;46800;64800;2000000000"
"42","farm","18000;39600;61200;86400;111600;2000000000"
"43","farm","28800;57600;86400;118800;151200;2000000000"
"44","farm","18000;39600;61200;86400;111600;2000000000"
"45","farm","28800;61200;93600;129600;165600;2000000000"
"46","farm","18000;39600;61200;86400;111600;2000000000"
"47","farm","18000;39600;61200;86400;111600;2000000000"
"48","farm","18000;39600;61200;86400;111600;2000000000"
"49","farm","28800;57600;86400;118800;151200;2000000000"
"50","farm","25200;50400;79200;108000;108000;2000000000"
"51","farm","7200;18000;28800;43200;57600;2000000000"
"52","farm","28800;57600;86400;118800;151200;2000000000"
"53","farm","18000;39600;61200;86400;111600;2000000000"
"54","farm","21600;43200;64800;90000;115200;2000000000"
"55","farm","28800;57600;86400;118800;151200;2000000000"
"56","farm","18000;39600;61200;86400;111600;2000000000"
"57","farm","18000;39600;61200;86400;111600;2000000000"
"58","farm","18000;39600;61200;86400;111600;2000000000"
"59","farm","7200;14400;25200;36000;50400;2000000000"
"60","farm","7200;14400;25200;36000;50400;2000000000"
"61","farm","7200;14400;25200;36000;50400;2000000000"
"62","farm","14400;28800;46800;64800;82800;2000000000"
"63","farm","18000;39600;61200;86400;111600;2000000000"
"64","farm","7200;14400;25200;39600;39600;2000000000"
"65","farm","7200;18000;25200;36000;50400;2000000000"
"66","farm","7200;14400;25200;25200;39600;2000000000"
"67","farm","21600;43200;68400;97200;126000;2000000000"
"68","farm","18000;39600;61200;86400;111600;2000000000"
"69","farm","36000;75600;115200;154800;198000;2000000000"
"70","farm","14400;32400;54000;75600;100800;2000000000"
"71","farm","7200;14400;25200;39600;39600;2000000000"
"72","farm","28800;61200;93600;129600;165600;2000000000"
"73","farm","10800;25200;43200;43200;61200;2000000000"
"74","farm","18000;39600;61200;86400;111600;2000000000"
"75","farm","18000;39600;61200;86400;111600;2000000000"
"76","farm","18000;39600;61200;86400;111600;2000000000"
"77","farm","18000;39600;61200;86400;111600;2000000000"
"78","farm","18000;39600;61200;86400;111600;2000000000"
"79","farm","18000;39600;61200;86400;111600;2000000000"
"80","farm","18000;39600;61200;86400;111600;2000000000"
"81","farm","7200;14400;25200;36000;46800;2000000000"
"82","farm","18000;39600;75600;104400;133200;2000000000"
"83","farm","21600;46800;64800;90000;118800;2000000000"
"84","farm","21600;39600;57600;79200;104400;2000000000"
"85","farm","18000;43200;64800;93600;111600;2000000000"
"86","farm","21600;43200;61200;82800;108000;2000000000"
"87","farm","21600;43200;64800;86400;108000;2000000000"
"88","farm","21600;39600;57600;79200;104400;2000000000"
"89","farm","21600;39600;57600;79200;104400;2000000000"
"90","farm","21600;39600;57600;82800;108000;2000000000"
"91","farm","10800;25200;43200;57600;79200;2000000000"
"92","farm","28800;61200;93600;129600;165600;2000000000"
"93","farm","18000;36000;54000;72000;90000;2000000000"
"94","farm","18000;36000;54000;72000;90000;2000000000"
"95","farm","21600;43200;64800;86400;108000;2000000000"
"96","farm","10800;21600;36000;50400;68400;2000000000"
"97","farm","14400;32400;54000;79200;100800;2000000000"
"98","farm","21600;43200;64800;82800;100800;2000000000"
"99","farm","14400;28800;46800;61200;61200;2000000000"
"100","farm","18000;36000;54000;72000;90000;2000000000"
"101","farm","39600;82800;126000;172800;219600;2000000000"
"102","farm","43200;90000;136800;183600;230400;2000000000"
"103","farm","10800;25200;39600;54000;72000;2000000000"
"104","farm","14400;28800;43200;57600;75600;2000000000"
"105","farm","7200;18000;32400;46800;61200;2000000000"
"106","farm","36000;72000;108000;147600;187200;2000000000"
"107","farm","21600;43200;64800;90000;115200;2000000000"
"108","farm","21600;43200;64800;90000;115200;2000000000"
"109","farm","43200;90000;136800;183600;230400;2000000000"
"110","farm","18000;36000;54000;72000;90000;2000000000"
"111","farm","14400;32400;54000;75600;100800;2000000000"
"112","farm","18000;39600;61200;86400;111600;2000000000"
"113","farm","25200;50400;75600;104400;133200;2000000000"
"114","farm","28800;57600;86400;118800;151200;2000000000"
"116","farm","25200;50400;75600;100800;126000;2000000000"
"117","farm","18000;39600;61200;86400;111600;2000000000"
"118","farm","18000;39600;61200;86400;111600;2000000000"
"119","farm","18000;39600;61200;86400;111600;2000000000"
"121","farm","28800;61200;93600;129600;165600;2000000000"
"122","farm","18000;39600;61200;86400;111600;2000000000"
"123","farm","54000;108000;165600;219600;277200;2000000000"
"124","farm","21600;43200;64800;90000;115200;2000000000"
"125","farm","18000;39600;61200;86400;111600;2000000000"
"126","farm","25200;50400;75600;100800;126000;2000000000"
"127","farm","25200;50400;75600;100800;126000;2000000000"
"128","farm","25200;50400;75600;100800;126000;2000000000"
"129","farm","21600;43200;64800;93600;122400;2000000000"
"130","farm","25200;50400;72000;93600;111600;2000000000"
"131","farm","18000;32400;50400;82800;97200;2000000000"
"133","farm","21600;43200;64800;86400;108000;2000000000"
"134","farm","14400;28800;43200;57600;72000;2000000000"
"135","farm","14400;28800;43200;57600;72000;2000000000"
"136","farm","14400;28800;43200;57600;72000;2000000000"
"137","farm","54000;108000;162000;216000;270000;2000000000"
"138","farm","14400;28800;46800;64800;82800;2000000000"
"139","farm","14400;28800;43200;57600;72000;2000000000"
"140","farm","14400;28800;43200;57600;72000;2000000000"
"141","farm","14400;28800;43200;57600;72000;2000000000"
"142","farm","14400;28800;43200;57600;72000;2000000000"
"143","farm","10800;21600;32400;46800;64800;2000000000"
"144","farm","18000;39600;61200;86400;111600;2000000000"
"145","farm","14400;28800;43200;57600;75600;2000000000"
"146","farm","7200;18000;28800;43200;57600;2000000000"
"147","farm","18000;36000;54000;72000;90000;2000000000"
"148","farm","21600;36000;54000;72000;90000;2000000000"
"150","farm","18000;39600;61200;86400;111600;2000000000"
"151","farm","14400;32400;54000;75600;100800;2000000000"
"152","farm","18000;39600;61200;86400;111600;2000000000"
"153","farm","18000;36000;54000;72000;90000;2000000000"
"154","farm","18000;36000;54000;72000;90000;2000000000"
"158","farm","14400;28800;46800;64800;82800;2000000000"
"159","farm","18000;39600;61200;86400;111600;2000000000"
"160","farm","21600;39600;57600;79200;104400;2000000000"
"161","farm","18000;36000;54000;72000;90000;2000000000"
"162","farm","18000;36000;54000;72000;90000;2000000000"
"164","farm","18000;39600;61200;90000;111600;2000000000"
"165","farm","21600;43200;64800;90000;115200;2000000000"
"166","farm","36000;68400;104400;140400;169200;2000000000"
"167","farm","14400;32400;50400;68400;86400;2000000000"
"168","farm","21600;36000;54000;72000;90000;2000000000"
"169","farm","7200;18000;28800;39600;57600;2000000000"
"170","farm","7200;18000;28800;39600;57600;2000000000"
"171","farm","7200;18000;28800;39600;57600;2000000000"
"172","farm","18000;39600;61200;86400;111600;2000000000"
"173","farm","18000;39600;61200;86400;111600;2000000000"
"174","farm","18000;39600;61200;86400;111600;2000000000"
"175","farm","18000;39600;61200;86400;111600;2000000000"
"176","farm","18000;39600;61200;86400;111600;2000000000"
"177","farm","18000;36000;54000;72000;90000;2000000000"
"178","farm","28800;57600;93600;136800;165600;2000000000"
"179","farm","18000;36000;54000;72000;90000;2000000000"
"180","farm","18000;39600;61200;86400;111600;2000000000"
"181","farm","14400;32400;54000;75600;100800;2000000000"
"182","farm","28800;57600;86400;118800;151200;2000000000"
"183","farm","28800;61200;93600;129600;165600;2000000000"
"185","farm","43200;90000;136800;183600;230400;2000000000"
"186","farm","21600;43200;64800;90000;115200;2000000000"
"187","farm","28800;57600;86400;118800;151200;2000000000"
"188","farm","18000;39600;61200;86400;111600;2000000000"
"189","farm","18000;39600;61200;86400;111600;2000000000"
"190","farm","18000;39600;61200;86400;111600;2000000000"
"191","farm","18000;39600;61200;86400;111600;2000000000"
"192","farm","28800;54000;79200;108000;136800;2000000000"
"194","farm","21600;36000;54000;72000;90000;2000000000"
"195","farm","18000;39600;61200;86400;111600;2000000000"
"197","farm","14400;32400;54000;75600;100800;2000000000"
"198","farm","21600;36000;54000;72000;90000;2000000000"
"200","farm","25200;50400;79200;108000;144000;2000000000"
"201","farm","32400;64800;90000;115200;133200;2000000000"
"202","farm","21600;43200;64800;86400;108000;2000000000"
"203","farm","32400;64800;97200;133200;169200;2000000000"
"204","farm","28800;61200;90000;122400;151200;2000000000"
"205","farm","32400;64800;97200;129600;162000;2000000000"
"206","farm","28800;54000;82800;115200;144000;2000000000"
"207","farm","28800;54000;79200;108000;136800;2000000000"
"208","farm","32400;64800;97200;129600;162000;2000000000"
"209","farm","32400;64800;100800;133200;165600;2000000000"
"210","farm","36000;68400;100800;133200;165600;2000000000"
"211","farm","32400;64800;97200;129600;165600;2000000000"
"212","farm","32400;64800;100800;133200;165600;2000000000"
"218","farm","18000;36000;54000;72000;90000;2000000000"
"219","farm","28800;57600;86400;115200;144000;2000000000"
"220","farm","21600;43200;64800;86400;108000;2000000000"
"221","farm","18000;32400;54000;79200;108000;2000000000"
"222","farm","25200;50400;75600;104400;133200;2000000000"
"223","farm","28800;57600;86400;118800;151200;2000000000"
"224","farm","54000;108000;165600;219600;277200;2000000000"
"225","farm","32400;68400;104400;140400;176400;2000000000"
"226","farm","21600;43200;64800;93600;118800;2000000000"
"227","farm","18000;39600;72000;104400;136800;2000000000"
"228","farm","28800;61200;100800;129600;158400;2000000000"
"229","farm","28800;57600;86400;115200;144000;2000000000"
"230","farm","28800;57600;86400;115200;144000;2000000000"
"231","farm","28800;54000;82800;115200;144000;2000000000"
"232","farm","25200;50400;75600;100800;126000;2000000000"
"233","farm","32400;64800;97200;129600;162000;2000000000"
"234","farm","25200;46800;79200;97200;129600;2000000000"
"235","farm","21600;54000;82800;111600;136800;2000000000"
"236","farm","10800;25200;39600;54000;72000;2000000000"
"237","farm","18000;39600;61200;86400;111600;2000000000"
"238","farm","36000;72000;108000;147600;187200;2000000000"
"239","farm","21600;43200;64800;90000;115200;2000000000"
"240","farm","18000;39600;61200;86400;111600;2000000000"
"241","farm","18000;39600;61200;86400;111600;2000000000"
"242","farm","36000;72000;108000;144000;180000;2000000000"
"243","farm","36000;72000;108000;144000;180000;2000000000"
"244","farm","32400;64800;97200;129600;162000;2000000000"
"245","farm","7200;14400;25200;39600;54000;2000000000"
"246","farm","28800;57600;86400;115200;144000;2000000000"
"247","farm","28800;57600;86400;115200;144000;2000000000"
"249","farm","32400;64800;97200;129600;162000;2000000000"
"250","farm","28800;57600;90000;122400;151200;2000000000"
"251","farm","28800;57600;90000;122400;151200;2000000000"
"253","farm","32400;64800;97200;129600;162000;2000000000"
"257","farm","21600;39600;61200;82800;104400;2000000000"
"260","farm","21600;39600;61200;82800;104400;2000000000"
"262","farm","36000;72000;108000;144000;180000;2000000000"
"264","farm","18000;39600;61200;86400;115200;2000000000"
"265","farm","32400;68400;104400;136800;169200;2000000000"
"266","farm","32400;64800;97200;129600;162000;2000000000"
"267","farm","21600;43200;72000;100800;136800;2000000000"
"268","farm","36000;72000;108000;144000;180000;2000000000"
"269","farm","10800;21600;39600;61200;86400;2000000000"
"301","farm","32400;64800;97200;129600;162000;2000000000"
"302","farm","32400;68400;104400;136800;169200;2000000000"
"303","farm","36000;72000;108000;144000;180000;2000000000"
"304","farm","32400;64800;97200;133200;169200;2000000000"
"305","farm","7200;18000;32400;46800;61200;2000000000"
"306","farm","10800;25200;39600;54000;72000;2000000000"
"308","farm","10800;25200;43200;43200;61200;2000000000"
"309","farm","25200;50400;75600;100800;126000;2000000000"
"310","farm","18000;39600;61200;86400;111600;2000000000"
"311","farm","14400;32400;50400;68400;86400;2000000000"
"312","farm","14400;32400;50400;68400;86400;2000000000"
"313","farm","14400;32400;50400;68400;86400;2000000000"
"314","farm","32400;68400;104400;136800;169200;2000000000"
"315","farm","25200;50400;75600;100800;126000;2000000000"
"316","farm","7200;18000;32400;39600;46800;2000000000"
"317","farm","7200;14400;25200;36000;50400;2000000000"
"318","farm","7200;14400;25200;36000;50400;2000000000"
"319","farm","7200;14400;25200;39600;39600;2000000000"
"320","farm","7200;14400;25200;39600;39600;2000000000"
"321","farm","7200;18000;28800;43200;57600;2000000000"
"322","farm","7200;18000;32400;46800;61200;2000000000"
"323","farm","10800;21600;32400;46800;64800;2000000000"
"324","farm","10800;25200;39600;54000;72000;2000000000"
"325","farm","10800;25200;43200;61200;79200;2000000000"
"326","farm","32400;68400;104400;136800;169200;2000000000"
"327","farm","21600;39600;57600;79200;104400;2000000000"
"328","farm","21600;39600;61200;82800;104400;2000000000"
"329","farm","21600;43200;61200;82800;108000;2000000000"
"330","farm","18000;39600;61200;82800;111600;2000000000"
"332","farm","28800;61200;93600;129600;165600;2000000000"
"333","farm","28800;61200;93600;129600;165600;2000000000"
"334","farm","7200;18000;28800;43200;57600;2000000000"
"335","farm","14400;28800;43200;57600;75600;2000000000"
"336","farm","14400;28800;43200;57600;75600;2000000000"
"337","farm","14400;28800;43200;57600;75600;2000000000"
"338","farm","14400;28800;43200;57600;75600;2000000000"
"339","farm","14400;28800;43200;57600;75600;2000000000"
"340","farm","18000;39600;61200;86400;111600;2000000000"
"341","farm","18000;39600;61200;86400;111600;2000000000"
"342","farm","18000;39600;61200;86400;111600;2000000000"
"343","farm","18000;39600;61200;86400;111600;2000000000"
"344","farm","18000;39600;61200;86400;111600;2000000000"
"345","farm","18000;39600;61200;86400;111600;2000000000"
"346","farm","18000;39600;61200;86400;111600;2000000000"
"347","farm","18000;39600;61200;86400;111600;2000000000"
"348","farm","18000;39600;61200;86400;111600;2000000000"
"349","farm","18000;39600;61200;86400;111600;2000000000"
"350","farm","18000;39600;61200;86400;111600;2000000000"
"351","farm","18000;39600;61200;86400;111600;2000000000"
"352","farm","18000;39600;61200;86400;111600;2000000000"
"353","farm","18000;39600;61200;86400;111600;2000000000"
"354","farm","18000;39600;61200;86400;111600;2000000000"
"355","farm","18000;39600;61200;86400;111600;2000000000"
"356","farm","18000;39600;61200;86400;111600;2000000000"
"357","farm","18000;39600;61200;86400;111600;2000000000"
"358","farm","18000;39600;61200;86400;111600;2000000000"
"359","farm","18000;39600;61200;86400;111600;2000000000"
"360","farm","18000;39600;61200;86400;111600;2000000000"
"361","farm","18000;39600;61200;86400;111600;2000000000"
"362","farm","18000;39600;61200;86400;111600;2000000000"
"363","farm","18000;39600;61200;86400;111600;2000000000"
"364","farm","18000;39600;61200;86400;111600;2000000000"
"365","farm","18000;39600;61200;86400;111600;2000000000"
"366","farm","21600;46800;64800;90000;118800;2000000000"
"367","farm","18000;36000;54000;72000;90000;2000000000"
"371","farm","21600;43200;68400;93600;126000;2000000000"
"378","farm","18000;36000;54000;72000;90000;2000000000"
"380","farm","32400;64800;97200;133200;169200;2000000000"
"382","farm","21600;39600;57600;79200;104400;2000000000"
"383","farm","21600;39600;57600;79200;104400;2000000000"
"384","farm","21600;39600;57600;79200;104400;2000000000"
"385","farm","21600;39600;57600;79200;104400;2000000000"
"386","farm","21600;39600;57600;79200;104400;2000000000"
"387","farm","21600;39600;57600;79200;104400;2000000000"
"388","farm","21600;39600;57600;79200;104400;2000000000"
"389","farm","21600;39600;57600;79200;104400;2000000000"
"390","farm","21600;39600;57600;79200;104400;2000000000"
"391","farm","21600;39600;57600;79200;104400;2000000000"
"392","farm","21600;39600;57600;79200;104400;2000000000"
"393","farm","21600;39600;57600;79200;104400;2000000000"
"396","farm","10800;21600;39600;57600;86400;2000000000"
"397","farm","18000;39600;61200;86400;111600;2000000000"
"398","farm","18000;39600;61200;86400;111600;2000000000"
"399","farm","18000;39600;61200;86400;111600;2000000000"
"400","farm","21600;39600;57600;79200;104400;2000000000"
"401","farm","28800;61200;93600;129600;165600;2000000000"
"402","farm","21600;43200;64800;86400;108000;2000000000"
"403","farm","28800;61200;93600;129600;165600;2000000000"
"404","farm","39600;82800;126000;172800;219600;2000000000"
"405","farm","10800;25200;39600;54000;72000;2000000000"
"406","farm","18000;39600;61200;86400;111600;2000000000"
"410","farm","18000;36000;57600;82800;108000;2000000000"
"412","farm","25200;50400;75600;104400;133200;2000000000"
"413","farm","50400;100800;151200;205200;259200;2000000000"
"415","farm","14400;32400;54000;75600;100800;2000000000"
"416","farm","39600;82800;126000;172800;219600;2000000000"
"417","farm","18000;39600;61200;86400;111600;2000000000"
"418","farm","21600;36000;54000;72000;90000;2000000000"
"419","farm","14400;28800;43200;57600;75600;2000000000"
"423","farm","28800;61200;93600;129600;165600;2000000000"
"424","farm","14400;28800;43200;57600;75600;2000000000"
"425","farm","18000;39600;61200;86400;111600;2000000000"
"426","farm","28800;61200;93600;129600;165600;2000000000"
"427","farm","21600;46800;64800;90000;118800;2000000000"
"429","farm","25200;50400;75600;100800;126000;2000000000"
"430","farm","14400;32400;54000;75600;100800;2000000000"
"431","farm","18000;36000;54000;72000;90000;2000000000"
"433","farm","18000;39600;61200;86400;111600;2000000000"
"434","farm","21600;36000;54000;72000;90000;2000000000"
"435","farm","28800;61200;93600;129600;165600;2000000000"
"436","farm","18000;39600;61200;86400;111600;2000000000"
"437","farm","18000;39600;61200;86400;111600;2000000000"
"438","farm","18000;39600;61200;86400;111600;2000000000"
"439","farm","28800;61200;93600;129600;165600;2000000000"
"440","farm","25200;50400;75600;100800;126000;2000000000"
"441","farm","14400;28800;43200;57600;72000;2000000000"
"442","farm","39600;82800;126000;172800;219600;2000000000"
"443","farm","54000;108000;165600;219600;277200;2000000000"
"444","farm","18000;36000;54000;72000;90000;2000000000"
"445","farm","14400;28800;43200;57600;72000;2000000000"
"446","farm","14400;28800;43200;57600;72000;2000000000"
"447","farm","21600;39600;57600;79200;104400;2000000000"
"448","farm","28800;61200;93600;129600;165600;2000000000"
"449","farm","14400;32400;54000;75600;100800;2000000000"
"450","farm","7200;25200;57600;82800;100800;2000000000"
"451","farm","18000;39600;61200;86400;111600;2000000000"
"452","farm","18000;39600;61200;86400;111600;2000000000"
"453","farm","28800;57600;86400;115200;144000;2000000000"
"454","farm","21600;43200;61200;82800;108000;2000000000"
"455","farm","21600;39600;57600;75600;100800;2000000000"
"456","farm","32400;68400;104400;136800;169200;2000000000"
"457","farm","25200;50400;75600;100800;126000;2000000000"
"458","farm","18000;39600;61200;86400;111600;2000000000"
"460","farm","32400;64800;100800;144000;187200;2000000000"
"461","farm","28800;57600;93600;129600;172800;2000000000"
"463","farm","28800;57600;97200;136800;176400;2000000000"
"465","farm","28800;57600;93600;133200;172800;2000000000"
"468","farm","28800;57600;93600;136800;180000;2000000000"
"469","farm","28800;57600;93600;129600;169200;2000000000"
"470","farm","36000;72000;111600;154800;198000;2000000000"
"471","farm","28800;57600;93600;129600;165600;2000000000"
"472","farm","18000;39600;61200;86400;111600;2000000000"
"490","farm","14400;32400;54000;75600;100800;2000000000"
"491","farm","18000;36000;54000;72000;90000;2000000000"
"501","farm","18000;39600;61200;86400;111600;2000000000"
"502","farm","18000;39600;61200;86400;111600;2000000000"
"503","farm","18000;39600;61200;86400;111600;2000000000"
"504","farm","18000;39600;61200;86400;111600;2000000000"
"505","farm","18000;39600;61200;86400;111600;2000000000"
"507","farm","18000;39600;61200;86400;111600;2000000000"
"508","farm","18000;39600;61200;86400;111600;2000000000"
"509","farm","18000;39600;61200;86400;111600;2000000000"
"510","farm","18000;39600;61200;86400;111600;2000000000"
"511","farm","43200;90000;136800;183600;230400;2000000000"
"512","farm","43200;90000;136800;183600;230400;2000000000"
"513","farm","43200;90000;136800;183600;230400;2000000000"
"514","farm","43200;90000;136800;183600;230400;2000000000"
"515","farm","43200;90000;136800;183600;230400;2000000000"
"516","farm","28800;61200;93600;129600;165600;2000000000"
"517","farm","28800;61200;93600;129600;165600;2000000000"
"518","farm","28800;61200;93600;129600;165600;2000000000"
"519","farm","28800;61200;93600;129600;165600;2000000000"
"520","farm","28800;61200;93600;129600;165600;2000000000"
"521","farm","28800;61200;93600;129600;165600;2000000000"
"522","farm","28800;61200;93600;129600;165600;2000000000"
"523","farm","28800;61200;93600;129600;165600;2000000000"
"524","farm","28800;61200;93600;129600;165600;2000000000"
"525","farm","28800;61200;93600;129600;165600;2000000000"
"526","farm","28800;61200;93600;129600;165600;2000000000"
"527","farm","28800;61200;93600;129600;165600;2000000000"
"528","farm","18000;39600;61200;86400;111600;2000000000"
"529","farm","18000;39600;61200;86400;111600;2000000000"
"530","farm","18000;39600;61200;86400;111600;2000000000"
"533","farm","21600;39600;57600;79200;104400;2000000000"
"534","farm","21600;39600;57600;79200;104400;2000000000"
"535","farm","21600;39600;57600;79200;104400;2000000000"
"557","farm","18000;39600;61200;86400;111600;2000000000"
"558","farm","18000;39600;61200;86400;111600;2000000000"
"559","farm","18000;39600;61200;86400;111600;2000000000"
"560","farm","18000;39600;61200;86400;111600;2000000000"
"561","farm","18000;39600;61200;86400;111600;2000000000"
"562","farm","18000;39600;61200;86400;111600;2000000000"
"563","farm","18000;39600;61200;86400;111600;2000000000"
"564","farm","21600;43200;64800;90000;115200;2000000000"
"565","farm","21600;43200;64800;90000;115200;2000000000"
"566","farm","21600;43200;64800;90000;115200;2000000000"
"567","farm","21600;43200;64800;90000;115200;2000000000"
"568","farm","21600;43200;64800;90000;115200;2000000000"
"569","farm","21600;43200;64800;90000;115200;2000000000"
"570","farm","21600;43200;64800;90000;115200;2000000000"
"571","farm","21600;43200;64800;90000;115200;2000000000"
"572","farm","21600;43200;64800;90000;115200;2000000000"
"573","farm","21600;43200;64800;90000;115200;2000000000"
"574","farm","21600;43200;64800;90000;115200;2000000000"
"575","farm","21600;43200;64800;90000;115200;2000000000"
"576","farm","21600;43200;64800;90000;115200;2000000000"
"577","farm","21600;43200;64800;90000;115200;2000000000"
"578","farm","21600;43200;64800;90000;115200;2000000000"
"579","farm","21600;43200;64800;90000;115200;2000000000"
"580","farm","21600;43200;64800;90000;115200;2000000000"
"581","farm","21600;43200;64800;90000;115200;2000000000"
"583","farm","28800;61200;93600;129600;165600;2000000000"
"584","farm","39600;82800;126000;172800;219600;2000000000"
"585","farm","28800;61200;86400;111600;129600;2000000000"
"586","farm","28800;57600;93600;129600;165600;2000000000"
"600","farm","36000;72000;111600;151200;194400;2000000000"
"601","farm","36000;72000;111600;151200;194400;2000000000"
"602","farm","14400;32400;50400;79200;111600;2000000000"
"603","farm","14400;32400;54000;75600;100800;2000000000"
"604","farm","14400;32400;54000;75600;100800;2000000000"
"605","farm","21600;46800;64800;90000;118800;2000000000"
"606","farm","21600;46800;64800;90000;118800;2000000000"
"607","farm","21600;46800;64800;90000;118800;2000000000"
"608","farm","21600;46800;64800;90000;118800;2000000000"
"609","farm","21600;46800;64800;90000;118800;2000000000"
"610","farm","21600;46800;64800;90000;118800;2000000000"
"611","farm","21600;39600;57600;79200;104400;2000000000"
"612","farm","21600;39600;57600;79200;104400;2000000000"
"613","farm","21600;39600;57600;79200;104400;2000000000"
"614","farm","21600;39600;57600;79200;104400;2000000000"
"615","farm","21600;39600;57600;79200;104400;2000000000"
"616","farm","21600;39600;57600;79200;104400;2000000000"
"617","farm","21600;39600;57600;79200;104400;2000000000"
"618","farm","21600;39600;57600;79200;104400;2000000000"
"619","farm","14400;32400;54000;75600;100800;2000000000"
"620","farm","21600;43200;64800;86400;108000;2000000000"
"621","farm","21600;43200;64800;86400;108000;2000000000"
"622","farm","21600;43200;61200;79200;104400;2000000000"
"623","farm","28800;54000;79200;108000;136800;2000000000"
"624","farm","21600;39600;54000;68400;93600;2000000000"
"625","farm","14400;32400;54000;75600;100800;2000000000"
"626","farm","21600;43200;64800;86400;108000;2000000000"
"627","farm","7200;14400;28800;46800;75600;2000000000"
"700","farm","21600;43200;64800;86400;108000;2000000000"
"702","farm","21600;43200;72000;100800;136800;2000000000"
"704","farm","25200;54000;82800;115200;151200;2000000000"
"707","farm","28800;57600;90000;122400;162000;2000000000"
"708","farm","28800;61200;93600;129600;165600;2000000000"
"709","farm","21600;43200;68400;93600;126000;2000000000"
"710","farm","21600;43200;68400;93600;126000;2000000000"
"711","farm","21600;39600;57600;79200;104400;2000000000"
"712","farm","21600;39600;57600;79200;104400;2000000000"
"713","farm","21600;39600;57600;79200;104400;2000000000"
"714","farm","21600;39600;57600;79200;104400;2000000000"
"715","farm","21600;39600;57600;79200;104400;2000000000"
"716","farm","21600;39600;57600;79200;104400;2000000000"
"717","farm","21600;39600;57600;79200;104400;2000000000"
"718","farm","21600;39600;57600;79200;104400;2000000000"
"719","farm","21600;39600;57600;79200;104400;2000000000"
"720","farm","21600;39600;57600;79200;104400;2000000000"
"721","farm","21600;39600;57600;79200;104400;2000000000"
"722","farm","21600;39600;57600;79200;104400;2000000000"
"723","farm","21600;39600;57600;79200;104400;2000000000"
"724","farm","21600;39600;57600;79200;104400;2000000000"
"725","farm","21600;39600;57600;79200;104400;2000000000"
"726","farm","21600;39600;57600;79200;104400;2000000000"
"727","farm","21600;39600;57600;79200;104400;2000000000"
"728","farm","21600;39600;57600;79200;104400;2000000000"
"729","farm","21600;39600;57600;79200;104400;2000000000"
"730","farm","21600;39600;57600;79200;104400;2000000000"
"731","farm","21600;39600;57600;79200;104400;2000000000"
"732","farm","21600;39600;57600;79200;104400;2000000000"
"733","farm","21600;39600;57600;79200;104400;2000000000"
"734","farm","21600;39600;57600;79200;104400;2000000000"
"735","farm","21600;39600;57600;79200;104400;2000000000"
"736","farm","21600;39600;57600;79200;104400;2000000000"
"737","farm","21600;39600;57600;79200;104400;2000000000"
"738","farm","21600;39600;57600;79200;104400;2000000000"
"739","farm","21600;39600;57600;79200;104400;2000000000"
"740","farm","21600;39600;57600;79200;104400;2000000000"
"741","farm","21600;39600;57600;79200;104400;2000000000"
"742","farm","21600;39600;57600;79200;104400;2000000000"
"743","farm","21600;39600;57600;79200;104400;2000000000"
"744","farm","21600;39600;57600;79200;104400;2000000000"
"1000","farm","7200;18000;28800;43200;57600;2000000000"
"1001","farm","7200;18000;28800;43200;57600;2000000000"
"1002","farm","7200;18000;28800;43200;57600;2000000000"
"1003","farm","7200;18000;28800;43200;57600;2000000000"
"1004","farm","10800;25200;39600;54000;72000;2000000000"
"1005","farm","25200;50400;75600;100800;126000;2000000000"
"1006","farm","18000;39600;61200;86400;111600;2000000000"
"1007","farm","32400;64800;97200;129600;162000;2000000000"
"1008","farm","7200;14400;25200;36000;50400;2000000000"
"1009","farm","32400;64800;97200;129600;162000;2000000000"
"1010","farm","28800;57600;86400;118800;151200;2000000000"
"1011","farm","32400;64800;97200;129600;162000;2000000000"
"1012","farm","21600;43200;68400;111600;158400;2000000000"
"1013","farm","43200;86400;129600;165600;205200;2000000000"
"1014","farm","36000;68400;104400;140400;169200;2000000000"
"1015","farm","18000;39600;61200;86400;111600;2000000000"
"1016","farm","36000;68400;104400;140400;169200;2000000000"
"1017","farm","28800;57600;86400;118800;151200;2000000000"
"1018","farm","28800;57600;86400;115200;144000;2000000000"
"1019","farm","21600;43200;64800;93600;122400;2000000000"
"1020","farm","32400;64800;97200;129600;162000;2000000000"
"1021","farm","18000;36000;54000;72000;90000;2000000000"
"1022","farm","7200;18000;28800;43200;57600;2000000000"
"1023","farm","28800;54000;82800;115200;144000;2000000000"
"1024","farm","28800;54000;82800;115200;144000;2000000000"
"1025","farm","25200;50400;75600;100800;126000;2000000000"
"1026","farm","28800;57600;86400;118800;151200;2000000000"
"1027","farm","28800;57600;86400;118800;151200;2000000000"
"1028","farm","14400;28800;43200;57600;75600;2000000000"
"1029","farm","28800;61200;93600;129600;165600;2000000000"
"1030","farm","21600;43200;64800;93600;122400;2000000000"
"1031","farm","18000;39600;61200;86400;111600;2000000000"
"1032","farm","28800;57600;86400;118800;151200;2000000000"
"1033","farm","14400;28800;43200;57600;75600;2000000000"
"1034","farm","18000;39600;61200;86400;111600;2000000000"
"1035","farm","18000;39600;61200;86400;111600;2000000000"
"1036","farm","18000;39600;61200;86400;111600;2000000000"
"1037","farm","18000;32400;50400;82800;97200;2000000000"
"1038","farm","28800;57600;86400;118800;151200;2000000000"
"1039","farm","28800;61200;93600;129600;165600;2000000000"
"1040","farm","14400;32400;54000;75600;100800;2000000000"
"1041","farm","28800;57600;86400;118800;151200;2000000000"
"1042","farm","28800;57600;86400;118800;151200;2000000000"
"1043","farm","54000;108000;165600;219600;277200;2000000000"
"1044","farm","36000;75600;115200;154800;198000;2000000000"
"1045","farm","25200;39600;64800;97200;115200;2000000000"
"1046","farm","14400;28800;43200;57600;72000;2000000000"
"1047","farm","18000;39600;61200;86400;111600;2000000000"
"1048","farm","54000;108000;165600;219600;324000;2000000000"
"1050","farm","28800;57600;86400;118800;151200;2000000000"
"1051","farm","7200;14400;21600;28800;28800;2000000000"
"1052","farm","21600;46800;64800;90000;118800;2000000000"
"1053","farm","28800;57600;86400;118800;151200;2000000000"
"1054","farm","43200;90000;136800;183600;230400;2000000000"
"1055","farm","18000;39600;61200;86400;111600;2000000000"
"1056","farm","18000;39600;61200;86400;111600;2000000000"
"1057","farm","18000;39600;61200;86400;111600;2000000000"
"1058","farm","18000;39600;61200;86400;111600;2000000000"
"1059","farm","28800;57600;86400;118800;151200;2000000000"
"1060","farm","28800;57600;86400;118800;151200;2000000000"
"1061","farm","7200;18000;28800;43200;57600;2000000000"
"1062","farm","10800;25200;43200;61200;79200;2000000000"
"1063","farm","36000;72000;108000;144000;180000;2000000000"
"1064","farm","14400;28800;43200;57600;75600;2000000000"
"1202","farm","18000;39600;61200;86400;111600;2000000000"
"1203","farm","18000;39600;61200;86400;111600;2000000000"
"1204","farm","18000;39600;61200;86400;111600;2000000000"
"1205","farm","18000;39600;61200;86400;111600;2000000000"
"1206","farm","18000;39600;61200;86400;111600;2000000000"
"1207","farm","18000;39600;61200;86400;111600;2000000000"
"1208","farm","18000;39600;61200;86400;111600;2000000000"
"2001","farm","18000;36000;54000;72000;90000;2000000000"
"2002","farm","18000;36000;54000;72000;90000;2000000000"
"2003","farm","18000;36000;54000;72000;90000;2000000000"
"2004","farm","18000;36000;54000;72000;90000;2000000000"
"2005","farm","18000;36000;54000;72000;90000;2000000000"
"2006","farm","18000;36000;54000;72000;90000;2000000000"
"2007","farm","18000;36000;54000;72000;90000;2000000000"
"2008","farm","18000;36000;54000;72000;90000;2000000000"
"1001","pasture","14400;14400;129600;15;21420;158400"
"1002","pasture","18000;18000;129600;15;28620;165600"
"1003","pasture","16200;16200;151200;15;25020;183600"
"1004","pasture","34200;34200;216000;15;32220;284400"
"1005","pasture","37800;37800;237600;15;43020;313200"
"1006","pasture","41400;41400;259200;15;53820;342000"
"1007","pasture","27000;27000;216000;15;35820;313200"
"1008","pasture","36000;36000;288000;15;39420;360000"
"1009","pasture","37800;37800;302400;15;43020;378000"
"1010","pasture","36000;36000;345600;15;43020;417600"
"1011","pasture","41400;41400;403200;15;50220;486000"
"1012","pasture","37800;37800;302400;15;43020;378000"
"1013","pasture","37800;37800;403200;15;50220;478800"
"1014","pasture","43200;43200;345600;15;43020;432000"
"1015","pasture","32400;32400;270000;15;43020;334800"
"1016","pasture","34200;34200;316800;15;39420;385200"
"1017","pasture","21600;21600;216000;15;35820;259200"
"1018","pasture","27000;27000;288000;15;35820;342000"
"1019","pasture","23400;23400;226800;15;25020;273600"
"1020","pasture","25200;25200;194400;15;21420;244800"
"1021","pasture","21600;21600;226800;15;25185;270000"
"1022","pasture","27000;27000;180000;15;21585;234000"
"1023","pasture","18000;18000;259200;15;28785;295200"
"1024","pasture","28800;28800;360000;15;35985;417600"
"1026","pasture","25200;25200;396000;15;39585;446400"
"1027","pasture","32400;32400;230400;15;18785;295200"
"1028","pasture","25200;25200;176400;15;25185;226800"
"1029","pasture","25200;25200;176400;15;25185;226800"
"1030","pasture","46800;46800;655200;15;50385;748800"
"1031","pasture","28800;28800;360000;15;35985;417600"
"1032","pasture","25200;25200;216000;15;43185;266400"
"1033","pasture","25200;25200;216000;15;43185;266400"
"1034","pasture","37800;37800;334800;15;46785;410400"
"1035","pasture","43200;43200;374400;15;46785;460800"
"1036","pasture","36000;36000;360000;15;35985;432000"
"1037","pasture","28800;28800;43200;15;43185;100800"
"1038","pasture","45000;45000;795600;15;46785;885600"
"1039","pasture","39600;39600;331200;15;50385;410400"
"1040","pasture","28800;28800;230400;15;28785;288000"
"1041","pasture","28800;28800;230400;15;28785;288000"
"1042","pasture","36000;36000;806400;15;50385;878400"
"1043","pasture","36000;36000;302400;15;43185;374400"
"1044","pasture","28800;28800;291600;15;28785;349200"
"1045","pasture","39600;39600;331200;15;50385;410400"
"1046","pasture","36000;36000;360000;15;35985;432000"
"1047","pasture","39600;39600;327600;15;50385;406800"
"1048","pasture","36000;36000;288000;15;43185;360000"
"1049","pasture","21600;21600;172800;15;43185;216000"
"1050","pasture","41400;41400;259200;15;53985;342000"
"1051","pasture","21600;21600;216000;15;43185;259200"
"1052","pasture","36000;36000;360000;15;35985;432000"
"1053","pasture","43200;46800;748800;15;46785;838800"
"1054","pasture","43200;46800;748800;15;46785;838800"
"1055","pasture","36000;36000;201600;15;28785;273600"
"1056","pasture","36000;36000;345600;15;43185;417600"
"1057","pasture","36000;36000;302400;15;43185;374400"
"1058","pasture","36000;36000;345600;15;43185;417600"
"1059","pasture","18000;18000;291600;15;32385;327600"
"1060","pasture","21600;21600;216000;15;35985;259200"
"1062","pasture","37800;37800;302400;15;43185;378000"
"1063","pasture","32400;32400;324000;15;39585;388800"
"1065","pasture","28800;28800;288000;15;35985;345600"
"1066","pasture","37800;37800;334800;15;43185;410400"
"1067","pasture","32400;32400;324000;15;39585;388800"
"1068","pasture","37800;37800;342000;15;43185;417600"
"1069","pasture","32400;32400;324000;15;39585;388800"
"1070","pasture","37800;37800;338400;15;43185;414000"
"1071","pasture","57600;57600;810000;15;50385;925200"
"1072","pasture","28800;28800;216000;15;35985;273600"
"1073","pasture","30600;30600;259200;15;32385;320400"
"1074","pasture","37800;37800;338400;15;43185;414000"
"1075","pasture","37800;37800;334800;15;46785;410400"
"1076","pasture","37800;37800;334800;15;46785;410400"
"1077","pasture","36000;36000;360000;15;35985;432000"
"1080","pasture","32400;32400;396000;15;46785;460800"
"1083","pasture","25200;25200;129600;15;43185;180000"
"1084","pasture","18000;18000;259200;15;28785;295200"
"1085","pasture","28800;28800;216000;15;35985;273600"
"1086","pasture","43200;43200;345600;15;43185;432000"
"1087","pasture","37800;37800;334800;15;46785;410400"
"1088","pasture","28800;28800;291600;15;28785;349200"
"1089","pasture","43200;43200;374400;15;46785;460800"
"1091","pasture","23400;23400;226800;15;25185;273600"
"1096","pasture","28800;28800;291600;15;32385;349200"
"1097","pasture","18000;18000;259200;15;28785;295200"
"1098","pasture","32400;32400;396000;15;39585;460800"
"1497","pasture","37800;37800;237600;15;43020;313200"
"1498","pasture","37800;37800;237600;15;43020;313200"
"1499","pasture","37800;37800;237600;15;43020;313200"
"1501","pasture","27000;27000;172800;15;43020;226800"
"1502","pasture","32400;32400;216000;15;43020;280800"
"1503","pasture","36000;36000;216000;15;35820;288000"
"1504","pasture","32400;32400;216000;15;35985;280800"
"1505","pasture","32400;32400;216000;15;35820;280800"
"1507","pasture","39600;39600;331200;15;46620;410400"
"1508","pasture","43200;43200;432000;15;53820;518400"
"1509","pasture","36000;36000;345600;15;43020;417600"
"1510","pasture","39600;39600;406800;15;50220;417600"
"1511","pasture","37800;37800;334800;15;50220;410400"
"1512","pasture","57600;57600;810000;15;53820;925200"
"1513","pasture","32400;32400;403200;15;20200;468000"
"1514","pasture","28800;28800;432000;15;53820;489600"
"1515","pasture","30600;30600;259200;15;32220;320400"
"1516","pasture","28800;28800;291600;15;32220;349200"
"1517","pasture","23400;23400;259200;15;28620;306000"
"1518","pasture","41400;41400;374400;15;46620;457200"
"1519","pasture","28800;28800;324000;15;35985;381600"
"1520","pasture","32400;32400;324000;15;28785;252000"
"1521","pasture","18000;18000;108000;15;17985;144000"
"1522","pasture","18000;18000;291600;15;32385;327600"
"1523","pasture","21600;21600;216000;15;21585;259200"
"1524","pasture","21600;21600;360000;15;35985;403200"
"1525","pasture","32400;32400;396000;15;39585;460800"
"1526","pasture","18000;18000;360000;15;35985;396000"
"1527","pasture","39600;39600;691200;15;57585;770400"
"1528","pasture","28800;28800;216000;15;35985;273600"
"1529","pasture","27000;27000;237600;15;39585;291600"
"1530","pasture","28800;28800;180000;15;35985;237600"
"1531","pasture","86400;86400;705600;15;50385;792000"
"1533","pasture","32400;32400;360000;15;35985;424800"
"1534","pasture","28800;28800;324000;15;35985;381600"
"1535","pasture","28800;28800;201600;15;28785;259200"
"1536","pasture","32400;32400;201600;15;28785;266400"
"1537","pasture","21600;21600;259200;15;32385;302400"
"1538","pasture","28800;28800;230400;15;28785;288000"
"1539","pasture","28800;28800;230400;15;28785;288000"
"1540","pasture","23400;23400;259200;15;28785;306000"
"1541","pasture","36000;36000;201600;15;28785;273600"
"1542","pasture","21600;21600;216000;15;35985;259200"
"1543","pasture","39600;39600;655200;15;46785;734400"
"1544","pasture","36000;36000;302400;15;43185;374400"
"1545","pasture","39600;39600;702000;15;46785;781200"
"1546","pasture","25200;25200;129600;15;43185;180000"
"1547","pasture","36000;36000;648000;15;43185;720000"
"1548","pasture","36000;36000;360000;15;35985;432000"
"1549","pasture","36000;36000;360000;15;35985;432000"
"1550","pasture","32400;32400;230400;15;28785;295200"
"1551","pasture","37800;37800;302400;15;43185;378000"
"1552","pasture","43200;43200;810000;15;53985;896400"
"1553","pasture","46800;46800;921600;15;57585;1015200"
"1554","pasture","43200;43200;324000;15;43185;410400"
"1555","pasture","23400;23400;226800;15;25185;273600"
"1556","pasture","28800;28800;324000;15;35985;381600"
"1557","pasture","39600;39600;655200;15;46785;734400"
"1558","pasture","37800;37800;334800;15;43185;410400"
"1559","pasture","37800;37800;338400;15;43185;414000"
"1560","pasture","21600;21600;216000;15;35985;259200"
"1561","pasture","41400;41400;374400;15;43185;457200"
"1562","pasture","37800;37800;338400;15;43185;414000"
"1563","pasture","37800;37800;342000;15;43185;417600"
"1564","pasture","37800;37800;334800;15;43185;410400"
"1565","pasture","37800;37800;338400;15;43185;414000"
"1566","pasture","32400;32400;324000;15;39585;388800"
"1567","pasture","37800;37800;342000;15;43185;417600"
"1568","pasture","43200;43200;324000;15;43185;410400"
"1571","pasture","46800;46800;910800;15;46785;1004400"
"1572","pasture","46800;46800;910800;15;46785;1004400"
"1575","pasture","37800;37800;334800;15;46785;410400"
"1577","pasture","37800;37800;342000;15;46785;417600"
"1578","pasture","32400;32400;324000;15;39585;388800"
"1579","pasture","43200;43200;720000;15;43185;806400"
"1580","pasture","37800;37800;334800;15;46785;410400"
"1581","pasture","37800;37800;334800;15;46785;410400"
"1586","pasture","45000;45000;795600;15;46785;885600"
"1588","pasture","27000;27000;172800;15;43185;226800"
"1589","pasture","27000;27000;172800;15;43185;226800"
"1590","pasture","27000;27000;172800;15;43185;226800"
"1591","pasture","27000;27000;172800;15;43185;226800"
"1592","pasture","27000;27000;172800;15;43185;226800"
"1593","pasture","32400;32400;316800;15;39585;381600"
"1598","pasture","18000;18000;291600;15;32385;327600"
"1599","pasture","28800;28800;216000;15;32385;273600"
"1600","pasture","36000;36000;360000;15;35985;432000"
"1601","pasture","18000;18000;360000;15;35985;396000"
"6291","pasture","43200;43200;810000;15;53985;896400"
"6292","pasture","36000;36000;648000;15;43185;720000"
"6293","pasture","45000;45000;795600;15;46785;885600"
"6294","pasture","34200;34200;316800;15;39420;385200"
