"source_id","name","original_level","crop_type","seed_price","sale_price","base_yield","experience","growth_seconds","harvest_cycles","land_requirement","is_flower","hidden","vip_only","asset_status","asset_files","integration_policy"
"1","草莓","10","1","605","27","24","20","86400","2","0","false","false","false","complete-six-files","6","core-candidate"
"2","白萝卜","0","1","125","17","16","15","36000","1","0","false","false","false","complete-six-files","6","core-candidate"
"3","胡萝卜","0","1","163","21","17","18","46800","1","0","false","false","false","complete-six-files","6","core-candidate"
"4","玉米","3","1","175","23","17","19","50400","1","0","false","false","false","complete-six-files","6","core-candidate"
"5","土豆","4","1","188","24","18","20","54000","1","0","false","false","false","complete-six-files","6","core-candidate"
"6","茄子","5","1","237","25","20","21","57600","1","0","false","false","false","complete-six-files","6","core-candidate"
"7","番茄","6","1","251","26","21","22","61200","1","0","false","false","false","complete-six-files","6","core-candidate"
"8","豌豆","7","1","266","27","22","23","64800","1","0","false","false","false","complete-six-files","6","core-candidate"
"9","辣椒","8","1","296","28","24","25","72000","1","0","false","false","false","partial","4","blocked-assets"
"10","南瓜","9","1","325","30","25","27","79200","1","0","false","false","false","complete-six-files","6","core-candidate"
"11","苹果","10","1","578","24","23","18","75600","2","0","false","false","false","complete-six-files","6","core-candidate"
"13","葡萄","15","1","1978","47","29","30","165600","3","0","false","false","false","complete-six-files","6","core-candidate"
"14","西瓜","11","1","708","29","27","23","100800","2","0","false","false","false","complete-six-files","6","core-candidate"
"15","香蕉","12","1","900","32","29","25","111600","2","0","false","false","false","complete-six-files","6","core-candidate"
"16","菠萝蜜","43","1","4470","55","22","13","100800","7","0","false","false","false","complete-six-files","6","core-candidate"
"17","黑布仑","46","1","4540","58","21","12","90000","7","0","false","false","false","complete-six-files","6","core-candidate"
"18","桃子","13","1","1200","40","32","33","151200","2","0","false","false","false","complete-six-files","6","core-candidate"
"19","橙子","14","1","1587","41","26","25","133200","3","0","false","false","false","complete-six-files","6","core-candidate"
"20","乌饭子","45","1","4510","57","23","14","104400","7","0","false","false","false","complete-six-files","6","core-candidate"
"21","可可豆","47","1","4690","59","27","19","144000","7","0","false","false","false","complete-six-files","6","core-candidate"
"22","鳄梨","44","1","4500","56","23","14","115200","7","0","false","false","false","complete-six-files","6","core-candidate"
"23","石榴","16","1","2425","54","30","34","187200","3","0","false","false","false","complete-six-files","6","core-candidate"
"24","莲雾","48","1","4720","60","27","19","126000","7","0","false","false","false","complete-six-files","6","core-candidate"
"25","银杏树苗","14","1","1587","40","26","23","126000","3","0","false","true","false","complete-six-files","6","excluded-hidden"
"26","柚子","17","1","2855","58","33","39","219600","3","0","false","false","false","complete-six-files","6","core-candidate"
"27","菠萝","18","1","3480","62","35","40","230400","3","0","false","false","false","complete-six-files","6","core-candidate"
"28","营养果粒","10","1","600","25","24","18","90000","2","0","false","true","false","complete-six-files","6","excluded-hidden"
"29","椰子","19","1","3720","65","27","32","198000","4","0","false","false","false","complete-six-files","6","core-candidate"
"30","星之愿","10","1","678","30","24","18","90000","2","0","false","true","false","complete-six-files","6","excluded-hidden"
"31","葫芦","20","1","4742","71","30","36","219600","4","0","false","false","false","complete-six-files","6","core-candidate"
"32","彩钻果","10","1","600","27","25","22","100800","2","0","false","true","false","complete-six-files","6","excluded-hidden"
"33","火龙果","21","1","5356","77","32","41","252000","4","0","false","false","false","complete-six-files","6","core-candidate"
"34","樱桃","22","1","5527","78","33","42","259200","4","0","false","false","false","complete-six-files","6","core-candidate"
"35","荔枝","23","1","6588","86","34","44","277200","4","0","false","false","false","complete-six-files","6","core-candidate"
"36","箬竹","18","1","1600","64","16","19","108000","3","0","false","false","false","complete-six-files","6","core-candidate"
"37","莲藕","7","1","264","26","34","44","122400","1","0","false","false","false","complete-six-files","6","core-candidate"
"38","木瓜","24","1","6590","80","28","26","165600","5","0","false","false","false","complete-six-files","6","core-candidate"
"39","杨桃","25","1","7000","82","29","27","165600","5","0","false","false","false","complete-six-files","6","core-candidate"
"40","牧草","0","1","80","6","25","10","28800","1","0","false","false","false","complete-six-files","6","core-candidate"
"41","红玫瑰","7","1","266","27","22","23","64800","1","0","true","false","false","partial","4","blocked-assets"
"42","柠檬","26","1","6300","83","26","18","111600","5","0","false","false","false","complete-six-files","6","core-candidate"
"43","无花果","18","1","1700","43","29","27","151200","3","0","false","false","false","complete-six-files","6","core-candidate"
"44","丝瓜","15","1","2130","50","24","20","111600","3","0","false","false","false","complete-six-files","6","core-candidate"
"45","猕猴桃","20","1","4700","75","27","27","165600","4","0","false","false","false","complete-six-files","6","core-candidate"
"46","爱心果","15","1","4000","100","24","27","111600","3","0","false","true","false","complete-six-files","6","excluded-hidden"
"47","甘蔗","13","1","1330","42","28","25","111600","2","0","false","false","false","complete-six-files","6","core-candidate"
"48","杨梅","27","1","6600","84","27","18","111600","5","0","false","false","false","complete-six-files","6","core-candidate"
"49","花生","19","1","1200","38","25","25","151200","4","0","false","false","false","complete-six-files","6","core-candidate"
"50","蘑菇","17","1","2600","55","27","16","108000","3","0","false","false","false","complete-six-files","6","core-candidate"
"51","红枣","5","1","237","25","20","21","57600","1","0","false","false","false","complete-six-files","6","core-candidate"
"52","金针菇","19","1","1200","38","25","25","151200","4","0","false","true","false","complete-six-files","6","excluded-hidden"
"53","桂圆","24","1","2300","38","27","18","111600","5","0","false","false","false","complete-six-files","6","core-candidate"
"54","梨","20","1","1360","35","24","19","115200","4","0","false","false","false","complete-six-files","6","core-candidate"
"55","枇杷","21","1","4800","77","27","25","151200","4","0","false","false","false","complete-six-files","6","core-candidate"
"56","哈密瓜","25","1","2873","39","27","18","111600","5","0","false","true","false","complete-six-files","6","excluded-hidden"
"57","芒果","26","1","2500","40","27","18","111600","5","0","false","false","false","complete-six-files","6","core-candidate"
"58","榴莲","27","1","2600","41","27","18","111600","5","0","false","false","false","complete-six-files","6","core-candidate"
"59","大白菜","1","1","168","22","17","19","50400","1","0","false","false","false","complete-six-files","6","core-candidate"
"60","水稻","2","1","168","21","18","19","50400","1","0","false","false","false","complete-six-files","6","core-candidate"
"61","小麦","2","1","168","21","18","19","50400","1","0","false","false","false","complete-six-files","6","core-candidate"
"62","四叶草","10","1","640","24","24","17","82800","2","0","false","true","false","complete-six-files","6","excluded-hidden"
"63","苦瓜","31","1","3210","45","28","18","111600","5","0","false","false","false","complete-six-files","6","core-candidate"
"64","大葱","1","1","125","19","17","15","39600","1","0","false","true","false","complete-six-files","6","excluded-hidden"
"65","大蒜","1","1","169","22","17","19","50400","1","0","false","false","false","complete-six-files","6","core-candidate"
"66","鲜姜","3","1","125","20","17","15","39600","1","0","false","true","false","complete-six-files","6","excluded-hidden"
"67","香瓜","23","1","1587","38","26","22","126000","4","0","false","true","false","complete-six-files","6","excluded-hidden"
"68","冬瓜","32","1","3300","46","28","18","111600","5","0","false","false","false","complete-six-files","6","core-candidate"
"69","莴笋","19","1","3720","65","27","32","198000","4","0","false","true","false","partial","5","excluded-hidden"
"70","黄豆","11","1","708","29","27","23","100800","2","0","false","true","false","complete-six-files","6","excluded-hidden"
"71","小白菜","4","1","135","21","18","15","39600","1","0","false","true","false","complete-six-files","6","excluded-hidden"
"72","榛子","15","1","1978","47","29","30","165600","3","0","false","false","false","complete-six-files","6","core-candidate"
"73","菠菜","9","1","366","29","24","21","61200","1","0","false","true","false","partial","4","excluded-hidden"
"74","金桔","34","1","3470","46","29","18","111600","5","0","false","false","false","complete-six-files","6","core-candidate"
"75","桑葚","25","1","2976","39","27","18","111600","5","0","false","true","false","complete-six-files","6","excluded-hidden"
"76","山竹","30","1","3110","44","28","18","111600","5","0","false","false","false","complete-six-files","6","core-candidate"
"77","蓝莓","29","1","2976","43","28","18","111600","5","0","false","false","false","complete-six-files","6","core-candidate"
"78","杏子","33","1","3376","45","29","18","111600","5","0","false","false","false","complete-six-files","6","core-candidate"
"79","番石榴","28","1","2873","42","28","18","111600","5","0","false","false","false","complete-six-files","6","core-candidate"
"80","月柿","24","1","2350","38","27","18","111600","5","0","false","true","false","complete-six-files","6","excluded-hidden"
"81","圣诞树","0","1","163","20","16","14","46800","1","0","false","true","false","complete-six-files","6","excluded-hidden"
"82","摇钱树","14","1","1587","41","26","25","133200","3","0","false","true","false","complete-six-files","6","excluded-hidden"
"83","红毛丹","35","1","3520","47","30","19","118800","5","0","false","false","false","complete-six-files","6","core-candidate"
"84","芭蕉","36","1","3630","48","28","16","104400","5","0","false","false","false","complete-six-files","6","core-candidate"
"85","番荔枝","37","1","3840","49","26","16","111600","6","0","false","false","false","complete-six-files","6","core-candidate"
"86","橄榄","38","1","3840","50","26","16","108000","6","0","false","false","false","complete-six-files","6","core-candidate"
"87","百香果","39","1","4130","50","26","15","108000","6","0","false","false","false","complete-six-files","6","core-candidate"
"88","灯笼果","40","1","4200","52","26","16","104400","6","0","false","false","false","complete-six-files","6","core-candidate"
"89","芦荟","41","1","4280","53","26","16","104400","6","0","false","false","false","complete-six-files","6","core-candidate"
"90","薄荷","42","1","4380","54","27","17","108000","6","0","false","false","false","complete-six-files","6","core-candidate"
"91","山楂","9","1","325","30","25","27","79200","1","0","false","true","false","complete-six-files","6","excluded-hidden"
"92","稀世琉璃果","20","1","3522","75","27","27","165600","4","0","false","true","false","complete-six-files","6","excluded-hidden"
"93","炫舞之星","10","1","750","25","24","18","90000","2","0","false","true","false","partial","5","excluded-hidden"
"94","海洋之心","10","1","750","25","24","18","90000","2","0","false","true","false","partial","4","excluded-hidden"
"95","栗子","16","1","1600","49","20","19","108000","3","0","false","false","false","partial","4","blocked-assets"
"96","生菜","4","1","195","24","21","25","68400","1","0","false","false","false","partial","4","blocked-assets"
"97","黄瓜","8","1","280","28","29","35","100800","1","0","false","false","false","partial","4","blocked-assets"
"98","花菜","6","1","258","26","28","37","100800","1","0","false","false","false","partial","4","blocked-assets"
"99","油菜","4","1","194","24","23","29","61200","1","0","false","false","false","partial","4","blocked-assets"
"100","竹笋","12","1","800","28","28","20","90000","2","0","false","false","false","complete-six-files","6","core-candidate"
"101","薰衣草","17","1","2521","58","33","39","219600","3","0","true","true","false","complete-six-files","6","excluded-hidden"
"102","马蹄莲","18","1","3480","62","35","40","230400","3","0","true","true","false","complete-six-files","6","excluded-hidden"
"103","天香百合","8","1","296","28","24","25","72000","1","0","true","true","false","complete-six-files","6","excluded-hidden"
"104","非洲菊","10","1","578","24","23","18","75600","2","0","true","true","false","complete-six-files","6","excluded-hidden"
"105","小雏菊","6","1","251","26","21","22","61200","1","0","true","true","false","complete-six-files","6","excluded-hidden"
"106","郁金香","16","1","2425","54","30","34","187200","3","0","true","true","false","complete-six-files","6","excluded-hidden"
"107","仙人掌","20","1","1360","35","24","19","115200","4","0","true","true","false","complete-six-files","6","excluded-hidden"
"108","铃兰","22","1","2150","43","25","19","115200","4","0","true","true","false","complete-six-files","6","excluded-hidden"
"109","蝴蝶兰","18","1","3480","62","35","40","230400","3","0","true","true","false","complete-six-files","6","excluded-hidden"
"110","满天星","7","1","300","10","37","19","90000","3","0","true","true","false","complete-six-files","6","excluded-hidden"
"111","粉玫瑰","11","1","708","29","27","23","100800","2","0","true","true","false","complete-six-files","6","excluded-hidden"
"112","风信子","13","1","1120","42","28","25","111600","2","0","true","true","false","complete-six-files","6","excluded-hidden"
"113","栀子花","14","1","1587","41","26","25","133200","3","0","true","true","false","complete-six-files","6","excluded-hidden"
"114","蓝玫瑰","19","1","1200","38","25","25","151200","4","0","true","true","false","complete-six-files","6","excluded-hidden"
"116","曼陀罗华","30","1","3200","82","62","16","126000","8","1","true","false","false","partial","4","blocked-assets"
"117","康乃馨","26","1","2100","40","27","18","111600","5","0","true","true","false","complete-six-files","6","excluded-hidden"
"118","水仙花","13","1","1130","42","28","25","111600","2","0","true","true","false","complete-six-files","6","excluded-hidden"
"119","紫罗兰","27","1","2600","41","27","18","111600","5","0","true","false","false","complete-six-files","6","core-candidate"
"121","蔷薇","15","1","1978","47","29","30","165600","3","0","true","true","false","complete-six-files","6","excluded-hidden"
"122","丁香花","12","1","900","32","29","25","111600","2","0","true","false","false","complete-six-files","6","core-candidate"
"123","海棠花","23","1","6588","86","34","44","277200","4","0","true","true","false","complete-six-files","6","excluded-hidden"
"124","月季花","20","1","1760","35","24","19","115200","4","0","true","false","false","partial","4","blocked-assets"
"125","太阳花","28","1","2873","42","28","18","111600","5","0","true","true","false","complete-six-files","6","excluded-hidden"
"126","曼珠沙华","30","1","3200","82","62","16","126000","8","1","true","false","false","complete-six-files","6","core-candidate"
"128","茉莉花","14","1","1495","41","24","23","126000","3","0","true","true","false","complete-six-files","6","excluded-hidden"
"129","勿忘我","15","1","1620","45","24","24","122400","3","0","true","false","false","partial","5","blocked-assets"
"130","琼花","28","1","2873","43","28","18","111600","3","0","true","false","false","complete-six-files","6","core-candidate"
"131","六月雪","22","1","1914","44","29","18","97200","3","0","true","false","false","complete-six-files","6","core-candidate"
"133","凤仙花","24","1","2001","46","29","18","108000","3","0","true","false","false","partial","5","blocked-assets"
"134","绿牡丹","10","1","578","24","22","15","72000","2","0","true","true","false","partial","4","excluded-hidden"
"135","火绒草","10","1","528","24","22","15","72000","2","0","true","true","false","complete-six-files","6","excluded-hidden"
"136","毛蟹爪莲","10","1","578","24","22","15","72000","2","0","true","false","false","complete-six-files","6","core-candidate"
"137","花儿朵朵","3","1","30","200","10","0","270000","1","0","true","false","false","complete-six-files","6","core-candidate"
"138","车神之恋","10","1","648","27","24","20","82800","2","0","true","true","false","complete-six-files","6","excluded-hidden"
"139","糖槭树花","10","1","528","24","22","15","72000","2","0","true","false","false","complete-six-files","6","core-candidate"
"140","象牙红","10","1","528","24","22","15","72000","2","0","true","false","false","complete-six-files","6","core-candidate"
"141","花香根鸢尾","10","1","502","24","22","15","72000","2","0","true","false","false","complete-six-files","6","core-candidate"
"142","虞美人","10","1","502","24","22","15","72000","2","0","true","false","false","complete-six-files","6","core-candidate"
"143","含羞草","7","1","265","27","22","23","64800","1","0","true","false","false","complete-six-files","6","core-candidate"
"144","七里香","12","1","900","32","29","25","111600","2","0","true","false","false","complete-six-files","6","core-candidate"
"145","向日葵","10","1","578","24","23","18","75600","2","0","false","true","false","complete-six-files","6","excluded-hidden"
"146","冰爽之星","5","1","237","25","20","21","57600","1","0","false","true","false","complete-six-files","6","excluded-hidden"
"147","牵牛花","7","1","300","10","37","19","90000","3","0","true","true","false","complete-six-files","6","excluded-hidden"
"148","炫舞璀璨","10","1","576","25","24","18","90000","2","0","false","true","false","complete-six-files","6","excluded-hidden"
"150","梦幻圣果","13","1","1330","42","28","25","111600","2","0","false","false","false","partial","4","blocked-assets"
"151","幻想彩虹树","11","1","708","29","27","23","100800","2","0","false","true","false","complete-six-files","6","excluded-hidden"
"152","幻想幸运星","13","1","1176","42","28","25","111600","2","0","false","false","false","partial","4","blocked-assets"
"153","月亮果","8","1","300","20","30","25","90000","1","0","false","true","false","complete-six-files","6","excluded-hidden"
"154","月桂花","8","1","300","20","30","25","90000","1","0","true","true","false","complete-six-files","6","excluded-hidden"
"158","银鹭花生","10","1","605","27","24","20","82800","2","0","false","true","false","complete-six-files","6","excluded-hidden"
"159","幻世天缘果","12","1","240","15","20","25","111600","2","0","false","true","false","complete-six-files","6","excluded-hidden"
"160","彩灯果","36","1","4200","48","28","16","104400","5","0","false","true","false","complete-six-files","6","excluded-hidden"
"161","秋菊（黄色）","7","1","585","10","37","19","90000","3","0","true","true","false","partial","5","excluded-hidden"
"162","秋菊（红色）","7","1","585","10","37","19","90000","3","0","true","true","false","complete-six-files","6","excluded-hidden"
"164","万圣南瓜","30","1","2873","30","28","18","111600","5","0","false","true","false","complete-six-files","6","excluded-hidden"
"165","茱萸","20","1","1360","35","24","19","115200","4","0","false","true","false","complete-six-files","6","excluded-hidden"
"166","七彩果","50","1","6014","63","30","21","169200","7","0","false","true","false","complete-six-files","6","excluded-hidden"
"167","糖果","10","1","14","20","2","29","86400","1","0","false","true","false","complete-six-files","6","excluded-hidden"
"168","魔法士爱心树","10","1","631","25","24","18","90000","2","0","false","true","false","complete-six-files","6","excluded-hidden"
"169","红色景观树","5","1","245","20","20","21","57600","1","0","false","false","false","complete-six-files","6","core-candidate"
"170","黄色景观树","5","1","245","20","20","21","57600","1","0","false","false","false","complete-six-files","6","core-candidate"
"171","绿色景观树","5","1","245","20","20","21","57600","1","0","false","false","false","complete-six-files","6","core-candidate"
"172","宋梅","25","1","2630","39","27","18","111600","5","0","true","false","false","complete-six-files","6","core-candidate"
"173","夜来香","27","1","1443","33","27","18","111600","5","0","true","false","false","complete-six-files","6","core-candidate"
"174","晚香玉","25","1","1443","31","27","18","111600","5","0","true","true","false","complete-six-files","6","excluded-hidden"
"175","黄花魁","26","1","1443","32","27","18","111600","5","0","true","false","false","complete-six-files","6","core-candidate"
"176","金银花","24","1","2131","30","27","18","111600","5","0","true","true","false","complete-six-files","6","excluded-hidden"
"177","搜搜智慧果","10","1","631","25","24","18","90000","2","0","false","false","false","complete-six-files","6","core-candidate"
"178","三国诸葛羽","15","1","2900","40","29","30","165600","3","0","true","false","false","complete-six-files","6","core-candidate"
"179","家园挚爱花","10","1","550","25","24","18","90000","2","0","true","true","false","complete-six-files","6","excluded-hidden"
"180","战地之星","12","1","900","32","29","25","111600","2","0","false","false","false","partial","4","blocked-assets"
"181","音速星语","11","1","708","29","27","23","100800","2","0","false","false","false","complete-six-files","6","core-candidate"
"182","艳蝶兰","19","1","1900","38","25","25","151200","4","0","true","false","false","partial","4","blocked-assets"
"183","木棉花","25","1","5945","82","29","27","165600","5","0","true","false","false","partial","4","blocked-assets"
"185","似何莲","18","1","3255","62","35","40","230400","3","0","true","false","false","partial","4","blocked-assets"
"186","米兰","22","1","2150","43","25","19","115200","4","0","true","false","false","complete-six-files","6","core-candidate"
"187","君子兰","21","1","2368","37","32","25","151200","4","0","true","false","false","complete-six-files","6","core-candidate"
"188","文殊兰","15","1","1800","50","24","20","111600","3","0","true","false","false","partial","4","blocked-assets"
"189","鸡冠花","34","1","3335","46","29","18","111600","5","0","true","false","false","partial","4","blocked-assets"
"190","阿拉德之花","13","1","1176","42","28","25","111600","2","0","true","false","false","partial","4","blocked-assets"
"191","西游仙桃","12","1","300","15","20","25","111600","2","0","false","false","false","complete-six-files","6","core-candidate"
"192","黄番红花","46","1","680","60","22","16","136800","8","0","true","false","false","partial","4","blocked-assets"
"194","七雄璧玉花","10","1","680","25","24","18","90000","2","0","true","false","false","complete-six-files","6","core-candidate"
"195","飞车花匙","12","1","900","32","29","25","111600","2","0","true","false","false","complete-six-files","6","core-candidate"
"197","火线夜玫瑰","11","1","708","29","27","23","100800","2","0","true","false","false","complete-six-files","6","core-candidate"
"198","大明龙纹花","10","1","660","25","24","18","90000","2","0","true","false","false","complete-six-files","6","core-candidate"
"200","蓝田玉","30","1","3940","256","40","33","144000","5","0","false","false","false","complete-six-files","6","core-candidate"
"201","天山雪莲","40","1","3850","122","41","13","133200","9","1","false","false","false","complete-six-files","6","core-candidate"
"202","金边灵芝","41","1","3900","124","39","12","108000","9","1","false","false","false","complete-six-files","6","core-candidate"
"203","三七","60","1","5300","70","34","21","169200","7","0","false","false","false","partial","4","blocked-assets"
"204","人参","43","1","4150","130","52","17","151200","9","1","false","false","false","complete-six-files","6","core-candidate"
"205","一点红","59","1","5180","69","33","20","162000","8","0","false","false","false","complete-six-files","6","core-candidate"
"206","佛手瓜","43","1","4410","55","22","18","144000","7","0","false","false","false","complete-six-files","6","core-candidate"
"207","八仙花","46","1","3520","60","22","16","136800","8","0","true","false","false","partial","4","blocked-assets"
"208","决明子","53","1","4860","65","31","20","162000","7","0","false","false","false","complete-six-files","6","core-candidate"
"209","关苍术","54","1","4940","66","31","20","165600","7","0","false","false","false","complete-six-files","6","core-candidate"
"210","冬凌草","55","1","4990","67","31","20","165600","7","0","false","false","false","complete-six-files","6","core-candidate"
"211","关白附子","56","1","5000","68","32","21","165600","7","0","false","false","false","complete-six-files","6","core-candidate"
"212","兔儿伞","57","1","5100","59","32","21","165600","7","0","false","false","false","partial","4","blocked-assets"
"218","瓶子树","28","1","3000","80","45","12","90000","8","1","false","false","false","complete-six-files","6","core-candidate"
"219","路易十四","42","1","4000","127","50","16","144000","9","1","true","false","false","complete-six-files","6","core-candidate"
"220","猪笼草","29","1","3160","81","53","14","108000","8","1","false","false","false","complete-six-files","6","core-candidate"
"221","天堂鸟","31","1","3330","83","63","16","108000","8","1","false","false","false","partial","5","blocked-assets"
"222","豹皮花","32","1","3500","84","69","18","133200","8","1","false","false","false","complete-six-files","6","core-candidate"
"223","夏蜡梅","33","1","3520","85","77","20","151200","8","1","false","false","false","complete-six-files","6","core-candidate"
"224","昙花","34","1","3599","100","120","72","277200","1","1","false","false","false","complete-six-files","6","core-candidate"
"225","宝华玉兰","35","1","3625","110","68","22","176400","8","1","true","false","false","complete-six-files","6","core-candidate"
"226","依米花","36","1","3646","112","50","16","118800","8","1","true","false","false","complete-six-files","6","core-candidate"
"227","大王花","37","1","3720","115","58","19","136800","8","1","true","false","false","complete-six-files","6","core-candidate"
"228","人参果","38","1","3768","116","55","18","158400","8","1","false","false","false","complete-six-files","6","core-candidate"
"229","何首乌","42","1","4100","128","50","16","144000","9","1","false","false","false","complete-six-files","6","core-candidate"
"230","多彩葫芦","60","1","9426","144","48","21","144000","3","0","false","false","false","complete-six-files","6","core-candidate"
"231","人参娃","61","1","5648","73","49","22","144000","3","0","false","true","false","complete-six-files","6","excluded-hidden"
"232","七色花","62","1","5375","74","46","19","126000","3","0","false","true","false","complete-six-files","6","excluded-hidden"
"233","宝莲灯","63","1","7000","75","53","24","162000","3","0","false","true","false","complete-six-files","6","excluded-hidden"
"234","食人花","64","1","5880","76","49","19","129600","3","0","true","false","false","partial","5","blocked-assets"
"235","金花茶","39","1","3780","120","50","16","136800","8","1","true","false","false","complete-six-files","6","core-candidate"
"236","橙葫芦","8","1","672","28","48","25","72000","1","0","false","true","false","complete-six-files","6","excluded-hidden"
"237","黄葫芦","12","1","1856","32","58","25","111600","2","0","false","true","false","complete-six-files","6","excluded-hidden"
"238","绿葫芦","16","1","2425","54","60","34","187200","3","0","false","true","false","complete-six-files","6","excluded-hidden"
"239","青葫芦","20","1","1360","35","48","19","115200","4","0","false","true","false","complete-six-files","6","excluded-hidden"
"240","蓝葫芦","24","1","4772","38","54","18","111600","5","0","false","true","false","complete-six-files","6","excluded-hidden"
"241","紫葫芦","28","1","5345","42","56","18","111600","5","0","false","true","false","complete-six-files","6","excluded-hidden"
"242","似血杜鹃","44","1","4200","140","58","20","180000","9","1","true","false","false","complete-six-files","6","core-candidate"
"243","芹叶铁线莲","45","1","4200","145","57","20","180000","9","1","true","false","false","complete-six-files","6","core-candidate"
"244","袋鼠花","48","1","4660","148","53","21","162000","9","1","true","false","false","complete-six-files","6","core-candidate"
"245","红葫芦","4","1","188","24","36","20","54000","1","0","false","true","false","complete-six-files","6","excluded-hidden"
"246","葡萄风信子","46","1","4300","146","48","16","144000","9","1","true","false","false","complete-six-files","6","core-candidate"
"247","醉蝶花","47","1","4400","147","48","16","144000","9","1","true","false","false","complete-six-files","6","core-candidate"
"249","荷包牡丹","49","1","4760","149","53","21","162000","9","1","true","false","false","complete-six-files","6","core-candidate"
"250","冰凌花","53","1","4930","154","61","21","151200","8","1","true","false","false","partial","4","blocked-assets"
"251","鹭草","50","1","4820","150","58","22","151200","8","1","true","false","false","complete-six-files","6","core-candidate"
"253","吊钟花","51","1","5066","152","60","23","162000","8","1","true","false","false","partial","4","blocked-assets"
"257","孔雀草","45","1","4000","160","57","18","104400","6","1","false","false","false","partial","4","blocked-assets"
"260","桉树","45","1","4000","160","57","18","104400","6","1","false","false","false","partial","4","blocked-assets"
"262","帝王花","54","1","4960","154","61","21","180000","9","1","true","false","false","partial","3","blocked-assets"
"264","红色郁金香","20","1","2540","233","35","28","115200","4","0","false","false","false","complete-six-files","6","core-candidate"
"265","朱雀花","50","1","4500","180","50","21","169200","7","1","false","false","false","partial","4","blocked-assets"
"266","羊乳花","52","1","4900","153","60","22","162000","8","1","true","false","false","partial","4","blocked-assets"
"267","地涌金莲","58","1","7650","456","53","42","136800","5","0","false","false","false","complete-six-files","6","core-candidate"
"268","猴面包树","55","1","4980","155","62","21","180000","9","1","false","false","false","partial","4","blocked-assets"
"269","桔梗花","10","1","1530","230","30","27","86400","2","0","false","false","false","complete-six-files","6","core-candidate"
"301","蛋黄果","49","1","4760","61","49","21","162000","7","0","false","false","false","complete-six-files","6","core-candidate"
"302","沙棘","50","1","4790","62","29","21","169200","7","0","false","false","false","complete-six-files","6","core-candidate"
"303","榅桲","51","1","4820","63","31","23","180000","7","0","false","false","false","complete-six-files","6","core-candidate"
"304","黄金果","52","1","4830","64","31","22","169200","7","0","false","false","false","complete-six-files","6","core-candidate"
"305","韭菜","6","1","273","26","21","22","61200","1","0","false","false","false","complete-six-files","6","core-candidate"
"306","芹菜","8","1","336","28","24","25","72000","1","0","false","false","false","partial","5","blocked-assets"
"308","核桃","9","1","362","29","24","21","61200","1","0","false","false","false","partial","4","blocked-assets"
"309","雪梅花","30","1","20336","82","62","16","126000","8","0","true","true","false","complete-six-files","6","excluded-hidden"
"310","雪人","30","1","3150","44","28","18","111600","5","0","false","true","false","complete-six-files","6","excluded-hidden"
"311","星星圣诞树","8","1","300","82","10","30","86400","1","0","false","true","false","complete-six-files","6","excluded-hidden"
"312","姜饼人圣诞树","8","1","300","82","10","30","86400","1","0","false","true","false","complete-six-files","6","excluded-hidden"
"313","拐杖圣诞树","8","1","300","82","10","30","86400","1","0","false","true","false","complete-six-files","6","excluded-hidden"
"314","金色圣诞树","50","1","6200","62","29","21","169200","7","0","false","true","false","complete-six-files","6","excluded-hidden"
"315","幸福平安果","30","1","19367","82","62","16","126000","8","0","false","true","false","complete-six-files","6","excluded-hidden"
"316","幸运数字0","0","1","125","21","17","18","46800","1","0","false","false","false","complete-six-files","6","core-candidate"
"317","幸运数字1","1","1","130","22","17","19","50400","1","0","false","false","false","complete-six-files","6","core-candidate"
"318","幸运数字2","2","1","134","21","18","19","50400","1","0","false","false","false","complete-six-files","6","core-candidate"
"319","幸运数字3","3","1","129","20","17","15","39600","1","0","false","false","false","complete-six-files","6","core-candidate"
"320","幸运数字4","4","1","134","21","18","15","39600","1","0","false","false","false","partial","5","blocked-assets"
"321","幸运数字5","5","1","178","25","20","21","57600","1","0","false","false","false","partial","5","blocked-assets"
"322","幸运数字6","6","1","195","26","21","22","61200","1","0","false","false","false","complete-six-files","6","core-candidate"
"323","幸运数字7","7","1","212","27","22","23","64800","1","0","false","false","false","complete-six-files","6","core-candidate"
"324","幸运数字8","8","1","240","28","24","25","72000","1","0","false","false","false","partial","5","blocked-assets"
"325","幸运数字9","9","1","267","30","25","27","79200","1","0","false","false","false","partial","5","blocked-assets"
"326","黄钻之星","50","1","4790","62","29","21","169200","7","0","false","true","false","complete-six-files","6","excluded-hidden"
"327","爆竹树","40","1","4056","52","26","16","104400","6","0","false","false","false","complete-six-files","6","core-candidate"
"328","合家欢","45","1","4588","57","23","14","104400","7","0","false","false","false","complete-six-files","6","core-candidate"
"329","红包树","38","1","3900","50","26","16","108000","6","0","false","false","false","complete-six-files","6","core-candidate"
"330","浮云树","25","1","2393","39","27","18","111600","5","0","false","false","false","complete-six-files","6","core-candidate"
"332","新年灯笼树","15","1","2044","47","29","30","165600","3","0","false","false","false","complete-six-files","6","core-candidate"
"333","吉祥豆","20","1","4050","75","27","27","165600","4","0","false","false","false","complete-six-files","6","core-candidate"
"334","悦活绿植娃娃","5","1","237","25","20","21","57600","1","0","false","false","false","complete-six-files","6","core-candidate"
"335","&符号","10","1","578","24","23","18","75600","2","0","false","false","true","partial","4","core-candidate"
"336","爱心符号","10","1","578","24","23","18","75600","2","0","false","false","true","partial","4","core-candidate"
"337","五角星符号","10","1","578","24","23","18","75600","2","0","false","false","true","partial","4","core-candidate"
"338","问号","10","1","578","24","23","18","75600","2","0","false","false","true","partial","4","core-candidate"
"339","感叹符号","10","1","578","24","23","18","75600","2","0","false","false","true","partial","4","core-candidate"
"340","字母A","30","1","3080","44","28","18","111600","5","0","false","false","false","partial","4","blocked-assets"
"341","字母B","30","1","3080","44","28","18","111600","5","0","false","false","false","partial","4","blocked-assets"
"342","字母C","30","1","3080","44","28","18","111600","5","0","false","false","false","partial","4","blocked-assets"
"343","字母D","30","1","3080","44","28","18","111600","5","0","false","false","false","partial","4","blocked-assets"
"344","字母E","30","1","3080","44","28","18","111600","5","0","false","false","false","partial","4","blocked-assets"
"345","字母F","30","1","3080","44","28","18","111600","5","0","false","false","false","partial","4","blocked-assets"
"346","字母G","30","1","3080","44","28","18","111600","5","0","false","false","false","partial","4","blocked-assets"
"347","字母H","30","1","3080","44","28","18","111600","5","0","false","false","false","partial","4","blocked-assets"
"348","字母I","30","1","3080","44","28","18","111600","5","0","false","false","false","partial","4","blocked-assets"
"349","字母J","30","1","3080","44","28","18","111600","5","0","false","false","false","partial","4","blocked-assets"
"350","字母K","30","1","3080","44","28","18","111600","5","0","false","false","false","partial","4","blocked-assets"
"351","字母L","30","1","3080","44","28","18","111600","5","0","false","false","false","partial","4","blocked-assets"
"352","字母M","30","1","3080","44","28","18","111600","5","0","false","false","false","partial","4","blocked-assets"
"353","字母N","30","1","3080","44","28","18","111600","5","0","false","false","false","partial","4","blocked-assets"
"354","字母O","30","1","3080","44","28","18","111600","5","0","false","false","false","partial","4","blocked-assets"
"355","字母P","30","1","3080","44","28","18","111600","5","0","false","false","false","partial","4","blocked-assets"
"356","字母Q","30","1","3080","44","28","18","111600","5","0","false","false","false","partial","4","blocked-assets"
"357","字母R","30","1","3080","44","28","18","111600","5","0","false","false","false","partial","4","blocked-assets"
"358","字母S","30","1","3080","44","28","18","111600","5","0","false","false","false","partial","4","blocked-assets"
"359","字母T","30","1","3080","44","28","18","111600","5","0","false","false","false","partial","4","blocked-assets"
"360","字母U","30","1","3080","44","28","18","111600","5","0","false","false","false","partial","4","blocked-assets"
"361","字母V","30","1","3080","44","28","18","111600","5","0","false","false","false","partial","4","blocked-assets"
"362","字母W","30","1","3080","44","28","18","111600","5","0","false","false","false","partial","4","blocked-assets"
"363","字母X","30","1","3080","44","28","18","111600","5","0","false","false","false","partial","4","blocked-assets"
"364","字母Y","30","1","3080","44","28","18","111600","5","0","false","false","false","partial","4","blocked-assets"
"365","字母Z","30","1","3080","44","28","18","111600","5","0","false","false","false","partial","4","blocked-assets"
"366","彩虹玫瑰","35","1","3525","47","30","19","118800","5","0","true","false","false","complete-six-files","6","core-candidate"
"367","金条树","18","1","100","10","7","20","90000","2","0","false","true","false","complete-six-files","6","excluded-hidden"
"371","扶桑花","25","1","2980","234","38","30","126000","5","0","false","false","false","complete-six-files","6","core-candidate"
"378","洛克小灵桃","10","1","660","25","24","18","90000","2","0","false","false","false","partial","4","blocked-assets"
"380","益母草","58","1","5150","69","33","21","169200","7","0","true","false","false","partial","4","blocked-assets"
"382","摩羯座作物","40","1","4056","52","26","16","104400","6","0","false","false","true","partial","4","core-candidate"
"383","水瓶座作物","40","1","4056","52","26","16","104400","6","0","false","false","true","partial","4","core-candidate"
"384","双鱼座作物","40","1","4056","52","26","16","104400","6","0","false","false","true","partial","4","core-candidate"
"385","白羊座作物","40","1","4056","52","26","16","104400","6","0","false","false","true","partial","4","core-candidate"
"386","金牛座作物","40","1","4056","52","26","16","104400","6","0","false","false","true","partial","4","core-candidate"
"387","双子座作物","40","1","4056","52","26","16","104400","6","0","false","false","true","partial","4","core-candidate"
"388","巨蟹座作物","40","1","4056","52","26","16","104400","6","0","false","false","true","partial","4","core-candidate"
"389","狮子座作物","40","1","4056","52","26","16","104400","6","0","false","false","true","partial","4","core-candidate"
"390","处女座作物","40","1","4056","52","26","16","104400","6","0","false","false","true","partial","4","core-candidate"
"391","天秤座作物","40","1","4056","52","26","16","104400","6","0","false","false","true","partial","4","core-candidate"
"392","天蝎座作物","40","1","4056","52","26","16","104400","6","0","false","false","true","partial","4","core-candidate"
"393","射手座作物","40","1","4056","52","26","16","104400","6","0","false","false","true","partial","4","core-candidate"
"396","迎春花","15","1","150","30","18","30","86400","1","0","false","false","false","partial","4","blocked-assets"
"397","仙客来","34","1","3335","46","29","18","111600","5","0","true","false","false","partial","4","blocked-assets"
"398","金雀花","31","1","3150","45","28","18","111600","5","0","true","false","false","partial","4","blocked-assets"
"399","含笑花","27","1","5400","84","27","18","111600","5","0","false","false","false","partial","4","blocked-assets"
"400","美女樱","40","1","4056","52","26","16","104400","6","0","true","false","false","complete-six-files","6","core-candidate"
"401","LOL琴音水仙","15","1","1978","47","29","30","165600","3","0","false","false","false","partial","4","blocked-assets"
"402","疯狂摇滚猫","16","1","1470","49","20","19","108000","3","0","false","true","false","partial","4","excluded-hidden"
"403","河马新娘","24","1","5600","80","28","26","165600","5","0","false","true","false","partial","4","excluded-hidden"
"404","英雄大象","20","1","4260","71","30","36","219600","4","0","false","false","false","partial","4","blocked-assets"
"405","绵羊海盗","8","1","336","28","24","25","72000","1","0","false","true","false","partial","4","excluded-hidden"
"406","早樱","37","1","3150","50","29","19","111600","5","0","true","false","false","partial","4","blocked-assets"
"410","红白樱花","15","1","2065","231","33","29","108000","3","0","false","false","false","complete-six-files","6","core-candidate"
"412","大运UU树","14","1","1587","41","26","25","133200","3","0","false","false","false","partial","4","blocked-assets"
"413","李子","22","1","5148","78","33","42","259200","4","0","false","false","false","partial","4","blocked-assets"
"415","西游芭蕉扇","11","1","708","29","27","23","100800","2","0","false","false","false","partial","4","blocked-assets"
"416","哈哈南瓜","20","1","4260","71","30","36","219600","4","0","false","false","false","partial","4","blocked-assets"
"417","咔咔番茄","15","1","1800","50","24","20","111600","3","0","false","false","false","partial","4","blocked-assets"
"418","嘻嘻玉米","10","1","600","25","24","18","90000","2","0","false","false","false","partial","4","blocked-assets"
"419","呲牙白菜","10","1","500","24","23","18","75600","2","0","false","false","false","partial","4","blocked-assets"
"423","寻仙八卦葫芦","15","1","1978","47","29","30","165600","3","0","false","false","false","partial","4","blocked-assets"
"424","仙侠星界莲花","10","1","578","24","23","18","75600","2","0","true","false","false","partial","4","blocked-assets"
"425","七雄重楼花","12","1","350","15","20","25","111600","2","0","true","false","false","partial","4","blocked-assets"
"426","许愿果","20","1","4050","75","27","27","165600","4","0","false","false","false","partial","4","blocked-assets"
"427","微博蒲公英","35","1","3341","47","30","19","118800","5","0","false","false","false","partial","4","blocked-assets"
"429","鸢尾巧克力","30","1","4341","50","23","16","126000","7","0","false","false","false","partial","4","blocked-assets"
"430","DNF小灯笼果","11","1","708","29","27","23","100800","2","0","false","false","false","partial","4","blocked-assets"
"431","QQ旅游树","10","1","720","30","24","18","90000","2","0","false","false","false","partial","4","blocked-assets"
"433","丝路雪莲","12","1","708","25","20","25","111600","2","0","false","false","false","partial","4","blocked-assets"
"434","火线灵狐草","10","1","660","25","24","18","111600","2","0","false","false","false","partial","4","blocked-assets"
"435","山丹丹","24","1","4869","80","28","26","165600","5","0","false","false","false","complete-six-files","6","core-candidate"
"436","红梅","26","1","2160","32","27","18","111600","5","0","false","false","false","partial","5","blocked-assets"
"437","杜鹃","24","1","1928","30","27","18","111600","5","0","false","false","false","partial","5","blocked-assets"
"438","映山红","28","1","5345","42","56","18","111600","5","0","false","false","false","partial","4","blocked-assets"
"439","连理枝","15","1","2043","47","29","30","165600","3","0","true","false","false","partial","4","blocked-assets"
"440","七彩皇后","30","1","18487","82","62","16","126000","8","0","true","false","false","partial","4","blocked-assets"
"441","红豆","10","1","528","24","22","15","72000","2","0","false","false","false","partial","4","blocked-assets"
"442","睡莲","20","1","4742","71","30","36","219600","4","0","true","false","false","partial","4","blocked-assets"
"443","乞巧相思果","23","1","5570","86","34","44","277200","4","0","true","false","false","partial","4","blocked-assets"
"444","功夫大乐斗","10","1","650","25","24","18","90000","2","0","false","false","false","partial","4","blocked-assets"
"445","汽车人","10","1","600","24","22","15","72000","2","0","false","false","true","partial","4","core-candidate"
"446","金色飞贼","10","1","600","24","22","15","72000","2","0","false","false","true","partial","4","core-candidate"
"447","并蒂果","47","1","500","63","30","30","104400","3","0","false","false","false","partial","4","blocked-assets"
"448","天娇","63","1","5678","75","53","32","165600","3","0","true","false","false","partial","4","blocked-assets"
"449","西游盘丝草","11","1","708","29","27","23","100800","2","0","false","false","false","partial","4","blocked-assets"
"450","火舞草","5","1","210","15","20","25","100800","1","0","false","false","false","partial","4","blocked-assets"
"451","飞车漂流果","12","1","1000","32","29","25","111600","2","0","false","false","false","partial","4","blocked-assets"
"452","楚汉云龙果","13","1","1330","42","28","25","111600","2","0","false","false","false","partial","4","blocked-assets"
"453","漫天花雨","60","1","4580","70","48","21","144000","3","0","false","false","false","partial","4","blocked-assets"
"454","扫把烟花","53","1","4000","62","46","19","108000","3","0","true","false","false","partial","4","blocked-assets"
"455","冰蓝蝶影","42","1","3300","58","29","15","100800","4","0","true","false","false","partial","4","blocked-assets"
"456","红露珍","50","1","6650","180","50","21","169200","7","1","false","false","false","partial","4","blocked-assets"
"457","火鹤花","30","1","6650","50","23","16","126000","7","0","false","false","false","partial","4","blocked-assets"
"458","海芋","21","1","2130","50","28","20","111600","4","0","true","false","false","partial","4","blocked-assets"
"460","园艺熊猫","46","1","6650","450","42","43","187200","6","2","false","false","false","partial","4","blocked-assets"
"461","园艺鲸鱼","41","1","5000","400","42","40","172800","5","2","false","false","false","partial","4","blocked-assets"
"463","园艺兔子","45","1","6550","390","44","39","176400","6","2","false","false","false","partial","4","blocked-assets"
"465","园艺天鹅","44","1","6450","420","40","39","172800","6","2","false","false","false","partial","4","blocked-assets"
"468","园艺麋鹿","43","1","6350","430","41","42","180000","6","2","false","false","false","partial","4","blocked-assets"
"469","园艺孔雀","42","1","5100","420","39","39","169200","5","2","false","false","false","partial","4","blocked-assets"
"470","园艺章鱼","47","1","7000","420","45","42","198000","7","2","false","false","false","partial","4","blocked-assets"
"471","园艺海豚","40","1","4800","380","40","37","165600","5","2","false","false","false","partial","4","blocked-assets"
"472","奇幻神灯","26","1","2130","32","27","18","111600","5","0","false","false","false","partial","4","blocked-assets"
"490","王朝轮回果","11","1","708","29","27","23","100800","2","0","false","false","false","partial","4","blocked-assets"
"491","海岛之恋","10","1","650","25","24","18","90000","2","0","false","false","false","partial","4","blocked-assets"
"501","酷酷有型表情","15","1","2130","50","24","20","111600","3","0","true","false","true","partial","4","core-candidate"
"502","心动跳跳表情","15","1","2130","50","24","20","111600","3","0","true","false","true","partial","4","core-candidate"
"503","呲牙笑笑表情","15","1","2130","50","24","20","111600","3","0","true","false","true","partial","4","core-candidate"
"504","郁闷表情","15","1","2130","50","24","20","111600","3","0","true","false","true","partial","4","core-candidate"
"505","可爱咪咪笑表情","15","1","2130","50","24","20","111600","3","0","true","false","true","partial","4","core-candidate"
"507","难过表情","15","1","2130","50","24","20","111600","3","0","true","false","true","partial","4","core-candidate"
"508","鬼脸吓吓表情","15","1","2130","50","24","20","111600","3","0","true","false","true","partial","4","core-candidate"
"509","疑惑表情","15","1","2130","50","24","20","111600","3","0","true","false","true","partial","4","core-candidate"
"510","困啊困表情","15","1","2130","50","24","20","111600","3","0","true","false","true","partial","4","core-candidate"
"511","囧","18","1","3480","62","35","40","230400","3","0","false","false","true","partial","4","core-candidate"
"512","尴尬一笑","18","1","3480","62","35","40","230400","3","0","false","false","true","partial","4","core-candidate"
"513","号啕大哭","18","1","3480","62","35","40","230400","3","0","false","false","true","partial","4","core-candidate"
"514","亲亲表情","18","1","3480","62","35","40","230400","3","0","false","false","true","partial","4","core-candidate"
"515","大惊失色","18","1","3480","62","35","40","230400","3","0","false","false","true","partial","4","core-candidate"
"516","航海鼠","25","1","7000","82","29","27","165600","5","0","false","false","true","partial","4","core-candidate"
"517","制造牛","25","1","7000","82","29","27","165600","5","0","false","false","true","partial","4","core-candidate"
"518","剑士虎","25","1","7000","82","29","27","165600","5","0","false","false","true","partial","4","core-candidate"
"519","公主兔","25","1","7000","82","29","27","165600","5","0","false","false","true","partial","4","core-candidate"
"520","考古龙","25","1","7000","82","29","27","165600","5","0","false","false","true","partial","4","core-candidate"
"521","美女蛇","25","1","7000","82","29","27","165600","5","0","false","false","true","partial","4","core-candidate"
"522","厨师马","25","1","7000","82","29","27","165600","5","0","false","false","true","partial","4","core-candidate"
"523","护士羊","25","1","7000","82","29","27","165600","5","0","false","false","true","partial","4","core-candidate"
"524","冒险猴","25","1","7000","82","29","27","165600","5","0","false","false","true","partial","4","core-candidate"
"525","弹弓鸡","25","1","7000","82","29","27","165600","5","0","false","false","true","partial","4","core-candidate"
"526","提琴狗","25","1","7000","82","29","27","165600","5","0","false","false","true","partial","4","core-candidate"
"527","啤酒猪","25","1","7000","82","29","27","165600","5","0","false","false","true","partial","4","core-candidate"
"528","傲慢表情","15","1","2130","50","24","20","111600","3","0","false","false","true","partial","4","core-candidate"
"529","糗表情","15","1","2130","50","24","20","111600","3","0","false","false","true","partial","4","core-candidate"
"530","委屈表情","15","1","2130","50","24","20","111600","3","0","false","false","true","partial","4","core-candidate"
"533","我","40","1","4056","52","26","16","104400","6","0","false","false","true","partial","4","core-candidate"
"534","爱","40","1","4056","52","26","16","104400","6","0","false","false","true","partial","4","core-candidate"
"535","你","40","1","4056","52","26","16","104400","6","0","false","false","true","partial","4","core-candidate"
"557","俄罗斯方块作物一","30","1","3038","44","28","18","111600","5","0","false","false","true","partial","4","core-candidate"
"558","俄罗斯方块作物二","30","1","3038","44","28","18","111600","5","0","false","false","true","partial","4","core-candidate"
"559","俄罗斯方块作物三","30","1","3038","44","28","18","111600","5","0","false","false","true","partial","4","core-candidate"
"560","俄罗斯方块作物四","30","1","3038","44","28","18","111600","5","0","false","false","true","partial","4","core-candidate"
"561","俄罗斯方块作物五","30","1","3038","44","28","18","111600","5","0","false","false","true","partial","4","core-candidate"
"562","俄罗斯方块作物六","30","1","3038","44","28","18","111600","5","0","false","false","true","partial","5","core-candidate"
"563","俄罗斯方块作物七","30","1","3038","44","28","18","111600","5","0","false","false","true","partial","4","core-candidate"
"564","夏日紫色贝壳","20","1","3360","35","48","19","115200","4","0","false","false","true","partial","4","core-candidate"
"565","夏日黄色贝壳","20","1","3360","35","48","19","115200","4","0","false","false","false","partial","4","blocked-assets"
"566","夏日紫色海螺","20","1","3360","35","48","19","115200","4","0","false","false","true","partial","4","core-candidate"
"567","夏日黄色海螺","20","1","3360","35","48","19","115200","4","0","false","false","false","partial","3","blocked-assets"
"568","夏日紫色海星","20","1","3360","35","48","19","115200","4","0","false","false","true","partial","4","core-candidate"
"569","夏日黄色海星","20","1","3360","35","48","19","115200","4","0","false","false","false","partial","4","blocked-assets"
"570","夏日泡泡凉拖","20","1","3360","35","48","19","115200","4","0","false","false","true","partial","3","blocked-assets"
"571","夏日Y字凉拖","20","1","3360","35","48","19","115200","4","0","false","false","true","partial","4","core-candidate"
"572","夏日瘦身茶","20","1","3360","35","48","19","115200","4","0","false","false","true","partial","3","blocked-assets"
"573","夏日鸡尾酒","20","1","3360","35","48","19","115200","4","0","false","false","true","partial","4","core-candidate"
"574","桃心潜水镜","20","1","3360","35","48","19","115200","4","0","false","false","true","partial","4","core-candidate"
"575","五星潜水镜","20","1","3360","35","48","19","115200","4","0","false","false","true","partial","4","core-candidate"
"576","魅惑热带鱼","20","1","3360","35","48","19","115200","4","0","false","false","true","partial","4","core-candidate"
"577","酷酷小丑鱼","20","1","3360","35","48","19","115200","4","0","false","false","true","partial","4","core-candidate"
"578","夏威夷游泳圈","20","1","3360","35","48","19","115200","4","0","false","false","true","partial","4","core-candidate"
"579","海军救生圈","20","1","3360","35","48","19","115200","4","0","false","false","true","partial","4","core-candidate"
"580","紫妖珊瑚","20","1","3360","35","48","19","115200","4","0","false","false","true","partial","4","core-candidate"
"581","红仔珊瑚","20","1","3360","35","48","19","115200","4","0","false","false","true","partial","4","core-candidate"
"583","求包养","24","1","6590","80","28","26","165600","5","0","false","false","true","partial","4","core-candidate"
"584","花好月圆","20","1","4300","71","30","36","219600","4","0","true","false","true","partial","4","core-candidate"
"585","年费黄钻","40","1","2850","160","40","13","129600","5","2","false","false","false","partial","4","blocked-assets"
"586","向日葵精灵花束","40","1","2860","220","41","37","165600","5","2","false","false","false","partial","4","blocked-assets"
"600","园艺南瓜","48","1","8000","430","43","41","194400","7","2","false","false","false","partial","4","blocked-assets"
"601","园艺海星","49","1","8000","445","45","44","194400","7","2","false","false","false","partial","4","blocked-assets"
"602","大大光棍节","11","1","300","11","61","11","111600","1","0","false","false","false","partial","4","blocked-assets"
"603","魔幻能量球","11","1","708","29","27","23","100800","2","0","false","false","false","partial","4","blocked-assets"
"604","魔法神花","11","1","708","29","27","23","100800","2","0","false","false","false","partial","4","blocked-assets"
"605","男生符","35","1","2250","44","30","18","118800","5","0","false","false","false","partial","4","blocked-assets"
"606","女生符","35","1","2250","44","30","18","118800","5","0","false","false","false","partial","4","blocked-assets"
"607","新郎钻戒","35","1","2350","47","30","19","118800","5","0","false","false","false","partial","4","blocked-assets"
"608","新娘钻戒","35","1","2350","47","30","19","118800","5","0","false","false","false","partial","4","blocked-assets"
"609","GG心钥匙","35","1","2300","45","30","19","118800","5","0","false","false","false","partial","4","blocked-assets"
"610","MM心锁","35","1","2300","45","30","19","118800","5","0","false","false","false","partial","4","blocked-assets"
"611","相思豆项链","40","1","2200","48","23","15","104400","6","0","false","false","false","partial","4","blocked-assets"
"612","丘比特之箭","40","1","2200","48","23","15","104400","6","0","false","false","false","complete-six-files","6","core-candidate"
"613","QGG公仔","40","1","2200","48","23","15","104400","6","0","false","false","false","complete-six-files","6","core-candidate"
"614","QMM公仔","40","1","2200","48","23","15","104400","6","0","false","false","false","complete-six-files","6","core-candidate"
"615","贝壳","40","1","2200","48","23","15","104400","6","0","false","false","false","complete-six-files","6","core-candidate"
"616","同心花种子","40","1","2200","48","23","15","104400","6","0","false","false","false","complete-six-files","6","core-candidate"
"617","情歌","40","1","2200","48","23","15","104400","6","0","false","false","false","complete-six-files","6","core-candidate"
"618","丘比特玫瑰","40","1","2200","48","23","15","104400","6","0","false","false","false","complete-six-files","6","core-candidate"
"619","七雄轩辕果","11","1","700","28","26","23","100800","2","0","false","false","false","partial","4","blocked-assets"
"620","飞车宝石树","10","1","700","27","25","22","108000","2","0","false","false","false","partial","5","blocked-assets"
"621","九仙逍遥果","10","1","670","27","25","22","108000","2","0","false","false","false","complete-six-files","6","core-candidate"
"622","礼花树","52","1","3950","63","46","19","104400","3","0","false","false","false","complete-six-files","6","core-candidate"
"623","彩灯树","59","1","4650","71","48","21","136800","3","0","false","false","false","complete-six-files","6","core-candidate"
"624","红袜树","43","1","3400","59","29","16","93600","4","0","false","false","false","complete-six-files","6","core-candidate"
"625","TNT欢乐果","10","1","650","25","25","21","100800","2","0","false","false","false","complete-six-files","6","core-candidate"
"626","寻仙雪凝果","10","1","670","27","25","22","108000","2","0","false","false","false","complete-six-files","6","core-candidate"
"627","红宝石情花","5","1","300","219","19","22","75600","2","0","true","false","false","complete-six-files","6","core-candidate"
"700","红钻璀璨","10","1","650","27","25","22","108000","2","0","false","false","false","partial","4","blocked-assets"
"702","扶桑神树","53","1","5948","446","50","38","136800","4","0","false","false","false","complete-six-files","6","core-candidate"
"704","天女花","35","1","3860","300","36","35","151200","5","0","false","false","false","complete-six-files","6","core-candidate"
"707","蟠桃树","40","1","4800","320","35","37","162000","6","0","false","false","false","complete-six-files","6","core-candidate"
"708","聚宝盆","63","1","10700","510","57","48","165600","6","0","false","false","false","complete-six-files","6","core-candidate"
"709","福袋树","48","1","5555","432","45","36","126000","4","0","false","false","false","complete-six-files","6","core-candidate"
"710","富贵有鱼","38","1","2750","311","41","31","126000","3","0","false","false","false","complete-six-files","6","core-candidate"
"711","麻将一万","40","1","4000","52","26","16","104400","6","0","false","false","false","complete-six-files","6","core-candidate"
"712","麻将二万","40","1","4000","52","26","16","104400","6","0","false","false","false","complete-six-files","6","core-candidate"
"713","麻将三万","40","1","4000","52","26","16","104400","6","0","false","false","false","complete-six-files","6","core-candidate"
"714","麻将四万","40","1","4000","52","26","16","104400","6","0","false","false","false","complete-six-files","6","core-candidate"
"715","麻将五万","40","1","4000","52","26","16","104400","6","0","false","false","false","complete-six-files","6","core-candidate"
"716","麻将六万","40","1","4000","52","26","16","104400","6","0","false","false","false","complete-six-files","6","core-candidate"
"717","麻将七万","40","1","4000","52","26","16","104400","6","0","false","false","false","complete-six-files","6","core-candidate"
"718","麻将八万","40","1","4000","52","26","16","104400","6","0","false","false","false","complete-six-files","6","core-candidate"
"719","麻将九万","40","1","4000","52","26","16","104400","6","0","false","false","false","complete-six-files","6","core-candidate"
"720","麻将一筒","40","1","4000","52","26","16","104400","6","0","false","false","false","complete-six-files","6","core-candidate"
"721","麻将二筒","40","1","4000","52","26","16","104400","6","0","false","false","false","complete-six-files","6","core-candidate"
"722","麻将三筒","40","1","4000","52","26","16","104400","6","0","false","false","false","complete-six-files","6","core-candidate"
"723","麻将四筒","40","1","4000","52","26","16","104400","6","0","false","false","false","complete-six-files","6","core-candidate"
"724","麻将五筒","40","1","4000","52","26","16","104400","6","0","false","false","false","complete-six-files","6","core-candidate"
"725","麻将六筒","40","1","4000","52","26","16","104400","6","0","false","false","false","complete-six-files","6","core-candidate"
"726","麻将七筒","40","1","4000","52","26","16","104400","6","0","false","false","false","complete-six-files","6","core-candidate"
"727","麻将八筒","40","1","4000","52","26","16","104400","6","0","false","false","false","complete-six-files","6","core-candidate"
"728","麻将九筒","40","1","4000","52","26","16","104400","6","0","false","false","false","complete-six-files","6","core-candidate"
"729","麻将一条","40","1","4000","52","26","16","104400","6","0","false","false","false","complete-six-files","6","core-candidate"
"730","麻将二条","40","1","4000","52","26","16","104400","6","0","false","false","false","complete-six-files","6","core-candidate"
"731","麻将三条","40","1","4000","52","26","16","104400","6","0","false","false","false","complete-six-files","6","core-candidate"
"732","麻将四条","40","1","4000","52","26","16","104400","6","0","false","false","false","complete-six-files","6","core-candidate"
"733","麻将五条","40","1","4000","52","26","16","104400","6","0","false","false","false","complete-six-files","6","core-candidate"
"734","麻将六条","40","1","4000","52","26","16","104400","6","0","false","false","false","complete-six-files","6","core-candidate"
"735","麻将七条","40","1","4000","52","26","16","104400","6","0","false","false","false","complete-six-files","6","core-candidate"
"736","麻将八条","40","1","4000","52","26","16","104400","6","0","false","false","false","complete-six-files","6","core-candidate"
"737","麻将九条","40","1","4000","52","26","16","104400","6","0","false","false","false","complete-six-files","6","core-candidate"
"738","麻将红中","40","1","4000","52","26","16","104400","6","0","false","false","false","complete-six-files","6","core-candidate"
"739","麻将发财","40","1","4000","52","26","16","104400","6","0","false","false","false","complete-six-files","6","core-candidate"
"740","麻将白板","40","1","4000","52","26","16","104400","6","0","false","false","false","complete-six-files","6","core-candidate"
"741","麻将东风","40","1","4000","52","26","16","104400","6","0","false","false","false","complete-six-files","6","core-candidate"
"742","麻将南风","40","1","4000","52","26","16","104400","6","0","false","false","false","complete-six-files","6","core-candidate"
"743","麻将西风","40","1","4000","52","26","16","104400","6","0","false","false","false","complete-six-files","6","core-candidate"
"744","麻将北风","40","1","4000","52","26","16","104400","6","0","false","false","false","complete-six-files","6","core-candidate"
"1000","紅色農民果","12","1","900","75","24","21","57600","1","0","false","false","false","complete-six-files","6","core-candidate"
"1001","绿色农民果","12","1","900","75","24","21","57600","1","0","false","false","false","complete-six-files","6","core-candidate"
"1002","蓝色农民果","12","1","900","75","24","21","57600","1","0","false","false","false","complete-six-files","6","core-candidate"
"1003","玉潔冰星","50","1","5000","100","100","21","57600","1","0","false","false","false","complete-six-files","6","core-candidate"
"1004","嘉兰百合","8","1","296","28","24","25","72000","1","0","true","false","false","complete-six-files","6","core-candidate"
"1005","三色樱桃","50","1","3840","49","26","16","126000","6","0","false","false","false","complete-six-files","6","core-candidate"
"1006","黄金竖琴","50","1","3150","44","28","18","111600","5","0","false","false","false","complete-six-files","6","core-candidate"
"1007","梦境花","50","1","4760","149","53","21","162000","9","0","true","false","false","complete-six-files","6","core-candidate"
"1008","红麦","6","1","250","25","25","19","50400","1","0","false","false","false","complete-six-files","6","core-candidate"
"1009","聚果榕","50","1","7616","68","40","30","162000","7","0","false","false","false","complete-six-files","6","core-candidate"
"1010","油橄榄树","50","1","4800","77","27","25","151200","4","0","false","false","false","partial","4","blocked-assets"
"1011","樱花","50","1","4760","149","53","21","162000","9","0","true","false","false","partial","4","blocked-assets"
"1012","咖啡豆","38","1","3200","39","54","45","158400","3","0","false","false","false","partial","4","blocked-assets"
"1013","红薯","32","1","4500","84","25","30","205200","3","0","false","false","false","partial","4","blocked-assets"
"1014","飞火流樱","50","1","30000","116","160","78","169200","7","0","false","false","false","partial","4","blocked-assets"
"1015","冬青","15","1","2130","50","19","20","111600","3","0","false","false","false","partial","4","blocked-assets"
"1016","彩虹蘋果","50","1","6014","63","30","21","169200","7","0","false","false","false","partial","4","blocked-assets"
"1017","茶树","28","1","3300","55","30","84","151200","4","0","false","false","false","partial","5","blocked-assets"
"1018","百香果","50","1","6608","59","32","50","144000","7","0","false","false","false","partial","4","blocked-assets"
"1019","北京棗樹","33","1","3300","45","33","30","122400","4","0","false","false","false","partial","4","blocked-assets"
"1020","覆盆子","58","1","2613","56","42","6","162000","2","0","false","false","false","partial","4","blocked-assets"
"1021","红加仑","68","1","1414","48","28","42","90000","2","0","false","false","false","partial","4","blocked-assets"
"1022","青稞","9","1","560","25","50","30","57600","1","0","false","false","false","partial","4","blocked-assets"
"1023","桫椤","16","1","2727","50","40","28","144000","3","0","false","false","false","partial","4","blocked-assets"
"1024","竹","16","1","2727","50","40","28","144000","3","0","false","false","false","partial","5","blocked-assets"
"1025","桃花","69","1","5032","82","45","26","126000","3","0","true","false","false","partial","4","blocked-assets"
"1026","水萝卜","57","1","5450","70","34","25","151200","7","0","false","false","false","partial","4","blocked-assets"
"1027","圣女果","57","1","5450","70","34","25","151200","7","0","false","false","false","partial","4","blocked-assets"
"1028","多色荷花","60","1","6790","160","68","32","75600","9","1","true","false","false","partial","5","blocked-assets"
"1029","扶桑花","61","1","5800","76","29","27","165600","5","0","true","false","false","partial","5","blocked-assets"
"1030","绿绒蒿","52","1","4344","60","30","24","122400","7","0","true","false","false","partial","5","blocked-assets"
"1031","缅栀","42","1","2600","50","27","18","111600","6","0","true","false","false","partial","5","blocked-assets"
"1032","三色堇","60","1","1900","38","25","25","151200","4","0","true","false","false","partial","5","blocked-assets"
"1033","睡火莲 ","61","1","7068","162","70","33","75600","9","1","true","false","false","partial","5","blocked-assets"
"1034","珙桐","70","1","900","32","29","25","111600","4","0","true","false","false","partial","5","blocked-assets"
"1035","友谊花","70","1","350","15","20","25","111600","5","0","true","false","false","partial","5","blocked-assets"
"1036","玉兰","70","1","1800","50","24","20","111600","3","0","true","false","false","partial","5","blocked-assets"
"1037","鸢尾花","70","1","1914","44","29","18","97200","3","0","true","false","false","partial","5","blocked-assets"
"1038","芋头","38","1","3200","86","25","27","151200","3","0","false","false","false","partial","4","blocked-assets"
"1039","紫薯","40","1","3150","84","25","20","165600","3","0","false","false","false","partial","4","blocked-assets"
"1040","蚕豆","52","1","2430","70","25","25","100800","2","0","false","false","false","partial","4","blocked-assets"
"1041","灯笼草","65","1","1900","90","42","32","151200","1","0","false","false","false","partial","4","blocked-assets"
"1042","西红花","58","1","5160","234","22","25","151200","2","0","true","false","false","partial","4","blocked-assets"
"1043","开心果","67","1","6000","300","28","35","277200","2","0","false","false","false","partial","4","blocked-assets"
"1044","女神果","14","1","2850","46","28","29","198000","4","0","false","false","false","partial","4","blocked-assets"
"1045","女神花","23","1","2025","46","30","20","115200","3","0","true","false","false","partial","4","blocked-assets"
"1046","赤豆","29","1","3000","55","22","20","72000","5","0","false","false","false","partial","4","blocked-assets"
"1047","四季櫻草","36","1","3650","49","29","18","111600","5","0","true","false","false","partial","4","blocked-assets"
"1048","蝴蝶树","100","1","140000","15500","4","100","324000","4","0","false","false","false","partial","5","blocked-assets"
"1050","海草","66","1","1960","93","40","32","151200","1","0","false","false","false","partial","5","blocked-assets"
"1052","猴面包树","9","1","2360","98","42","35","118800","1","0","false","false","false","partial","4","blocked-assets"
"1053","迷幻之香","75","1","1900","90","42","32","151200","6","0","false","false","false","partial","4","blocked-assets"
"1054","卡通：懒羊羊","20","1","3480","62","35","40","230400","3","0","false","false","true","partial","4","core-candidate"
"1055","学习之星","15","1","4000","100","24","27","111600","3","0","false","false","false","complete-six-files","6","core-candidate"
"1056","卡通：小灰灰","20","1","2130","50","24","20","111600","3","0","false","false","true","partial","4","core-candidate"
"1057","卡通：狸猫桃子","20","1","2130","50","24","20","111600","3","0","false","false","true","partial","4","core-candidate"
"1058","卡通：机器猫","20","1","3480","62","35","40","111600","3","0","false","false","true","partial","4","core-candidate"
"1063","水滴草莓","75","1","4980","155","62","29","180000","9","1","false","false","false","partial","5","blocked-assets"
"1064","姐妹花","60","1","6790","160","68","32","75600","9","1","true","false","false","partial","5","blocked-assets"
"1202","动感喜羊羊","31","1","2130","50","24","20","111600","3","0","false","false","true","partial","4","core-candidate"
"1203","动感灰太狼","31","1","2130","50","24","20","111600","3","0","false","false","true","partial","4","core-candidate"
"1204","动感老村长","31","1","2130","50","24","20","111600","3","0","false","false","true","partial","4","core-candidate"
"1205","动感红太狼","31","1","2130","50","24","20","111600","3","0","false","false","true","partial","4","core-candidate"
"1206","动感懒羊羊","31","1","2130","50","24","20","111600","3","0","false","false","true","partial","4","core-candidate"
"1207","动感美羊羊","31","1","2130","50","24","20","111600","3","0","false","false","true","partial","4","core-candidate"
"1208","动感沸羊羊","31","1","2130","50","24","20","111600","3","0","false","false","true","partial","4","core-candidate"
"2001","圣诞老人卡","0","11","125","20","1","18","46800","1","0","false","false","false","missing","0","blocked-assets"
"2002","圣诞树卡","0","11","125","10","1","18","46800","1","0","false","false","false","missing","0","blocked-assets"
"2003","元旦卡","0","11","125","25","1","18","46800","1","0","false","false","false","missing","0","blocked-assets"
"2004","雪人卡","0","11","125","15","1","18","46800","1","0","false","false","false","missing","0","blocked-assets"
"2005","驯鹿卡","0","11","125","10","1","18","46800","1","0","false","false","false","missing","0","blocked-assets"
"2006","爆竹卡","0","11","125","10","1","18","46800","1","0","false","false","false","missing","0","blocked-assets"
"2007","春节卡","0","11","125","20","1","18","46800","1","0","false","false","false","missing","0","blocked-assets"
"2008","兔兔卡","0","11","125","10","1","18","46800","1","0","false","false","false","missing","0","blocked-assets"
