"source_id","sex","display_order","item_type","source_status","asset_path","width","height","asset_status","integration_policy"
"546389","M","0","0","1","ui/qqshow/3/89/546389_0_0.png","140","226","complete","core-candidate"
"546387","M","1","0","1","ui/qqshow/3/87/546387_0_0.png","140","226","complete","core-candidate"
"546383","M","2","0","1","ui/qqshow/3/83/546383_0_0.png","140","226","complete","core-candidate"
"546381","M","3","0","1","ui/qqshow/3/81/546381_0_0.png","140","226","complete","core-candidate"
"546379","M","4","0","1","ui/qqshow/3/79/546379_0_0.png","140","226","complete","core-candidate"
"546378","M","5","0","1","ui/qqshow/3/78/546378_0_0.png","140","226","complete","core-candidate"
"546377","M","6","0","1","ui/qqshow/3/77/546377_0_0.png","140","226","complete","core-candidate"
"546329","M","7","0","1","ui/qqshow/3/29/546329_0_0.png","140","226","complete","core-candidate"
"546328","M","8","0","1","ui/qqshow/3/28/546328_0_0.png","140","226","complete","core-candidate"
"546325","M","9","0","1","ui/qqshow/3/25/546325_0_0.png","140","226","complete","core-candidate"
"546258","M","10","0","1","ui/qqshow/2/58/546258_0_0.png","140","226","complete","core-candidate"
"546257","M","11","0","1","ui/qqshow/2/57/546257_0_0.png","140","226","complete","core-candidate"
"546256","M","12","0","1","ui/qqshow/2/56/546256_0_0.png","140","226","complete","core-candidate"
"546255","M","13","0","1","ui/qqshow/2/55/546255_0_0.png","140","226","complete","core-candidate"
"546254","M","14","0","1","ui/qqshow/2/54/546254_0_0.png","140","226","complete","core-candidate"
"546253","M","15","0","1","ui/qqshow/2/53/546253_0_0.png","140","226","complete","core-candidate"
"546252","M","16","0","1","ui/qqshow/2/52/546252_0_0.png","140","226","complete","core-candidate"
"529866","M","17","0","1","ui/qqshow/8/66/529866_0_0.png","140","226","complete","core-candidate"
"529848","M","18","0","1","ui/qqshow/8/48/529848_0_0.png","140","226","complete","core-candidate"
"529840","M","19","0","1","ui/qqshow/8/40/529840_0_0.png","140","226","complete","core-candidate"
"529658","M","20","0","1","ui/qqshow/6/58/529658_0_0.png","140","226","complete","core-candidate"
"529640","M","21","0","1","ui/qqshow/6/40/529640_0_0.png","140","226","complete","core-candidate"
"529638","M","22","0","1","ui/qqshow/6/38/529638_0_0.png","140","226","complete","core-candidate"
"529620","M","23","0","1","ui/qqshow/6/20/529620_0_0.png","140","226","complete","core-candidate"
"529619","M","24","0","1","ui/qqshow/6/19/529619_0_0.png","140","226","complete","core-candidate"
"529615","M","25","0","1","ui/qqshow/6/15/529615_0_0.png","140","226","complete","core-candidate"
"529593","M","26","0","1","ui/qqshow/5/93/529593_0_0.png","140","226","complete","core-candidate"
"529575","M","27","0","1","ui/qqshow/5/75/529575_0_0.png","140","226","complete","core-candidate"
"529572","M","28","0","1","ui/qqshow/5/72/529572_0_0.png","140","226","complete","core-candidate"
"529571","M","29","0","1","ui/qqshow/5/71/529571_0_0.png","140","226","complete","core-candidate"
"529564","M","30","0","1","ui/qqshow/5/64/529564_0_0.png","140","226","complete","core-candidate"
"529562","M","31","0","1","ui/qqshow/5/62/529562_0_0.png","140","226","complete","core-candidate"
"529545","M","32","0","1","ui/qqshow/5/45/529545_0_0.png","140","226","complete","core-candidate"
"529544","M","33","0","1","ui/qqshow/5/44/529544_0_0.png","140","226","complete","core-candidate"
"529536","M","34","0","1","ui/qqshow/5/36/529536_0_0.png","140","226","complete","core-candidate"
"529506","M","35","0","1","ui/qqshow/5/6/529506_0_0.png","140","226","complete","core-candidate"
"529502","M","36","0","1","ui/qqshow/5/2/529502_0_0.png","140","226","complete","core-candidate"
"527740","M","37","0","1","ui/qqshow/7/40/527740_0_0.png","140","226","complete","core-candidate"
"527729","M","38","0","1","ui/qqshow/7/29/527729_0_0.png","140","226","complete","core-candidate"
"527160","M","39","0","1","ui/qqshow/1/60/527160_0_0.png","140","226","complete","core-candidate"
"527156","M","40","0","1","ui/qqshow/1/56/527156_0_0.png","140","226","complete","core-candidate"
"527155","M","41","0","1","ui/qqshow/1/55/527155_0_0.png","140","226","complete","core-candidate"
"527153","M","42","0","1","ui/qqshow/1/53/527153_0_0.png","140","226","complete","core-candidate"
"527146","M","43","0","1","ui/qqshow/1/46/527146_0_0.png","140","226","complete","core-candidate"
"527145","M","44","0","1","ui/qqshow/1/45/527145_0_0.png","140","226","complete","core-candidate"
"527137","M","45","0","1","ui/qqshow/1/37/527137_0_0.png","140","226","complete","core-candidate"
"527136","M","46","0","1","ui/qqshow/1/36/527136_0_0.png","140","226","complete","core-candidate"
"527134","M","47","0","1","ui/qqshow/1/34/527134_0_0.png","140","226","complete","core-candidate"
"527133","M","48","0","1","ui/qqshow/1/33/527133_0_0.png","140","226","complete","core-candidate"
"527131","M","49","0","1","ui/qqshow/1/31/527131_0_0.png","140","226","complete","core-candidate"
"527129","M","50","0","1","ui/qqshow/1/29/527129_0_0.png","140","226","complete","core-candidate"
"527128","M","51","0","1","ui/qqshow/1/28/527128_0_0.png","140","226","complete","core-candidate"
"527125","M","52","0","1","ui/qqshow/1/25/527125_0_0.png","140","226","complete","core-candidate"
"527123","M","53","0","1","ui/qqshow/1/23/527123_0_0.png","140","226","complete","core-candidate"
"527122","M","54","0","1","ui/qqshow/1/22/527122_0_0.png","140","226","complete","core-candidate"
"527121","M","55","0","1","ui/qqshow/1/21/527121_0_0.png","140","226","complete","core-candidate"
"527118","M","56","0","1","ui/qqshow/1/18/527118_0_0.png","140","226","complete","core-candidate"
"527109","M","57","0","1","ui/qqshow/1/9/527109_0_0.png","140","226","complete","core-candidate"
"527108","M","58","0","1","ui/qqshow/1/8/527108_0_0.png","140","226","complete","core-candidate"
"525227","M","59","0","1","ui/qqshow/2/27/525227_0_0.png","140","226","complete","core-candidate"
"525226","M","60","0","1","ui/qqshow/2/26/525226_0_0.png","140","226","complete","core-candidate"
"525169","M","61","0","1","ui/qqshow/1/69/525169_0_0.png","140","226","complete","core-candidate"
"525167","M","62","0","1","ui/qqshow/1/67/525167_0_0.png","140","226","complete","core-candidate"
"525166","M","63","0","1","ui/qqshow/1/66/525166_0_0.png","140","226","complete","core-candidate"
"525160","M","64","0","1","ui/qqshow/1/60/525160_0_0.png","140","226","complete","core-candidate"
"525153","M","65","0","1","ui/qqshow/1/53/525153_0_0.png","140","226","complete","core-candidate"
"525149","M","66","0","1","ui/qqshow/1/49/525149_0_0.png","140","226","complete","core-candidate"
"525148","M","67","0","1","ui/qqshow/1/48/525148_0_0.png","140","226","complete","core-candidate"
"525144","M","68","0","1","ui/qqshow/1/44/525144_0_0.png","140","226","complete","core-candidate"
"525136","M","69","0","1","ui/qqshow/1/36/525136_0_0.png","140","226","complete","core-candidate"
"525135","M","70","0","1","ui/qqshow/1/35/525135_0_0.png","140","226","complete","core-candidate"
"525125","M","71","0","1","ui/qqshow/1/25/525125_0_0.png","140","226","complete","core-candidate"
"525124","M","72","0","1","ui/qqshow/1/24/525124_0_0.png","140","226","complete","core-candidate"
"525122","M","73","0","1","ui/qqshow/1/22/525122_0_0.png","140","226","complete","core-candidate"
"525114","M","74","0","1","ui/qqshow/1/14/525114_0_0.png","140","226","complete","core-candidate"
"525109","M","75","0","1","ui/qqshow/1/9/525109_0_0.png","140","226","complete","core-candidate"
"525108","M","76","0","1","ui/qqshow/1/8/525108_0_0.png","140","226","complete","core-candidate"
"524743","M","77","0","1","ui/qqshow/7/43/524743_0_0.png","140","226","complete","core-candidate"
"524676","M","78","0","1","ui/qqshow/6/76/524676_0_0.png","140","226","complete","core-candidate"
"524675","M","79","0","1","ui/qqshow/6/75/524675_0_0.png","140","226","complete","core-candidate"
"524673","M","80","0","1","ui/qqshow/6/73/524673_0_0.png","140","226","complete","core-candidate"
"524672","M","81","0","1","ui/qqshow/6/72/524672_0_0.png","140","226","complete","core-candidate"
"524671","M","82","0","1","ui/qqshow/6/71/524671_0_0.png","140","226","complete","core-candidate"
"524670","M","83","0","1","ui/qqshow/6/70/524670_0_0.png","140","226","complete","core-candidate"
"524669","M","84","0","1","ui/qqshow/6/69/524669_0_0.png","140","226","complete","core-candidate"
"524668","M","85","0","1","ui/qqshow/6/68/524668_0_0.png","140","226","complete","core-candidate"
"524667","M","86","0","1","ui/qqshow/6/67/524667_0_0.png","140","226","complete","core-candidate"
"523153","M","87","0","1","ui/qqshow/1/53/523153_0_0.png","140","226","complete","core-candidate"
"523151","M","88","0","1","ui/qqshow/1/51/523151_0_0.png","140","226","complete","core-candidate"
"523150","M","89","0","1","ui/qqshow/1/50/523150_0_0.png","140","226","complete","core-candidate"
"523130","M","90","0","1","ui/qqshow/1/30/523130_0_0.png","140","226","complete","core-candidate"
"523129","M","91","0","1","ui/qqshow/1/29/523129_0_0.png","140","226","complete","core-candidate"
"523128","M","92","0","1","ui/qqshow/1/28/523128_0_0.png","140","226","complete","core-candidate"
"523127","M","93","0","1","ui/qqshow/1/27/523127_0_0.png","140","226","complete","core-candidate"
"523126","M","94","0","1","ui/qqshow/1/26/523126_0_0.png","140","226","complete","core-candidate"
"523125","M","95","0","1","ui/qqshow/1/25/523125_0_0.png","140","226","complete","core-candidate"
"523124","M","96","0","1","ui/qqshow/1/24/523124_0_0.png","140","226","complete","core-candidate"
"523123","M","97","0","1","ui/qqshow/1/23/523123_0_0.png","140","226","complete","core-candidate"
"523122","M","98","0","1","ui/qqshow/1/22/523122_0_0.png","140","226","complete","core-candidate"
"523110","M","99","0","1","ui/qqshow/1/10/523110_0_0.png","140","226","complete","core-candidate"
"523109","M","100","0","1","ui/qqshow/1/9/523109_0_0.png","140","226","complete","core-candidate"
"523108","M","101","0","1","ui/qqshow/1/8/523108_0_0.png","140","226","complete","core-candidate"
"523107","M","102","0","1","ui/qqshow/1/7/523107_0_0.png","140","226","complete","core-candidate"
"523102","M","103","0","1","ui/qqshow/1/2/523102_0_0.png","140","226","complete","core-candidate"
"523101","M","104","0","1","ui/qqshow/1/1/523101_0_0.png","140","226","complete","core-candidate"
"523100","M","105","0","1","ui/qqshow/1/0/523100_0_0.png","140","226","complete","core-candidate"
"523099","M","106","0","1","ui/qqshow/0/99/523099_0_0.png","140","226","complete","core-candidate"
"523051","M","107","0","1","ui/qqshow/0/51/523051_0_0.png","140","226","complete","core-candidate"
"523050","M","108","0","1","ui/qqshow/0/50/523050_0_0.png","140","226","complete","core-candidate"
"520080","M","109","0","1","ui/qqshow/0/80/520080_0_0.png","140","226","complete","core-candidate"
"520019","M","110","0","1","ui/qqshow/0/19/520019_0_0.png","140","226","complete","core-candidate"
"519997","M","111","0","1","ui/qqshow/9/97/519997_0_0.png","140","226","complete","core-candidate"
"519924","M","112","0","1","ui/qqshow/9/24/519924_0_0.png","140","226","complete","core-candidate"
"519817","M","113","0","1","ui/qqshow/8/17/519817_0_0.png","140","226","complete","core-candidate"
"519816","M","114","0","1","ui/qqshow/8/16/519816_0_0.png","140","226","complete","core-candidate"
"519814","M","115","0","1","ui/qqshow/8/14/519814_0_0.png","140","226","complete","core-candidate"
"519788","M","116","0","1","ui/qqshow/7/88/519788_0_0.png","140","226","complete","core-candidate"
"519758","M","117","0","1","ui/qqshow/7/58/519758_0_0.png","140","226","complete","core-candidate"
"519752","M","118","0","1","ui/qqshow/7/52/519752_0_0.png","140","226","complete","core-candidate"
"517962","M","119","0","1","ui/qqshow/9/62/517962_0_0.png","140","226","complete","core-candidate"
"517311","M","120","0","1","ui/qqshow/3/11/517311_0_0.png","140","226","complete","core-candidate"
"517034","M","121","0","1","ui/qqshow/0/34/517034_0_0.png","140","226","complete","core-candidate"
"516965","M","122","0","1","ui/qqshow/9/65/516965_0_0.png","140","226","complete","core-candidate"
"516734","M","123","0","1","ui/qqshow/7/34/516734_0_0.png","140","226","complete","core-candidate"
"516328","M","124","0","1","ui/qqshow/3/28/516328_0_0.png","140","226","complete","core-candidate"
"515307","M","125","0","1","ui/qqshow/3/7/515307_0_0.png","140","226","complete","core-candidate"
"515179","M","126","0","1","ui/qqshow/1/79/515179_0_0.png","140","226","complete","core-candidate"
"515092","M","127","0","1","ui/qqshow/0/92/515092_0_0.png","140","226","complete","core-candidate"
"515088","M","128","0","1","ui/qqshow/0/88/515088_0_0.png","140","226","complete","core-candidate"
"515084","M","129","0","1","ui/qqshow/0/84/515084_0_0.png","140","226","complete","core-candidate"
"515081","M","130","0","1","ui/qqshow/0/81/515081_0_0.png","140","226","complete","core-candidate"
"515076","M","131","0","1","ui/qqshow/0/76/515076_0_0.png","140","226","complete","core-candidate"
"515072","M","132","0","1","ui/qqshow/0/72/515072_0_0.png","140","226","complete","core-candidate"
"515067","M","133","0","1","ui/qqshow/0/67/515067_0_0.png","140","226","complete","core-candidate"
"515064","M","134","0","1","ui/qqshow/0/64/515064_0_0.png","140","226","complete","core-candidate"
"515060","M","135","0","1","ui/qqshow/0/60/515060_0_0.png","140","226","complete","core-candidate"
"515057","M","136","0","1","ui/qqshow/0/57/515057_0_0.png","140","226","complete","core-candidate"
"515055","M","137","0","1","ui/qqshow/0/55/515055_0_0.png","140","226","complete","core-candidate"
"515047","M","138","0","1","ui/qqshow/0/47/515047_0_0.png","140","226","complete","core-candidate"
"515037","M","139","0","1","ui/qqshow/0/37/515037_0_0.png","140","226","complete","core-candidate"
"515030","M","140","0","1","ui/qqshow/0/30/515030_0_0.png","140","226","complete","core-candidate"
"515029","M","141","0","1","ui/qqshow/0/29/515029_0_0.png","140","226","complete","core-candidate"
"515025","M","142","0","1","ui/qqshow/0/25/515025_0_0.png","140","226","complete","core-candidate"
"515024","M","143","0","1","ui/qqshow/0/24/515024_0_0.png","140","226","complete","core-candidate"
"515021","M","144","0","1","ui/qqshow/0/21/515021_0_0.png","140","226","complete","core-candidate"
"515017","M","145","0","1","ui/qqshow/0/17/515017_0_0.png","140","226","complete","core-candidate"
"515015","M","146","0","1","ui/qqshow/0/15/515015_0_0.png","140","226","complete","core-candidate"
"515010","M","147","0","1","ui/qqshow/0/10/515010_0_0.png","140","226","complete","core-candidate"
"515008","M","148","0","1","ui/qqshow/0/8/515008_0_0.png","140","226","complete","core-candidate"
"515006","M","149","0","1","ui/qqshow/0/6/515006_0_0.png","140","226","complete","core-candidate"
"515000","M","150","0","1","ui/qqshow/0/0/515000_0_0.png","140","226","complete","core-candidate"
"514996","M","151","0","1","ui/qqshow/9/96/514996_0_0.png","140","226","complete","core-candidate"
"514993","M","152","0","1","ui/qqshow/9/93/514993_0_0.png","140","226","complete","core-candidate"
"514989","M","153","0","1","ui/qqshow/9/89/514989_0_0.png","140","226","complete","core-candidate"
"514988","M","154","0","1","ui/qqshow/9/88/514988_0_0.png","140","226","complete","core-candidate"
"514987","M","155","0","1","ui/qqshow/9/87/514987_0_0.png","140","226","complete","core-candidate"
"514982","M","156","0","1","ui/qqshow/9/82/514982_0_0.png","140","226","complete","core-candidate"
"514976","M","157","0","1","ui/qqshow/9/76/514976_0_0.png","140","226","complete","core-candidate"
"514974","M","158","0","1","ui/qqshow/9/74/514974_0_0.png","140","226","complete","core-candidate"
"514972","M","159","0","1","ui/qqshow/9/72/514972_0_0.png","140","226","complete","core-candidate"
"514966","M","160","0","1","ui/qqshow/9/66/514966_0_0.png","140","226","complete","core-candidate"
"514958","M","161","0","1","ui/qqshow/9/58/514958_0_0.png","140","226","complete","core-candidate"
"514943","M","162","0","1","ui/qqshow/9/43/514943_0_0.png","140","226","complete","core-candidate"
"514939","M","163","0","1","ui/qqshow/9/39/514939_0_0.png","140","226","complete","core-candidate"
"514938","M","164","0","1","ui/qqshow/9/38/514938_0_0.png","140","226","complete","core-candidate"
"514932","M","165","0","1","ui/qqshow/9/32/514932_0_0.png","140","226","complete","core-candidate"
"494379","M","166","0","1","ui/qqshow/3/79/494379_0_0.png","140","226","complete","core-candidate"
"546375","F","0","0","1","ui/qqshow/3/75/546375_0_0.png","140","226","complete","core-candidate"
"546374","F","1","0","1","ui/qqshow/3/74/546374_0_0.png","140","226","complete","core-candidate"
"546373","F","2","0","1","ui/qqshow/3/73/546373_0_0.png","140","226","complete","core-candidate"
"546371","F","3","0","1","ui/qqshow/3/71/546371_0_0.png","140","226","complete","core-candidate"
"546370","F","4","0","1","ui/qqshow/3/70/546370_0_0.png","140","226","complete","core-candidate"
"546369","F","5","0","1","ui/qqshow/3/69/546369_0_0.png","140","226","complete","core-candidate"
"546365","F","6","0","1","ui/qqshow/3/65/546365_0_0.png","140","226","complete","core-candidate"
"546362","F","7","0","1","ui/qqshow/3/62/546362_0_0.png","140","226","complete","core-candidate"
"546361","F","8","0","1","ui/qqshow/3/61/546361_0_0.png","140","226","complete","core-candidate"
"546360","F","9","0","1","ui/qqshow/3/60/546360_0_0.png","140","226","complete","core-candidate"
"546321","F","10","0","1","ui/qqshow/3/21/546321_0_0.png","140","226","complete","core-candidate"
"546320","F","11","0","1","ui/qqshow/3/20/546320_0_0.png","140","226","complete","core-candidate"
"546317","F","12","0","1","ui/qqshow/3/17/546317_0_0.png","140","226","complete","core-candidate"
"546316","F","13","0","1","ui/qqshow/3/16/546316_0_0.png","140","226","complete","core-candidate"
"546315","F","14","0","1","ui/qqshow/3/15/546315_0_0.png","140","226","complete","core-candidate"
"546314","F","15","0","1","ui/qqshow/3/14/546314_0_0.png","140","226","complete","core-candidate"
"546313","F","16","0","1","ui/qqshow/3/13/546313_0_0.png","140","226","complete","core-candidate"
"546310","F","17","0","1","ui/qqshow/3/10/546310_0_0.png","140","226","complete","core-candidate"
"546309","F","18","0","1","ui/qqshow/3/9/546309_0_0.png","140","226","complete","core-candidate"
"546303","F","19","0","1","ui/qqshow/3/3/546303_0_0.png","140","226","complete","core-candidate"
"546302","F","20","0","1","ui/qqshow/3/2/546302_0_0.png","140","226","complete","core-candidate"
"546301","F","21","0","1","ui/qqshow/3/1/546301_0_0.png","140","226","complete","core-candidate"
"546298","F","22","0","1","ui/qqshow/2/98/546298_0_0.png","140","226","complete","core-candidate"
"530037","F","23","0","1","ui/qqshow/0/37/530037_0_0.png","140","226","complete","core-candidate"
"530027","F","24","0","1","ui/qqshow/0/27/530027_0_0.png","140","226","complete","core-candidate"
"530010","F","25","0","1","ui/qqshow/0/10/530010_0_0.png","140","226","complete","core-candidate"
"530008","F","26","0","1","ui/qqshow/0/8/530008_0_0.png","140","226","complete","core-candidate"
"529999","F","27","0","1","ui/qqshow/9/99/529999_0_0.png","140","226","complete","core-candidate"
"529951","F","28","0","1","ui/qqshow/9/51/529951_0_0.png","140","226","complete","core-candidate"
"529946","F","29","0","1","ui/qqshow/9/46/529946_0_0.png","140","226","complete","core-candidate"
"529886","F","30","0","1","ui/qqshow/8/86/529886_0_0.png","140","226","complete","core-candidate"
"529856","F","31","0","1","ui/qqshow/8/56/529856_0_0.png","140","226","complete","core-candidate"
"529634","F","32","0","1","ui/qqshow/6/34/529634_0_0.png","140","226","complete","core-candidate"
"529511","F","33","0","1","ui/qqshow/5/11/529511_0_0.png","140","226","complete","core-candidate"
"529484","F","34","0","1","ui/qqshow/4/84/529484_0_0.png","140","226","complete","core-candidate"
"529483","F","35","0","1","ui/qqshow/4/83/529483_0_0.png","140","226","complete","core-candidate"
"529479","F","36","0","1","ui/qqshow/4/79/529479_0_0.png","140","226","complete","core-candidate"
"529478","F","37","0","1","ui/qqshow/4/78/529478_0_0.png","140","226","complete","core-candidate"
"529463","F","38","0","1","ui/qqshow/4/63/529463_0_0.png","140","226","complete","core-candidate"
"529451","F","39","0","1","ui/qqshow/4/51/529451_0_0.png","140","226","complete","core-candidate"
"529449","F","40","0","1","ui/qqshow/4/49/529449_0_0.png","140","226","complete","core-candidate"
"529436","F","41","0","1","ui/qqshow/4/36/529436_0_0.png","140","226","complete","core-candidate"
"529435","F","42","0","1","ui/qqshow/4/35/529435_0_0.png","140","226","complete","core-candidate"
"527880","F","43","0","1","ui/qqshow/8/80/527880_0_0.png","140","226","complete","core-candidate"
"527799","F","44","0","1","ui/qqshow/7/99/527799_0_0.png","140","226","complete","core-candidate"
"527798","F","45","0","1","ui/qqshow/7/98/527798_0_0.png","140","226","complete","core-candidate"
"527781","F","46","0","1","ui/qqshow/7/81/527781_0_0.png","140","226","complete","core-candidate"
"527779","F","47","0","1","ui/qqshow/7/79/527779_0_0.png","140","226","complete","core-candidate"
"527777","F","48","0","1","ui/qqshow/7/77/527777_0_0.png","140","226","complete","core-candidate"
"527773","F","49","0","1","ui/qqshow/7/73/527773_0_0.png","140","226","complete","core-candidate"
"527771","F","50","0","1","ui/qqshow/7/71/527771_0_0.png","140","226","complete","core-candidate"
"527769","F","51","0","1","ui/qqshow/7/69/527769_0_0.png","140","226","complete","core-candidate"
"527737","F","52","0","1","ui/qqshow/7/37/527737_0_0.png","140","226","complete","core-candidate"
"527714","F","53","0","1","ui/qqshow/7/14/527714_0_0.png","140","226","complete","core-candidate"
"527281","F","54","0","1","ui/qqshow/2/81/527281_0_0.png","140","226","complete","core-candidate"
"527271","F","55","0","1","ui/qqshow/2/71/527271_0_0.png","140","226","complete","core-candidate"
"527236","F","56","0","1","ui/qqshow/2/36/527236_0_0.png","140","226","complete","core-candidate"
"527234","F","57","0","1","ui/qqshow/2/34/527234_0_0.png","140","226","complete","core-candidate"
"527233","F","58","0","1","ui/qqshow/2/33/527233_0_0.png","140","226","complete","core-candidate"
"527230","F","59","0","1","ui/qqshow/2/30/527230_0_0.png","140","226","complete","core-candidate"
"527228","F","60","0","1","ui/qqshow/2/28/527228_0_0.png","140","226","complete","core-candidate"
"527225","F","61","0","1","ui/qqshow/2/25/527225_0_0.png","140","226","complete","core-candidate"
"527221","F","62","0","1","ui/qqshow/2/21/527221_0_0.png","140","226","complete","core-candidate"
"527219","F","63","0","1","ui/qqshow/2/19/527219_0_0.png","140","226","complete","core-candidate"
"525423","F","64","0","1","ui/qqshow/4/23/525423_0_0.png","140","226","complete","core-candidate"
"525422","F","65","0","1","ui/qqshow/4/22/525422_0_0.png","140","226","complete","core-candidate"
"525421","F","66","0","1","ui/qqshow/4/21/525421_0_0.png","140","226","complete","core-candidate"
"525420","F","67","0","1","ui/qqshow/4/20/525420_0_0.png","140","226","complete","core-candidate"
"525419","F","68","0","1","ui/qqshow/4/19/525419_0_0.png","140","226","complete","core-candidate"
"525418","F","69","0","1","ui/qqshow/4/18/525418_0_0.png","140","226","complete","core-candidate"
"525417","F","70","0","1","ui/qqshow/4/17/525417_0_0.png","140","226","complete","core-candidate"
"525416","F","71","0","1","ui/qqshow/4/16/525416_0_0.png","140","226","complete","core-candidate"
"525415","F","72","0","1","ui/qqshow/4/15/525415_0_0.png","140","226","complete","core-candidate"
"525410","F","73","0","1","ui/qqshow/4/10/525410_0_0.png","140","226","complete","core-candidate"
"525237","F","74","0","1","ui/qqshow/2/37/525237_0_0.png","140","226","complete","core-candidate"
"525236","F","75","0","1","ui/qqshow/2/36/525236_0_0.png","140","226","complete","core-candidate"
"525235","F","76","0","1","ui/qqshow/2/35/525235_0_0.png","140","226","complete","core-candidate"
"525234","F","77","0","1","ui/qqshow/2/34/525234_0_0.png","140","226","complete","core-candidate"
"525233","F","78","0","1","ui/qqshow/2/33/525233_0_0.png","140","226","complete","core-candidate"
"525232","F","79","0","1","ui/qqshow/2/32/525232_0_0.png","140","226","complete","core-candidate"
"525231","F","80","0","1","ui/qqshow/2/31/525231_0_0.png","140","226","complete","core-candidate"
"525230","F","81","0","1","ui/qqshow/2/30/525230_0_0.png","140","226","complete","core-candidate"
"525229","F","82","0","1","ui/qqshow/2/29/525229_0_0.png","140","226","complete","core-candidate"
"525168","F","83","0","1","ui/qqshow/1/68/525168_0_0.png","140","226","complete","core-candidate"
"525157","F","84","0","1","ui/qqshow/1/57/525157_0_0.png","140","226","complete","core-candidate"
"523156","F","85","0","1","ui/qqshow/1/56/523156_0_0.png","140","226","complete","core-candidate"
"523154","F","86","0","1","ui/qqshow/1/54/523154_0_0.png","140","226","complete","core-candidate"
"523106","F","87","0","1","ui/qqshow/1/6/523106_0_0.png","140","226","complete","core-candidate"
"523104","F","88","0","1","ui/qqshow/1/4/523104_0_0.png","140","226","complete","core-candidate"
"523103","F","89","0","1","ui/qqshow/1/3/523103_0_0.png","140","226","complete","core-candidate"
"523077","F","90","0","1","ui/qqshow/0/77/523077_0_0.png","140","226","complete","core-candidate"
"523052","F","91","0","1","ui/qqshow/0/52/523052_0_0.png","140","226","complete","core-candidate"
"523044","F","92","0","1","ui/qqshow/0/44/523044_0_0.png","140","226","complete","core-candidate"
"523043","F","93","0","1","ui/qqshow/0/43/523043_0_0.png","140","226","complete","core-candidate"
"523042","F","94","0","1","ui/qqshow/0/42/523042_0_0.png","140","226","complete","core-candidate"
"523041","F","95","0","1","ui/qqshow/0/41/523041_0_0.png","140","226","complete","core-candidate"
"523039","F","96","0","1","ui/qqshow/0/39/523039_0_0.png","140","226","complete","core-candidate"
"523038","F","97","0","1","ui/qqshow/0/38/523038_0_0.png","140","226","complete","core-candidate"
"523037","F","98","0","1","ui/qqshow/0/37/523037_0_0.png","140","226","complete","core-candidate"
"523036","F","99","0","1","ui/qqshow/0/36/523036_0_0.png","140","226","complete","core-candidate"
"523025","F","100","0","1","ui/qqshow/0/25/523025_0_0.png","140","226","complete","core-candidate"
"523024","F","101","0","1","ui/qqshow/0/24/523024_0_0.png","140","226","complete","core-candidate"
"523020","F","102","0","1","ui/qqshow/0/20/523020_0_0.png","140","226","complete","core-candidate"
"522997","F","103","0","1","ui/qqshow/9/97/522997_0_0.png","140","226","complete","core-candidate"
"522994","F","104","0","1","ui/qqshow/9/94/522994_0_0.png","140","226","complete","core-candidate"
"520054","F","105","0","1","ui/qqshow/0/54/520054_0_0.png","140","226","complete","core-candidate"
"520051","F","106","0","1","ui/qqshow/0/51/520051_0_0.png","140","226","complete","core-candidate"
"520035","F","107","0","1","ui/qqshow/0/35/520035_0_0.png","140","226","complete","core-candidate"
"520029","F","108","0","1","ui/qqshow/0/29/520029_0_0.png","140","226","complete","core-candidate"
"520020","F","109","0","1","ui/qqshow/0/20/520020_0_0.png","140","226","complete","core-candidate"
"520013","F","110","0","1","ui/qqshow/0/13/520013_0_0.png","140","226","complete","core-candidate"
"520003","F","111","0","1","ui/qqshow/0/3/520003_0_0.png","140","226","complete","core-candidate"
"519981","F","112","0","1","ui/qqshow/9/81/519981_0_0.png","140","226","complete","core-candidate"
"519975","F","113","0","1","ui/qqshow/9/75/519975_0_0.png","140","226","complete","core-candidate"
"519969","F","114","0","1","ui/qqshow/9/69/519969_0_0.png","140","226","complete","core-candidate"
"519966","F","115","0","1","ui/qqshow/9/66/519966_0_0.png","140","226","complete","core-candidate"
"519941","F","116","0","1","ui/qqshow/9/41/519941_0_0.png","140","226","complete","core-candidate"
"519913","F","117","0","1","ui/qqshow/9/13/519913_0_0.png","140","226","complete","core-candidate"
"519873","F","118","0","1","ui/qqshow/8/73/519873_0_0.png","140","226","complete","core-candidate"
"519871","F","119","0","1","ui/qqshow/8/71/519871_0_0.png","140","226","complete","core-candidate"
"519854","F","120","0","1","ui/qqshow/8/54/519854_0_0.png","140","226","complete","core-candidate"
"519849","F","121","0","1","ui/qqshow/8/49/519849_0_0.png","140","226","complete","core-candidate"
"519842","F","122","0","1","ui/qqshow/8/42/519842_0_0.png","140","226","complete","core-candidate"
"519793","F","123","0","1","ui/qqshow/7/93/519793_0_0.png","140","226","complete","core-candidate"
"519778","F","124","0","1","ui/qqshow/7/78/519778_0_0.png","140","226","complete","core-candidate"
"519774","F","125","0","1","ui/qqshow/7/74/519774_0_0.png","140","226","complete","core-candidate"
"519771","F","126","0","1","ui/qqshow/7/71/519771_0_0.png","140","226","complete","core-candidate"
"519749","F","127","0","1","ui/qqshow/7/49/519749_0_0.png","140","226","complete","core-candidate"
"519743","F","128","0","1","ui/qqshow/7/43/519743_0_0.png","140","226","complete","core-candidate"
"517288","F","129","0","1","ui/qqshow/2/88/517288_0_0.png","140","226","complete","core-candidate"
"517176","F","130","0","1","ui/qqshow/1/76/517176_0_0.png","140","226","complete","core-candidate"
"517155","F","131","0","1","ui/qqshow/1/55/517155_0_0.png","140","226","complete","core-candidate"
"517021","F","132","0","1","ui/qqshow/0/21/517021_0_0.png","140","226","complete","core-candidate"
"517018","F","133","0","1","ui/qqshow/0/18/517018_0_0.png","140","226","complete","core-candidate"
"516891","F","134","0","1","ui/qqshow/8/91/516891_0_0.png","140","226","complete","core-candidate"
"516657","F","135","0","1","ui/qqshow/6/57/516657_0_0.png","140","226","complete","core-candidate"
"516653","F","136","0","1","ui/qqshow/6/53/516653_0_0.png","140","226","complete","core-candidate"
"516588","F","137","0","1","ui/qqshow/5/88/516588_0_0.png","140","226","complete","core-candidate"
"516586","F","138","0","1","ui/qqshow/5/86/516586_0_0.png","140","226","complete","core-candidate"
"516583","F","139","0","1","ui/qqshow/5/83/516583_0_0.png","140","226","complete","core-candidate"
"516579","F","140","0","1","ui/qqshow/5/79/516579_0_0.png","140","226","complete","core-candidate"
"516577","F","141","0","1","ui/qqshow/5/77/516577_0_0.png","140","226","complete","core-candidate"
"516471","F","142","0","1","ui/qqshow/4/71/516471_0_0.png","140","226","complete","core-candidate"
"516114","F","143","0","1","ui/qqshow/1/14/516114_0_0.png","140","226","complete","core-candidate"
"516113","F","144","0","1","ui/qqshow/1/13/516113_0_0.png","140","226","complete","core-candidate"
"516112","F","145","0","1","ui/qqshow/1/12/516112_0_0.png","140","226","complete","core-candidate"
"516110","F","146","0","1","ui/qqshow/1/10/516110_0_0.png","140","226","complete","core-candidate"
"516108","F","147","0","1","ui/qqshow/1/8/516108_0_0.png","140","226","complete","core-candidate"
"516101","F","148","0","1","ui/qqshow/1/1/516101_0_0.png","140","226","complete","core-candidate"
"515080","F","149","0","1","ui/qqshow/0/80/515080_0_0.png","140","226","complete","core-candidate"
"515052","F","150","0","1","ui/qqshow/0/52/515052_0_0.png","140","226","complete","core-candidate"
"515036","F","151","0","1","ui/qqshow/0/36/515036_0_0.png","140","226","complete","core-candidate"
"515022","F","152","0","1","ui/qqshow/0/22/515022_0_0.png","140","226","complete","core-candidate"
"514978","F","153","0","1","ui/qqshow/9/78/514978_0_0.png","140","226","complete","core-candidate"
"514975","F","154","0","1","ui/qqshow/9/75/514975_0_0.png","140","226","complete","core-candidate"
"514948","F","155","0","1","ui/qqshow/9/48/514948_0_0.png","140","226","complete","core-candidate"
"514937","F","156","0","1","ui/qqshow/9/37/514937_0_0.png","140","226","complete","core-candidate"
"494504","F","157","0","1","ui/qqshow/5/4/494504_0_0.png","140","226","complete","core-candidate"
"494487","F","158","0","1","ui/qqshow/4/87/494487_0_0.png","140","226","complete","core-candidate"
