"path","category","source","source_sha256","export_strategy","symbol","frame","output_sha256","bytes"
"shell/common/head-bg.png","shell/common","ui/main/farmui_full_v_32.swf","990b66553de0401e9555ea04aaafb8208d16a5ad124145107edb1e4aed2999e8","symbol","35:HeadBg","1","e20ca0adbee171faf65c6d2d5d85ed6789046bcb6c39785a0c01e1c4c729f84b","19861"
"shell/common/friend-bg.png","shell/common","ui/main/farmui_full_v_32.swf","990b66553de0401e9555ea04aaafb8208d16a5ad124145107edb1e4aed2999e8","symbol","271:FriendBg","1","79dd34e882f5517cb5923ccfe8b1fb75b5aa743db0cf14bd9f4358894ef836f1","1831"
"shell/common/level-blue.png","shell/common","ui/main/farmui_full_v_32.swf","990b66553de0401e9555ea04aaafb8208d16a5ad124145107edb1e4aed2999e8","symbol","100:LevelBlue","1","e10087955fdce8c78f35d634534610aa5c8e69c9407b9616ae4bd3007726fbac","855"
"shell/common/farm-toolbar-bg.png","shell/common","ui/main/farmui_full_v_32.swf","990b66553de0401e9555ea04aaafb8208d16a5ad124145107edb1e4aed2999e8","symbol","461:ToolBarBg","1","b8edd7460f10ef74aa34c3bb442790f969a10024053fd0c2c269e35f30c49103","712"
"shell/common/window-bg.png","shell/common","ui/main/farmui_full_v_32.swf","990b66553de0401e9555ea04aaafb8208d16a5ad124145107edb1e4aed2999e8","symbol","537:WindowBg","1","ee3287a6921c3b91ab7d4472f9b9c75464957b48c83fca68f8e51251114f26fe","2226"
"shell/common/item-bg.png","shell/common","ui/main/farmui_full_v_32.swf","990b66553de0401e9555ea04aaafb8208d16a5ad124145107edb1e4aed2999e8","symbol","510:ItemBg","1","a533af8b145044cf144a9254a353de0e9d4c17731f8d83dcfa03f7a851ad48d4","495"
"shell/common/close.png","shell/common","ui/main/farmui_full_v_32.swf","990b66553de0401e9555ea04aaafb8208d16a5ad124145107edb1e4aed2999e8","symbol","529:CloseButton","1","bb209454bc868f799e33a59adef7bedba4dc187ed2490595aa97e4e5e4fbc3b3","195"
"shell/nav/decorate.png","shell/nav","ui/main/farmui_full_v_32.swf","990b66553de0401e9555ea04aaafb8208d16a5ad124145107edb1e4aed2999e8","symbol","105:ButtonDecorate","1","3c36f3a0063ccc4af114d8b267d636be4d4f98f21ce9b3ed967afa6cbe172aa5","6383"
"shell/nav/shop.png","shell/nav","ui/main/farmui_full_v_32.swf","990b66553de0401e9555ea04aaafb8208d16a5ad124145107edb1e4aed2999e8","symbol","108:ButtonShop","1","712e02a87677842778d109a658693de1c7541a274ab109cda60f91df94c9a463","1761"
"shell/nav/farm.png","shell/nav","ui/main/farmui_full_v_32.swf","990b66553de0401e9555ea04aaafb8208d16a5ad124145107edb1e4aed2999e8","symbol","111:ButtonFarm","1","d3aff342ef4e54ea494b490d2f646c4025a54f0dfd08557d05b27b157891c14f","6128"
"shell/nav/pasture.png","shell/nav","ui/main/farmui_full_v_32.swf","990b66553de0401e9555ea04aaafb8208d16a5ad124145107edb1e4aed2999e8","symbol","114:ButtonMC","1","3bd27f08eecd6206875269df669f3997a2bb32f6eaee449fbcf2a7d06dea6d04","7384"
"shell/nav/warehouse.png","shell/nav","ui/main/farmui_full_v_32.swf","990b66553de0401e9555ea04aaafb8208d16a5ad124145107edb1e4aed2999e8","symbol","123:ButtonWarehouse","1","480ebea6cbaa818ea66740df280fa806c16fbf8cdf6625bbdbe6afe9b24fa50b","5638"
"shell/farm-tools/pack.png","shell/farm-tools","ui/main/farmui_full_v_32.swf","990b66553de0401e9555ea04aaafb8208d16a5ad124145107edb1e4aed2999e8","button-up","454:ToolPack","1","1f473d7f3da6d1c95e8808512e3310eec8b6a18919eca0968e9175db01147be4","3523"
"shell/farm-tools/arrow.png","shell/farm-tools","ui/main/farmui_full_v_32.swf","990b66553de0401e9555ea04aaafb8208d16a5ad124145107edb1e4aed2999e8","button-up","456:ToolArrow","1","e70297f698054f948eb4a4e42b4876d0541ecbdc717ca697ca320b962b499bae","2267"
"shell/farm-tools/hand.png","shell/farm-tools","ui/main/farmui_full_v_32.swf","990b66553de0401e9555ea04aaafb8208d16a5ad124145107edb1e4aed2999e8","button-up","467:ToolHand","1","e749a44b99d0ec01efcddb699682ff8e9e1b1c868835c3e9114b9823f3e0f4bf","2308"
"shell/farm-tools/weed.png","shell/farm-tools","ui/main/farmui_full_v_32.swf","990b66553de0401e9555ea04aaafb8208d16a5ad124145107edb1e4aed2999e8","button-up","469:ToolWeed","1","3120c377b266c7e1733f27a48badfba7252082296b04d553b9ce977b9b87ec1a","2089"
"shell/farm-tools/water.png","shell/farm-tools","ui/main/farmui_full_v_32.swf","990b66553de0401e9555ea04aaafb8208d16a5ad124145107edb1e4aed2999e8","button-up","471:ToolWater","1","f46ca9d4ad99ba9430976cf197a06d17f684d3212418df45f71932ec7a94ccd8","3786"
"shell/farm-tools/toolbox.png","shell/farm-tools","ui/main/farmui_full_v_32.swf","990b66553de0401e9555ea04aaafb8208d16a5ad124145107edb1e4aed2999e8","button-up","486:ToolBox","1","9ff7203af5c9cae8612923aff8077f74194d5d681fba256609622a0513312205","3264"
"shell/farm-tools/steal.png","shell/farm-tools","ui/main/farmui_full_v_32.swf","990b66553de0401e9555ea04aaafb8208d16a5ad124145107edb1e4aed2999e8","button-up","489:ToolTheft","1","7cdd857bce32e452620a16b92fd74a570a42e166e826f86e95ffffbde710f471","2654"
"shell/farm-tools/pesticide.png","shell/farm-tools","ui/main/farmui_full_v_32.swf","990b66553de0401e9555ea04aaafb8208d16a5ad124145107edb1e4aed2999e8","button-up","491:ToolPesticide","1","2d6ba1bab4d7fbccfbf80c8ebcc825d99944d265fb45adfd33991bad6569d6c8","3130"
"shell/farm-tools/insect.png","shell/farm-tools","ui/main/farmui_full_v_32.swf","990b66553de0401e9555ea04aaafb8208d16a5ad124145107edb1e4aed2999e8","button-up","493:ToolInsect","1","1ef12d9ded845d6b9329cbf0f401a6e45666f51df8e65fa4648b0bfda68da14c","2290"
"shell/farm-tools/hook.png","shell/farm-tools","ui/main/farmui_full_v_32.swf","990b66553de0401e9555ea04aaafb8208d16a5ad124145107edb1e4aed2999e8","button-up","495:ToolHook","1","f71b94c7ca64c2111402bd52b9b3a72228a50963d9a66b5a71652a9d69b2f82d","3428"
"shell/farm-tools/hoe.png","shell/farm-tools","ui/main/farmui_full_v_32.swf","990b66553de0401e9555ea04aaafb8208d16a5ad124145107edb1e4aed2999e8","button-up","497:ToolHoe","1","204eee41f832030fd38ac41b71515bf853ddef59dc515daa1ad9f72d5b26f944","2930"
"shell/farm-tools/zoom-out.png","shell/farm-tools","ui/main/farmui_full_v_32.swf","990b66553de0401e9555ea04aaafb8208d16a5ad124145107edb1e4aed2999e8","button-up","502:ToolZoomOut","1","ba2d68536f6e0aeb4141a9b31cbdae7d349f8be57eeddba5a2bc945782f1affc","3301"
"shell/farm-tools/zoom-in.png","shell/farm-tools","ui/main/farmui_full_v_32.swf","990b66553de0401e9555ea04aaafb8208d16a5ad124145107edb1e4aed2999e8","button-up","506:ToolZoomIn","1","90a5351f208b91d773a95ffe87a012388473a9f2908b1c5bb891dfd50aa12055","3290"
"shell/pasture-tools/hand.png","shell/pasture-tools","mc/main/farmui1_v_40.swf","6a5dfd3936baffd34fa0264aae984c54f1d417a35c23ae99d2a8d7805a2363c5","button-up","212:Cursor","1","de22dfa489cf2340ebac352582c5a4db81e5df4a823697eb7898312a6215932b","1905"
"shell/pasture-tools/animal.png","shell/pasture-tools","mc/main/farmui1_v_40.swf","6a5dfd3936baffd34fa0264aae984c54f1d417a35c23ae99d2a8d7805a2363c5","button-up","214:ButtonSeed","1","ff01babb58948cfbc1fdeb4bd865193dbec61d95485cf209ba84059239613199","3377"
"shell/pasture-tools/flapper.png","shell/pasture-tools","mc/main/farmui1_v_40.swf","6a5dfd3936baffd34fa0264aae984c54f1d417a35c23ae99d2a8d7805a2363c5","button-up","216:FlapperButton","1","35b434eebf4de70a359603f4f2aa6f02ec691a9a313caa8b9a2f068660c44309","2880"
"shell/pasture-tools/fly.png","shell/pasture-tools","mc/main/farmui1_v_40.swf","6a5dfd3936baffd34fa0264aae984c54f1d417a35c23ae99d2a8d7805a2363c5","button-up","218:FlyButton","1","180e65813f5ab6e2dbd5ce534c68e87b1ada218fe5a0eaaab8dc3970f3204704","2881"
"shell/pasture-tools/produce.png","shell/pasture-tools","mc/main/farmui1_v_40.swf","6a5dfd3936baffd34fa0264aae984c54f1d417a35c23ae99d2a8d7805a2363c5","button-up","220:ShengChanButton","1","64e25c322445cee849c7baff8b373c448e303f15a674097c51603d9d3c12807d","1957"
"shell/pasture-tools/steal.png","shell/pasture-tools","mc/main/farmui1_v_40.swf","6a5dfd3936baffd34fa0264aae984c54f1d417a35c23ae99d2a8d7805a2363c5","button-up","164:ButtonTheft","1","a77f389b0f73403ac5238e586e3f53f3f099b0128666cc9bd4893d73ecdb1f83","2155"
"shell/pasture-tools/whistle.png","shell/pasture-tools","mc/main/farmui1_v_40.swf","6a5dfd3936baffd34fa0264aae984c54f1d417a35c23ae99d2a8d7805a2363c5","button-up","160:WhistleButton","1","bf55f07f561875cccbc904e0464800821007e0fd9afb87618b64d9240a02cebc","2939"
"shell/pasture-tools/poop.png","shell/pasture-tools","mc/main/farmui1_v_40.swf","6a5dfd3936baffd34fa0264aae984c54f1d417a35c23ae99d2a8d7805a2363c5","button-up","76:BBButton","1","0bc0b854634e1a10ddfc1c579d2c18ded1a1f34a33850bf1cf09b712ada6c486","2735"
"shell/pasture-tools/toolbar-bg.png","shell/pasture-tools","mc/main/farmui1_v_40.swf","6a5dfd3936baffd34fa0264aae984c54f1d417a35c23ae99d2a8d7805a2363c5","symbol","225:ToolBarBg","1","358e14a5dfc2e78f089127c25d8dbe6d753837ec92ba8ec8c39f79daf49000bb","1005"
"shell/pasture-tools/feed-1.png","shell/pasture-tools","mc/main/farmui1_v_40.swf","6a5dfd3936baffd34fa0264aae984c54f1d417a35c23ae99d2a8d7805a2363c5","symbol","336:Grass","1","12ae45209f3f6e598814e01162b34c7b1a6cb90c79c035dcc34d8a461db9be73","10611"
"scene/farm/background.png","scene/farm","ui/farm/diy/1.swf","24358d2f3ae29eb15822453d43f440bebd9a2bf3085fe28bb8136a36595f15e5","root-frame","root","1","84b39a3b59c9cc3ed975ac4c3e98648bb310f3056d24fccbcfc2152bbe65ad45","319393"
"scene/farm/house.png","scene/farm","ui/farm/diy/2.swf","8962668c5d5fad391f9fc4c41ff788bbee5b3697d65516843090212d4c11c7ec","content-bounds","root","1","749466d669164d83537c699fba7fbbbf9b1a1d6542fe3ca73edcc2236fb00e0e","37390"
"scene/farm/fence.png","scene/farm","ui/farm/diy/3.swf","0a4681efe2c54c08ad94ebbc0d86e49bb8aacc5c26aea69e931308a91eb5bee2","content-bounds","root","1","500e92273efaff35cb60a7a11d003a403207f19c15882a4a2c76481fc68f6056","30771"
"scene/farm/doghouse.png","scene/farm","ui/farm/diy/4.swf","e5cd2ff87ac3e2e312e24ca7e4b6bde2cbd2b2e30075c76f75dab5c92bf0d870","content-bounds","root","1","095209668423641ebfcba83e23de633993109ee21bfe20a184a73337837ef22e","8527"
"scene/farm/pool-water.png","scene/farm","ui/water_v_5.swf","03b1cfaaec9524b24165c506a565319cd8260c23c89a438f858d01b14900a22e","symbol","27:WaterLand3","1","51e8145bcebc52496026f588654d110be1f07e5054630006c40c12dbdb83273d","117398"
"scene/farm/pool-frame.png","scene/farm","ui/water_v_5.swf","03b1cfaaec9524b24165c506a565319cd8260c23c89a438f858d01b14900a22e","symbol","30:StoneFrame1","1","95f0e20a4577e8496bad8931bdd42cc6d2a0b72785fec594fe38f9c8b66438f3","98228"
"scene/pasture/default/grass-tile.jpg","scene/pasture","mc/farm/diy/z1_105_1.swf","ceb2131b0d29961b6d1630bfef19422ae0b9977ccfbf17e66cdc1a6533abeb53","embedded-image","1.jpg","","f97a19bb95d2d0e1a3a74106204a2e2e7a6a18f80c7217c6db40a13d7b7700d9","8342"
"scene/pasture/default/horizon.jpg","scene/pasture","mc/farm/diy/z1_105_1.swf","ceb2131b0d29961b6d1630bfef19422ae0b9977ccfbf17e66cdc1a6533abeb53","embedded-image","2.jpg","","975100910535b690be3e630196f1e0d3e943959051e55f3eb6a25b541f85279e","11370"
"scene/pasture/default/ground-tile.jpg","scene/pasture","mc/farm/diy/z1_105_1.swf","ceb2131b0d29961b6d1630bfef19422ae0b9977ccfbf17e66cdc1a6533abeb53","embedded-image","4.jpg","","3706b72c6651e561d745b3f33058637f9ddfd0d7c7f2c807a0fd0676bf731d79","8891"
"scene/pasture/default/plant-1.png","scene/pasture","mc/farm/diy/z1_105_1.swf","ceb2131b0d29961b6d1630bfef19422ae0b9977ccfbf17e66cdc1a6533abeb53","embedded-image","13.png","","eb0c7d4d19f7b97227f42f419f861959eddabe1cf8824eb55cc02d5b0c1171fc","4639"
"scene/pasture/default/plant-2.png","scene/pasture","mc/farm/diy/z1_105_1.swf","ceb2131b0d29961b6d1630bfef19422ae0b9977ccfbf17e66cdc1a6533abeb53","embedded-image","14.png","","6116eb5a7c678270684f6cdbe4e575058739b4020786e4ddfeaa8586c7117445","4681"
"scene/pasture/default/ground-patch.png","scene/pasture","mc/farm/diy/z1_105_1.swf","ceb2131b0d29961b6d1630bfef19422ae0b9977ccfbf17e66cdc1a6533abeb53","embedded-image","15.png","","aaccbf29920caaaf21bf1633cc990af106225ca1a994722eae5bed4146fccda4","47356"
"scene/pasture/default/plant-3.png","scene/pasture","mc/farm/diy/z1_105_1.swf","ceb2131b0d29961b6d1630bfef19422ae0b9977ccfbf17e66cdc1a6533abeb53","embedded-image","16.png","","10269ef3581c773fb611ee4a1182c6d8664b72980bbdad268d5732f5a3028485","2559"
"scene/pasture/default/plant-4.png","scene/pasture","mc/farm/diy/z1_105_1.swf","ceb2131b0d29961b6d1630bfef19422ae0b9977ccfbf17e66cdc1a6533abeb53","embedded-image","17.png","","dfafa65b2a4c985f369a87829246be1b7cd877892fbdb614563448855be71577","4183"
"scene/pasture/default/plant-5.png","scene/pasture","mc/farm/diy/z1_105_1.swf","ceb2131b0d29961b6d1630bfef19422ae0b9977ccfbf17e66cdc1a6533abeb53","embedded-image","18.png","","c770f0da2d7fbee0c6221ec09524c34885b6dae28fb5455a75117080786f932a","9426"
"scene/pasture/default/fence.png","scene/pasture","mc/farm/diy/z1_105_1.swf","ceb2131b0d29961b6d1630bfef19422ae0b9977ccfbf17e66cdc1a6533abeb53","embedded-image","20.png","","f20639e4f80fa2f501d885c49be286642151383b6fcbe73545cc9b134870218c","57462"
"scene/pasture/cinema.png","scene/pasture","mc/farm/diy/z1_224_1.swf","b910ac1d029a0679ca2b1595eca664bf65cbb1d37433f77cbdffbe07268fa20a","content-bounds","root","1","de514614977292c1ca5059e11656f57b7ebd0fc1f93f28dffc197e2ef2ef0f67","1647651"
"scene/pasture/hutch/1.png","scene/pasture","mc/farm/diy/z2_102_1.swf","fd4e14c0ecf116ca3bae87a08a01c670460322dca9e3a6de3de433647e6050fa","content-bounds","root","1","ffc540eaed3ae85c61179dbdd09f27a076667409e6a42886658024ed87daa90b","49498"
"scene/pasture/shed/1.png","scene/pasture","mc/farm/diy/z3_103_1.swf","f894207c1b2aa4a496136c27bb85047646637fd142f9e9c188e91007e59a3711","content-bounds","root","1","57ac17d23f10a69a9a4a26d4ab969d94a57fb81823a9e19233901dadd57246c8","73802"
"scene/pasture/hutch/2.png","scene/pasture","mc/farm/diy/z2_102_2.swf","412aa4605e445794cc0c6d42ddc7bd7b7d8e0165292be030fab53e6b000228cd","content-bounds","root","1","8c39839d715e0e351b91c59d35a5a2bd482cadd19360774e632571fa92fe14ff","76353"
"scene/pasture/shed/2.png","scene/pasture","mc/farm/diy/z3_103_2.swf","4772b76919a6b5f01f7712d7eed1b23323f7267ff13f7d76f698ff5ae0ac7cf0","content-bounds","root","1","ac3897f6dd72b14bd3bfcee235476a87d59dfc88c08f9f0b95996826485a363d","66779"
"scene/pasture/hutch/3.png","scene/pasture","mc/farm/diy/z2_102_3.swf","df835a7aaa81ab59d9d597b8e10a203eeafe2245b70fe9aae6bd482fc12c6b98","content-bounds","root","1","b71f2b9f34bab7e205ec218ad0aeb0c16ee5d449849952610a7a93247c442b0d","86607"
"scene/pasture/shed/3.png","scene/pasture","mc/farm/diy/z3_103_3.swf","a6369e2da6a4c9f1ae3b7ae31bbe97db3f2656539898ad608b473252a514a6a2","content-bounds","root","1","0a05857175dad8f126ae5148ba17cdf4d1486461262f903ace26aa49a6300e5c","79910"
"scene/pasture/hutch/4.png","scene/pasture","mc/farm/diy/z2_102_4.swf","652bb686865bd25f37c4d1fc8e21d3e879795f6ade802d5289922e0b5f254295","content-bounds","root","1","af4214fc01dc3546500ed4897c0520c593ed738a02c311a0493054d3c81e9a5b","94764"
"scene/pasture/shed/4.png","scene/pasture","mc/farm/diy/z3_103_4.swf","af9902ed472d1659248f3b55da15161241a1ec80dd09f18c9aeff08bcf892d9c","content-bounds","root","1","e80e328debcf44dda34ba3792e62c6c2c50005b9962ca5594b6c9f1629252637","85083"
"scene/pasture/hutch/5.png","scene/pasture","mc/farm/diy/z2_102_5.swf","38853c37e021697d5bf6a4adc3bc08ca8d961ec5b7af626f04cb4e1f823c91eb","content-bounds","root","1","5e10157ba807a04701a41c9427a0676d7bcc9ad9b4e8e99dfaf53e97ee7d9ed4","89049"
"scene/pasture/shed/5.png","scene/pasture","mc/farm/diy/z3_103_5.swf","6da6ad215b73c3b5ada83c2da8d13cb58e3120d0924d292f74d3c2c328bcf223","content-bounds","root","1","1596f0450b672877a0202a5d446aa227aeb4ac2baf2a1f9031acabd33251fc34","96022"
"scene/pasture/hutch/6.png","scene/pasture","mc/farm/diy/z2_102_6.swf","52e8e66b2f7d3244127a28aed11b2c9c59de8214aa8fa63b2484f9646aef7967","content-bounds","root","1","dd81b363f98a3f23d30d8d200ec8453e20e6d730f22521330deaaa9526c35899","94862"
"scene/pasture/shed/6.png","scene/pasture","mc/farm/diy/z3_103_6.swf","9facfab87b153e0f3871cc90cbdfbbdced9fcce34f26fa508308b6839e0a2b25","content-bounds","root","1","cae85546b3405bd361550fcb30cd3ebf96ef769ef941ff9e36b0dc8f04db2512","96892"
"scene/pasture/hutch/7.png","scene/pasture","mc/farm/diy/z2_102_7.swf","ea0a120512fd5e207d6bf9944ca3a02f3a7b41a0b3fca36f314c2aa7e8382daa","content-bounds","root","1","f1cecebb6d86c12baf1582d3b5a20fe682c4f78ab49ccf909e54a1419493920a","109147"
"scene/pasture/shed/7.png","scene/pasture","mc/farm/diy/z3_103_7.swf","51f9ae8873af4139fa46a6c9962cf3d2ecc5ed0bbac5849822550bec693ef1a5","content-bounds","root","1","c0821b34e63c83d442cb74810ad9ec2ec49fce82186f516eb85f659d66c4faa8","111728"
"scene/pasture/hutch/8.png","scene/pasture","mc/farm/diy/z2_102_8.swf","61c354d79abc54bd04ee78e7321ffc3ee210b064026d7428857137effdd1a9c1","content-bounds","root","1","914bc669a21bf485107fcfb2c6ab798eb697eadb5a25c7c90f0adc78f700f792","111764"
"scene/pasture/shed/8.png","scene/pasture","mc/farm/diy/z3_103_8.swf","d423cd406e8cee5ca82a4140d88ca89e86361ba24caab8a703d1d66aefc7de41","content-bounds","root","1","a0b9ab465c724b9b5ce496942438f350387bd6757dae6805ae47d7e17526f35e","126773"
"scene/land/normal-wet.png","scene/land","ui/main/farmui_full_v_32.swf","990b66553de0401e9555ea04aaafb8208d16a5ad124145107edb1e4aed2999e8","symbol","173:com.qzone.ui.FarmlandS","1","dc3399a277afab3b092745ba266a1998e7b69783b4c1479a23f09d785ee79717","31071"
"scene/land/normal-wet-alt.png","scene/land","ui/main/farmui_full_v_32.swf","990b66553de0401e9555ea04aaafb8208d16a5ad124145107edb1e4aed2999e8","symbol","176:com.qzone.ui.FarmlandS2","1","24ac79e03bd44248d79cc849a4e0f57f647d9ce40f5c557cd1b6fa810b56947e","28113"
"scene/land/normal-dry-alt.png","scene/land","ui/main/farmui_full_v_32.swf","990b66553de0401e9555ea04aaafb8208d16a5ad124145107edb1e4aed2999e8","symbol","179:com.qzone.ui.FarmlandG2","1","1775c52cc021a6d293a2fa3240e3feb2e8b0c5b0db95ed520f9c06f44c9762c6","28514"
"scene/land/normal-dry.png","scene/land","ui/main/farmui_full_v_32.swf","990b66553de0401e9555ea04aaafb8208d16a5ad124145107edb1e4aed2999e8","symbol","182:com.qzone.ui.FarmlandG","1","1ca62488d805482b30a1d4ef51a232dbc2187f998ea93b204e03af2b3779e971","31719"
"scene/land/locked.png","scene/land","ui/main/farmui_full_v_32.swf","990b66553de0401e9555ea04aaafb8208d16a5ad124145107edb1e4aed2999e8","symbol","185:com.qzone.ui.Wasteland","1","c08d9b8ebb4b8a6852e1c221ae9364c3d907bd5d35cbf4f6b6f39afcb2abe64c","33941"
"scene/land/red-wet.png","scene/land","ui/main/farmui_full_v_32.swf","990b66553de0401e9555ea04aaafb8208d16a5ad124145107edb1e4aed2999e8","symbol","189:com.qzone.ui.red.FarmlandS","1","d14219a34ddd0f26e1f1c362bbf2a60f80d2a7a242844ce1ec01e98c28cc8fad","33739"
"scene/land/red-wet-alt.png","scene/land","ui/main/farmui_full_v_32.swf","990b66553de0401e9555ea04aaafb8208d16a5ad124145107edb1e4aed2999e8","symbol","192:com.qzone.ui.red.FarmlandS2","1","5b44a032383c9036e316d52cd8c9f810bf7de7443f7ac1b5aa8fdda868184429","29705"
"scene/land/red-dry-alt.png","scene/land","ui/main/farmui_full_v_32.swf","990b66553de0401e9555ea04aaafb8208d16a5ad124145107edb1e4aed2999e8","symbol","193:com.qzone.ui.red.FarmlandG2","1","1775c52cc021a6d293a2fa3240e3feb2e8b0c5b0db95ed520f9c06f44c9762c6","28514"
"scene/land/red-dry.png","scene/land","ui/main/farmui_full_v_32.swf","990b66553de0401e9555ea04aaafb8208d16a5ad124145107edb1e4aed2999e8","symbol","196:com.qzone.ui.red.FarmlandG","1","03a55847d690cf33fb9a7f31de4f869676cbd08da2f7c6b0cf55c128b8579163","31982"
"scene/land/black-wet.png","scene/land","ui/main/farmui2_v_34.swf","836f98175536b2f117220d0c3341d1a9b3cae9fec539173783fefbe9b79ea5e2","symbol","184:com.qzone.ui.black.FarmlandS","1","addae4e1f6c4cbf5576ce9fe297a297021df6b9820e548a4cd5b94b78833ca82","26935"
"scene/land/black-wet-alt.png","scene/land","ui/main/farmui2_v_34.swf","836f98175536b2f117220d0c3341d1a9b3cae9fec539173783fefbe9b79ea5e2","symbol","193:com.qzone.ui.black.FarmlandS2","1","1facdedff28ea1ebe2907129c8537ccaab2b6be2eba262610f2784188ea1f076","21562"
"scene/land/black-dry-alt.png","scene/land","ui/main/farmui2_v_34.swf","836f98175536b2f117220d0c3341d1a9b3cae9fec539173783fefbe9b79ea5e2","symbol","286:com.qzone.ui.black.FarmlandG2","1","993587ba4bd74b2cdf05d4d0b681fde960d725015a21e895208a0907c3e39117","27534"
"scene/land/black-dry.png","scene/land","ui/main/farmui2_v_34.swf","836f98175536b2f117220d0c3341d1a9b3cae9fec539173783fefbe9b79ea5e2","symbol","287:com.qzone.ui.black.FarmlandG","1","c45f47216688b048b948283ec081747739bfd86c5c5c79873e01bbea260fef6a","26626"
"scene/land/weed.png","scene/land","ui/main/farmui_full_v_32.swf","990b66553de0401e9555ea04aaafb8208d16a5ad124145107edb1e4aed2999e8","symbol","170:Weed","1","bae0afaacfc4ec400529ece9ee2967ad005ec3685caced4e2b3bf2afd23b2953","3136"
"scene/land/reclaim.png","scene/land","ui/main/farmui_full_v_32.swf","990b66553de0401e9555ea04aaafb8208d16a5ad124145107edb1e4aed2999e8","symbol","201:Reclaim","1","fdf9081190f3a31b4987fcab61eb00c88abfab599d205d95753d94a99bb198f6","9168"
"scene/land/insect.png","scene/land","ui/main/farmui_full_v_32.swf","990b66553de0401e9555ea04aaafb8208d16a5ad124145107edb1e4aed2999e8","symbol","204:Insect","1","6d10ee8f8f53939d5a900cc4b1e7113a45c5203751a6e71fc93f209553b050ed","722"
"scene/land/can-pick.png","scene/land","ui/main/farmui_full_v_32.swf","990b66553de0401e9555ea04aaafb8208d16a5ad124145107edb1e4aed2999e8","symbol","225:canPickIcon","1","de7675614024c5662a1a9467960e0e07a0aeda769feaf4e7eb42959fbf1b7066","3446"
