"source_id","name","runtime_status","state_key","source_character_id","source_export_file","source_sha256","runtime_asset","runtime_sha256","visual_review_status","processing_status"
"1001","鸡","1","cub","168","a1001.swf/DefineSprite_168_Animal_1001_1/1.png","3b5b5b52ce0d448b90405946da79d94917be07eb89d98ef93e06e044d02c0a25","apps/web/public/assets/manor/classic/pasture/animals/1001/cub.png","3b5b5b52ce0d448b90405946da79d94917be07eb89d98ef93e06e044d02c0a25","reviewed-ok","ready"
"1001","鸡","2","growing","41","a1001.swf/DefineSprite_41_Animal_1001_2/1.png","4e46121d89d20fd4ddf82cc35da6e468c18c1160b2cb3f4f5aa3b384b6435649","apps/web/public/assets/manor/classic/pasture/animals/1001/growing.png","4e46121d89d20fd4ddf82cc35da6e468c18c1160b2cb3f4f5aa3b384b6435649","reviewed-ok","ready"
"1001","鸡","3","ready_to_produce","134","a1001.swf/DefineSprite_134_Animal_1001_3/1.png","64f44b69f92d9d74ae3d69a226dd58a401ac5abe7803e2f92f8d8c4a7190bcc1","apps/web/public/assets/manor/classic/pasture/animals/1001/ready_to_produce.png","64f44b69f92d9d74ae3d69a226dd58a401ac5abe7803e2f92f8d8c4a7190bcc1","reviewed-ok","ready"
"1001","鸡","4","production_early","114","a1001.swf/DefineSprite_114_Animal_1001_4/1.png","e835de827738621f3e8589a85c73b34899d9a30059c8858e7fb42849cbbdaa36","apps/web/public/assets/manor/classic/pasture/animals/1001/production_early.png","e835de827738621f3e8589a85c73b34899d9a30059c8858e7fb42849cbbdaa36","reviewed-ok","ready"
"1001","鸡","5","production_late","110","a1001.swf/DefineSprite_110_Animal_1001_5/1.png","5aed897e1faf2ca1a7fcca731cbf0d487e13b6a35990b69203977c0f1412c3a8","apps/web/public/assets/manor/classic/pasture/animals/1001/production_late.png","5aed897e1faf2ca1a7fcca731cbf0d487e13b6a35990b69203977c0f1412c3a8","reviewed-ok","ready"
"1001","鸡","6","lifecycle_complete","106","a1001.swf/DefineSprite_106_Animal_1001_6/1.png","30eaa0677189bbfeccb42e24612dcb0530e04c662934345d95141a97bdc4817b","apps/web/public/assets/manor/classic/pasture/animals/1001/lifecycle_complete.png","30eaa0677189bbfeccb42e24612dcb0530e04c662934345d95141a97bdc4817b","reviewed-ok","ready"
"1002","兔子","1","cub","89","a1002.swf/DefineSprite_89_Animal_1002_1/1.png","df31d62926237198c714bc5ba78db266f84e3f931f461a2af37ea51ced0f8fc8","apps/web/public/assets/manor/classic/pasture/animals/1002/cub.png","df31d62926237198c714bc5ba78db266f84e3f931f461a2af37ea51ced0f8fc8","reviewed-ok","ready"
"1002","兔子","2","growing","130","a1002.swf/DefineSprite_130_Animal_1002_2/1.png","ed52b54f278c1a3c27ee811998c5399eacc88c2a12cff7e3af949af7eb704cdc","apps/web/public/assets/manor/classic/pasture/animals/1002/growing.png","ed52b54f278c1a3c27ee811998c5399eacc88c2a12cff7e3af949af7eb704cdc","reviewed-ok","ready"
"1002","兔子","3","ready_to_produce","232","a1002.swf/DefineSprite_232_Animal_1002_3/1.png","7238d81162d62286f86a2a1b5c662848f3e8f5ea202179b8f42ae5e868533a8d","apps/web/public/assets/manor/classic/pasture/animals/1002/ready_to_produce.png","7238d81162d62286f86a2a1b5c662848f3e8f5ea202179b8f42ae5e868533a8d","reviewed-ok","ready"
"1002","兔子","4","production_early","162","a1002.swf/DefineSprite_162_Animal_1002_4/1.png","6a570c2af8f7e6a3c5512bdb8676a813e6d49cba8f7a2bbfbccf1ced02690b4a","apps/web/public/assets/manor/classic/pasture/animals/1002/production_early.png","6a570c2af8f7e6a3c5512bdb8676a813e6d49cba8f7a2bbfbccf1ced02690b4a","reviewed-ok","ready"
"1002","兔子","5","production_late","236","a1002.swf/DefineSprite_236_Animal_1002_5/1.png","2bea8cfa11f5b0abb0f40f155f0b81cb43c0e18641a01bb30f6eba9434bf39d5","apps/web/public/assets/manor/classic/pasture/animals/1002/production_late.png","2bea8cfa11f5b0abb0f40f155f0b81cb43c0e18641a01bb30f6eba9434bf39d5","reviewed-ok","ready"
"1002","兔子","6","lifecycle_complete","156","a1002.swf/DefineSprite_156_Animal_1002_6/1.png","7da1204b408f444e673f24e0776ce641db271e18df184cbffb28add170fc4299","apps/web/public/assets/manor/classic/pasture/animals/1002/lifecycle_complete.png","7da1204b408f444e673f24e0776ce641db271e18df184cbffb28add170fc4299","reviewed-ok","ready"
"1007","乌龟","1","cub","75","a1007.swf/DefineSprite_75_Animal_1007_1/1.png","1c232a3080433677dd516b9b8b1eb47359e7696e4a90800d4940558ca4272dec","apps/web/public/assets/manor/classic/pasture/animals/1007/cub.png","1c232a3080433677dd516b9b8b1eb47359e7696e4a90800d4940558ca4272dec","reviewed-ok","ready"
"1007","乌龟","2","growing","88","a1007.swf/DefineSprite_88_Animal_1007_2/1.png","81b3bae0b8ca1177cf98468fb77342ace47823f0780146b5b95f304ca0ed103d","apps/web/public/assets/manor/classic/pasture/animals/1007/growing.png","81b3bae0b8ca1177cf98468fb77342ace47823f0780146b5b95f304ca0ed103d","reviewed-ok","ready"
"1007","乌龟","3","ready_to_produce","132","a1007.swf/DefineSprite_132_Animal_1007_3/1.png","f9912afbba4152abb34c75a3241f789177cda17586ff4450e6553af85517171a","apps/web/public/assets/manor/classic/pasture/animals/1007/ready_to_produce.png","f9912afbba4152abb34c75a3241f789177cda17586ff4450e6553af85517171a","reviewed-ok","ready"
"1007","乌龟","4","production_early","30","a1007.swf/DefineSprite_30_Animal_1007_4/1.png","9f6733995f8977131c5aae7897caa551399f31b71ecad017c8809b320bb8f646","apps/web/public/assets/manor/classic/pasture/animals/1007/production_early.png","9f6733995f8977131c5aae7897caa551399f31b71ecad017c8809b320bb8f646","reviewed-ok","ready"
"1007","乌龟","5","production_late","107","a1007.swf/DefineSprite_107_Animal_1007_5/1.png","f69f9915ff3109631d01ed25abd204e06cc2257c8f1058f22461f38cf44aa469","apps/web/public/assets/manor/classic/pasture/animals/1007/production_late.png","f69f9915ff3109631d01ed25abd204e06cc2257c8f1058f22461f38cf44aa469","reviewed-ok","ready"
"1007","乌龟","6","lifecycle_complete","103","a1007.swf/DefineSprite_103_Animal_1007_6/1.png","09bc02ad0f3189f1e24297e3015f269f875f9bac239829e09cb58a1bcae080cc","apps/web/public/assets/manor/classic/pasture/animals/1007/lifecycle_complete.png","09bc02ad0f3189f1e24297e3015f269f875f9bac239829e09cb58a1bcae080cc","reviewed-ok","ready"
"1017","炫舞龟","1","cub","113","a1017.swf/DefineSprite_113_Animal_1017_1/1.png","dd9cb560df6f58eb9db5bee93d45b3b82a2554452f6d89c3314b5311547a4ff8","apps/web/public/assets/manor/classic/pasture/animals/1017/cub.png","dd9cb560df6f58eb9db5bee93d45b3b82a2554452f6d89c3314b5311547a4ff8","reviewed-ok","ready"
"1017","炫舞龟","2","growing","84","a1017.swf/DefineSprite_84_Animal_1017_2/1.png","88b78c4ecf2453a2e7edf4b06d23f22248e7f7a27ae3142f6b88b5736fa3bd11","apps/web/public/assets/manor/classic/pasture/animals/1017/growing.png","88b78c4ecf2453a2e7edf4b06d23f22248e7f7a27ae3142f6b88b5736fa3bd11","reviewed-ok","ready"
"1017","炫舞龟","3","ready_to_produce","71","a1017.swf/DefineSprite_71_Animal_1017_3/1.png","82a120f9573e864d6b7d44ea2fc77399bbb93d35545db18836554f59434838a8","apps/web/public/assets/manor/classic/pasture/animals/1017/ready_to_produce.png","82a120f9573e864d6b7d44ea2fc77399bbb93d35545db18836554f59434838a8","reviewed-ok","ready"
"1017","炫舞龟","4","production_early","10","a1017.swf/DefineSprite_10_Animal_1017_4/1.png","3f6209ee37027910c47b018aeb2a506018730053d81f64ee00b96265cb4f3e05","apps/web/public/assets/manor/classic/pasture/animals/1017/production_early.png","3f6209ee37027910c47b018aeb2a506018730053d81f64ee00b96265cb4f3e05","reviewed-ok","ready"
"1017","炫舞龟","5","production_late","80","a1017.swf/DefineSprite_80_Animal_1017_5/1.png","50cee32b27170918bf248952181b66328348280007021c49c93fe64a6b3fa47a","apps/web/public/assets/manor/classic/pasture/animals/1017/production_late.png","50cee32b27170918bf248952181b66328348280007021c49c93fe64a6b3fa47a","reviewed-ok","ready"
"1017","炫舞龟","6","lifecycle_complete","45","a1017.swf/DefineSprite_45_Animal_1017_6/1.png","16c39d8c8a9e186321ca97d33d47cae525fb778f8220aa4b4e255b0feee273b6","apps/web/public/assets/manor/classic/pasture/animals/1017/lifecycle_complete.png","16c39d8c8a9e186321ca97d33d47cae525fb778f8220aa4b4e255b0feee273b6","reviewed-ok","ready"
"1505","梅花鹿","1","cub","66","a1505.swf/DefineSprite_66_Animal_1505_1/1.png","3e381207e12337ad5fc1b195a12602ffc7bbdc7ced03c4f6daf4ad2e83a91379","apps/web/public/assets/manor/classic/pasture/animals/1505/cub.png","3e381207e12337ad5fc1b195a12602ffc7bbdc7ced03c4f6daf4ad2e83a91379","reviewed-ok","ready"
"1505","梅花鹿","2","growing","134","a1505.swf/DefineSprite_134_Animal_1505_2/1.png","f5376399a24e28e41b7d9570d3dfd75cce3551ac37f47d4d8fc489f21d0387f3","apps/web/public/assets/manor/classic/pasture/animals/1505/growing.png","f5376399a24e28e41b7d9570d3dfd75cce3551ac37f47d4d8fc489f21d0387f3","reviewed-ok","ready"
"1505","梅花鹿","3","ready_to_produce","208","a1505.swf/DefineSprite_208_Animal_1505_3/1.png","ee0528523e1f5c69746c84789bf5026d45dfc1c86ee8fc580fc9792ab851d2f2","apps/web/public/assets/manor/classic/pasture/animals/1505/ready_to_produce.png","ee0528523e1f5c69746c84789bf5026d45dfc1c86ee8fc580fc9792ab851d2f2","reviewed-ok","ready"
"1505","梅花鹿","4","production_early","165","a1505.swf/DefineSprite_165_Animal_1505_4/1.png","05a5c88950d81afe47913e2a5def4a1a957146bbab9efc43763beea25403ea54","apps/web/public/assets/manor/classic/pasture/animals/1505/production_early.png","05a5c88950d81afe47913e2a5def4a1a957146bbab9efc43763beea25403ea54","reviewed-ok","ready"
"1505","梅花鹿","5","production_late","156","a1505.swf/DefineSprite_156_Animal_1505_5/1.png","c2e73a03e5f242f2b14d21b79a6b204fe4a802523fd7123077b6ede0ce84e45f","apps/web/public/assets/manor/classic/pasture/animals/1505/production_late.png","c2e73a03e5f242f2b14d21b79a6b204fe4a802523fd7123077b6ede0ce84e45f","reviewed-ok","ready"
"1505","梅花鹿","6","lifecycle_complete","226","a1505.swf/DefineSprite_226_Animal_1505_6/1.png","c0e4d2320b763da5c67392234998f31471cda17ed5e97ca470b9a924ce39744e","apps/web/public/assets/manor/classic/pasture/animals/1505/lifecycle_complete.png","c0e4d2320b763da5c67392234998f31471cda17ed5e97ca470b9a924ce39744e","reviewed-ok","ready"
"1008","松鼠","1","cub","103","a1008.swf/DefineSprite_103_Animal_1008_1/1.png","9ba8a5e910a04977bc5edf641de018c738fb24f4f9e2542c10ce9d45b1ddfbc8","apps/web/public/assets/manor/classic/pasture/animals/1008/cub.png","9ba8a5e910a04977bc5edf641de018c738fb24f4f9e2542c10ce9d45b1ddfbc8","reviewed-ok","ready"
"1008","松鼠","2","growing","155","a1008.swf/DefineSprite_155_Animal_1008_2/1.png","ce8cdfc8ebab8fe8f42eb8caed0e3aeab8485db512408488d223a51dc82db6a1","apps/web/public/assets/manor/classic/pasture/animals/1008/growing.png","ce8cdfc8ebab8fe8f42eb8caed0e3aeab8485db512408488d223a51dc82db6a1","reviewed-ok","ready"
"1008","松鼠","3","ready_to_produce","238","a1008.swf/DefineSprite_238_Animal_1008_3/1.png","5eb8baf53e1fba39eb11d9293a7f1ac1e83d5a6f9898519d3f23f2a2d2773717","apps/web/public/assets/manor/classic/pasture/animals/1008/ready_to_produce.png","5eb8baf53e1fba39eb11d9293a7f1ac1e83d5a6f9898519d3f23f2a2d2773717","reviewed-ok","ready"
"1008","松鼠","4","production_early","31","a1008.swf/DefineSprite_31_Animal_1008_4/1.png","8b63ce158f0a4c34c544cdc0649f373acb812271368d0557660a93f7728a8aa4","apps/web/public/assets/manor/classic/pasture/animals/1008/production_early.png","8b63ce158f0a4c34c544cdc0649f373acb812271368d0557660a93f7728a8aa4","reviewed-ok","ready"
"1008","松鼠","5","production_late","211","a1008.swf/DefineSprite_211_Animal_1008_5/1.png","5e363634038bfa6155b268e8572b1a96e9e309e8703eef4ed5f08fe370adcbab","apps/web/public/assets/manor/classic/pasture/animals/1008/production_late.png","5e363634038bfa6155b268e8572b1a96e9e309e8703eef4ed5f08fe370adcbab","reviewed-ok","ready"
"1008","松鼠","6","lifecycle_complete","195","a1008.swf/DefineSprite_195_Animal_1008_6/1.png","3cca904dbdb506860ba9e6a793c371e3a3a5170b051df7c2054051fbbe6b2bd5","apps/web/public/assets/manor/classic/pasture/animals/1008/lifecycle_complete.png","3cca904dbdb506860ba9e6a793c371e3a3a5170b051df7c2054051fbbe6b2bd5","reviewed-ok","ready"
"1009","波斯猫","1","cub","143","a1009.swf/DefineSprite_143_Animal_1009_1/1.png","aa3c66e53d1c7be0c1fa6c29b404892f0f2d621e760f3fe9bb16bc51a524d172","apps/web/public/assets/manor/classic/pasture/animals/1009/cub.png","aa3c66e53d1c7be0c1fa6c29b404892f0f2d621e760f3fe9bb16bc51a524d172","reviewed-ok","ready"
"1009","波斯猫","2","growing","117","a1009.swf/DefineSprite_117_Animal_1009_2/1.png","74ffffe540b89289277a6937838b61ba8f3f072fa99bdb8ec36e37eb34000f70","apps/web/public/assets/manor/classic/pasture/animals/1009/growing.png","74ffffe540b89289277a6937838b61ba8f3f072fa99bdb8ec36e37eb34000f70","reviewed-ok","ready"
"1009","波斯猫","3","ready_to_produce","64","a1009.swf/DefineSprite_64_Animal_1009_3/1.png","a6c588767c5d3b31f141a5a70c32464bc63c0e2abf63a65eb899c3b4c9ce0fc0","apps/web/public/assets/manor/classic/pasture/animals/1009/ready_to_produce.png","a6c588767c5d3b31f141a5a70c32464bc63c0e2abf63a65eb899c3b4c9ce0fc0","reviewed-ok","ready"
"1009","波斯猫","4","production_early","16","a1009.swf/DefineSprite_16_Animal_1009_4/1.png","57024f6a7e6ae59cf521bcfdd5ccb3c173d5cb54912aa68a3d0fb33f0258a511","apps/web/public/assets/manor/classic/pasture/animals/1009/production_early.png","57024f6a7e6ae59cf521bcfdd5ccb3c173d5cb54912aa68a3d0fb33f0258a511","reviewed-ok","ready"
"1009","波斯猫","5","production_late","71","a1009.swf/DefineSprite_71_Animal_1009_5/1.png","7037e18efcb4d10b5e3fb34ebc80b0d1180effcc734450ba4741227e79566d8b","apps/web/public/assets/manor/classic/pasture/animals/1009/production_late.png","7037e18efcb4d10b5e3fb34ebc80b0d1180effcc734450ba4741227e79566d8b","reviewed-ok","ready"
"1009","波斯猫","6","lifecycle_complete","81","a1009.swf/DefineSprite_81_Animal_1009_6/1.png","943c795f79b35b52acfff2b175cf72c3de96e552b83e7f73f0515186e3802403","apps/web/public/assets/manor/classic/pasture/animals/1009/lifecycle_complete.png","943c795f79b35b52acfff2b175cf72c3de96e552b83e7f73f0515186e3802403","reviewed-ok","ready"
"1012","鸭","1","cub","14","a1012.swf/DefineSprite_14_Animal_1012_1/1.png","280dde7da0f4b44682476ca97a8da4993254a21a19f024429b91df7bba6f2d13","apps/web/public/assets/manor/classic/pasture/animals/1012/cub.png","280dde7da0f4b44682476ca97a8da4993254a21a19f024429b91df7bba6f2d13","reviewed-ok","ready"
"1012","鸭","2","growing","58","a1012.swf/DefineSprite_58_Animal_1012_2/1.png","bf66b96dcab4b24662b92df61fc816b55b06dbe738a750ec258e38d59e880b22","apps/web/public/assets/manor/classic/pasture/animals/1012/growing.png","bf66b96dcab4b24662b92df61fc816b55b06dbe738a750ec258e38d59e880b22","reviewed-ok","ready"
"1012","鸭","3","ready_to_produce","90","a1012.swf/DefineSprite_90_Animal_1012_3/1.png","3640119b6b5b98924480c76d4180c8bb67c537da114f079574950f65cc07e87f","apps/web/public/assets/manor/classic/pasture/animals/1012/ready_to_produce.png","3640119b6b5b98924480c76d4180c8bb67c537da114f079574950f65cc07e87f","reviewed-ok","ready"
"1012","鸭","4","production_early","78","a1012.swf/DefineSprite_78_Animal_1012_4/1.png","481d7478e2abd6439403af75ead2d07ae8997a2537fb8a20abac03a7b4993ce3","apps/web/public/assets/manor/classic/pasture/animals/1012/production_early.png","481d7478e2abd6439403af75ead2d07ae8997a2537fb8a20abac03a7b4993ce3","reviewed-ok","ready"
"1012","鸭","5","production_late","75","a1012.swf/DefineSprite_75_Animal_1012_5/1.png","f4bbeb656cfa78457661b80bd60eb17333d339ad990bbc481d84adbed6b4b6c3","apps/web/public/assets/manor/classic/pasture/animals/1012/production_late.png","f4bbeb656cfa78457661b80bd60eb17333d339ad990bbc481d84adbed6b4b6c3","reviewed-ok","ready"
"1012","鸭","6","lifecycle_complete","95","a1012.swf/DefineSprite_95_Animal_1012_6/1.png","9aa5f5e084901e843b91df290be8225d08756397a0adf44a9a7279e346ed19ce","apps/web/public/assets/manor/classic/pasture/animals/1012/lifecycle_complete.png","9aa5f5e084901e843b91df290be8225d08756397a0adf44a9a7279e346ed19ce","reviewed-ok","ready"
"1015","乌骨鸡","1","cub","88","a1015.swf/DefineSprite_88_Animal_1015_1/1.png","fc927ce00defbf97acf49c0cb1e9908d89cdcc35870330fe90cb731d2e28cd67","apps/web/public/assets/manor/classic/pasture/animals/1015/cub.png","fc927ce00defbf97acf49c0cb1e9908d89cdcc35870330fe90cb731d2e28cd67","reviewed-ok","ready"
"1015","乌骨鸡","2","growing","77","a1015.swf/DefineSprite_77_Animal_1015_2/1.png","7e3f70e15b5d7eea048ae6a823dbd962f0adf6c63b6a361da06c946a564589d3","apps/web/public/assets/manor/classic/pasture/animals/1015/growing.png","7e3f70e15b5d7eea048ae6a823dbd962f0adf6c63b6a361da06c946a564589d3","reviewed-ok","ready"
"1015","乌骨鸡","3","ready_to_produce","66","a1015.swf/DefineSprite_66_Animal_1015_3/1.png","76d7fb363d3d45b6ca2842b20a5078807a35a9dae610d92bc7db67f28280f63b","apps/web/public/assets/manor/classic/pasture/animals/1015/ready_to_produce.png","76d7fb363d3d45b6ca2842b20a5078807a35a9dae610d92bc7db67f28280f63b","reviewed-ok","ready"
"1015","乌骨鸡","4","production_early","41","a1015.swf/DefineSprite_41_Animal_1015_4/1.png","423079f7526a590f41bd16ccae5852eb8a26b4e62429dcaae4beb51891e1024e","apps/web/public/assets/manor/classic/pasture/animals/1015/production_early.png","423079f7526a590f41bd16ccae5852eb8a26b4e62429dcaae4beb51891e1024e","reviewed-ok","ready"
"1015","乌骨鸡","5","production_late","38","a1015.swf/DefineSprite_38_Animal_1015_5/1.png","146f676397e345c1ff2841a37aaa1afd23ff3f536cad4f221f837127a25b2bbf","apps/web/public/assets/manor/classic/pasture/animals/1015/production_late.png","146f676397e345c1ff2841a37aaa1afd23ff3f536cad4f221f837127a25b2bbf","reviewed-ok","ready"
"1015","乌骨鸡","6","lifecycle_complete","102","a1015.swf/DefineSprite_102_Animal_1015_6/1.png","18e889066f54a6a826dff5c996ddc8198b31eed003aec3c3e608a6d5f61cfdeb","apps/web/public/assets/manor/classic/pasture/animals/1015/lifecycle_complete.png","18e889066f54a6a826dff5c996ddc8198b31eed003aec3c3e608a6d5f61cfdeb","reviewed-ok","ready"
"1507","羚羊","1","cub","85","a1507.swf/DefineSprite_85_Animal_1507_1/1.png","ae596188ce79ee914f3fa8fbdb409fa34b095d589f1af26b2ff17106deceff33","apps/web/public/assets/manor/classic/pasture/animals/1507/cub.png","ae596188ce79ee914f3fa8fbdb409fa34b095d589f1af26b2ff17106deceff33","reviewed-ok","ready"
"1507","羚羊","2","growing","144","a1507.swf/DefineSprite_144_Animal_1507_2/1.png","3cc53ee79f6faad8528182ac6da68762a02b93a39835ef311a74722685ac63f9","apps/web/public/assets/manor/classic/pasture/animals/1507/growing.png","3cc53ee79f6faad8528182ac6da68762a02b93a39835ef311a74722685ac63f9","reviewed-ok","ready"
"1507","羚羊","3","ready_to_produce","226","a1507.swf/DefineSprite_226_Animal_1507_3/1.png","63c199aaf6aa72eea6b61205c0a33c18b2622368492467a38ae16d3cf8b53820","apps/web/public/assets/manor/classic/pasture/animals/1507/ready_to_produce.png","63c199aaf6aa72eea6b61205c0a33c18b2622368492467a38ae16d3cf8b53820","reviewed-ok","ready"
"1507","羚羊","4","production_early","235","a1507.swf/DefineSprite_235_Animal_1507_4/1.png","7dc8278b177544de4f957e43a3d7dc8a805f2167e3f41eccca66bba390393147","apps/web/public/assets/manor/classic/pasture/animals/1507/production_early.png","7dc8278b177544de4f957e43a3d7dc8a805f2167e3f41eccca66bba390393147","reviewed-ok","ready"
"1507","羚羊","5","production_late","196","a1507.swf/DefineSprite_196_Animal_1507_5/1.png","63b5028aa9ce0f28d33b76c7ddc7c5590d983d9de0611a627fefac8d25e31e57","apps/web/public/assets/manor/classic/pasture/animals/1507/production_late.png","63b5028aa9ce0f28d33b76c7ddc7c5590d983d9de0611a627fefac8d25e31e57","reviewed-ok","ready"
"1507","羚羊","6","lifecycle_complete","233","a1507.swf/DefineSprite_233_Animal_1507_6/1.png","9d2f72564912c7b0fb1f845f59ee2a4917c40dd7d4562b0bd231fa0e32704e35","apps/web/public/assets/manor/classic/pasture/animals/1507/lifecycle_complete.png","9d2f72564912c7b0fb1f845f59ee2a4917c40dd7d4562b0bd231fa0e32704e35","reviewed-ok","ready"
"1510","长颈鹿","1","cub","94","a1510.swf/DefineSprite_94_Animal_1510_1/1.png","6cde1e8dfb853b04f6ad135062b5bb95b95234b46413e1c502c074ea948d5c3d","apps/web/public/assets/manor/classic/pasture/animals/1510/cub.png","6cde1e8dfb853b04f6ad135062b5bb95b95234b46413e1c502c074ea948d5c3d","reviewed-ok","ready"
"1510","长颈鹿","2","growing","165","a1510.swf/DefineSprite_165_Animal_1510_2/1.png","27877ead49cd5b31c04e0c759a1398de7e7f013f0a2616572604ffaad54e5544","apps/web/public/assets/manor/classic/pasture/animals/1510/growing.png","27877ead49cd5b31c04e0c759a1398de7e7f013f0a2616572604ffaad54e5544","reviewed-ok","ready"
"1510","长颈鹿","3","ready_to_produce","275","a1510.swf/DefineSprite_275_Animal_1510_3/1.png","5f73c43003620e6a3b6b12fcc168aa2deec88455c868ea07a6a0c5c8dba67c7d","apps/web/public/assets/manor/classic/pasture/animals/1510/ready_to_produce.png","5f73c43003620e6a3b6b12fcc168aa2deec88455c868ea07a6a0c5c8dba67c7d","reviewed-ok","ready"
"1510","长颈鹿","4","production_early","285","a1510.swf/DefineSprite_285_Animal_1510_4/1.png","1b8cc1b28a170b8bddee104e4f91ad6619f65a946212cdd377816c6924acfd47","apps/web/public/assets/manor/classic/pasture/animals/1510/production_early.png","1b8cc1b28a170b8bddee104e4f91ad6619f65a946212cdd377816c6924acfd47","reviewed-ok","ready"
"1510","长颈鹿","5","production_late","252","a1510.swf/DefineSprite_252_Animal_1510_5/1.png","c7dcb253c12f97bea566ed8f43aa3126a43f928647c7953e875a0463a16a6fca","apps/web/public/assets/manor/classic/pasture/animals/1510/production_late.png","c7dcb253c12f97bea566ed8f43aa3126a43f928647c7953e875a0463a16a6fca","reviewed-ok","ready"
"1510","长颈鹿","6","lifecycle_complete","283","a1510.swf/DefineSprite_283_Animal_1510_6/1.png","c24eeebce5f2a8fc46cb2077f85dc22040b676d7cfcf75072dbd643cc1cab17d","apps/web/public/assets/manor/classic/pasture/animals/1510/lifecycle_complete.png","c24eeebce5f2a8fc46cb2077f85dc22040b676d7cfcf75072dbd643cc1cab17d","reviewed-ok","ready"
"1010","仓鼠","1","cub","189","a1010.swf/DefineSprite_189_Animal_1010_1/1.png","d965165cb160e29b3f3ca1b244e4db3a108de46453adf3de4ca051a6171661bf","apps/web/public/assets/manor/classic/pasture/animals/1010/cub.png","d965165cb160e29b3f3ca1b244e4db3a108de46453adf3de4ca051a6171661bf","reviewed-ok","ready"
"1010","仓鼠","2","growing","185","a1010.swf/DefineSprite_185_Animal_1010_2/1.png","d6e1f9f1a47c13bf0d6df2756ff8c3dd208fbf4ffbe3448c86cf317749bb3b89","apps/web/public/assets/manor/classic/pasture/animals/1010/growing.png","d6e1f9f1a47c13bf0d6df2756ff8c3dd208fbf4ffbe3448c86cf317749bb3b89","reviewed-ok","ready"
"1010","仓鼠","3","ready_to_produce","147","a1010.swf/DefineSprite_147_Animal_1010_3/1.png","92464c99c7b0aad27a7e8d74bb6a4a51b79e6d4f186d633a15e489b9a6f5715c","apps/web/public/assets/manor/classic/pasture/animals/1010/ready_to_produce.png","92464c99c7b0aad27a7e8d74bb6a4a51b79e6d4f186d633a15e489b9a6f5715c","reviewed-ok","ready"
"1010","仓鼠","4","production_early","36","a1010.swf/DefineSprite_36_Animal_1010_4/1.png","11d3fa89033f85256307df0f559684297727669c4e3c24fdb2c344bd9475c7b5","apps/web/public/assets/manor/classic/pasture/animals/1010/production_early.png","11d3fa89033f85256307df0f559684297727669c4e3c24fdb2c344bd9475c7b5","reviewed-ok","ready"
"1010","仓鼠","5","production_late","157","a1010.swf/DefineSprite_157_Animal_1010_5/1.png","e8c2dbf5d1314592edc629535f846380981807d1dcfa944cc1284d93f2351849","apps/web/public/assets/manor/classic/pasture/animals/1010/production_late.png","e8c2dbf5d1314592edc629535f846380981807d1dcfa944cc1284d93f2351849","reviewed-ok","ready"
"1010","仓鼠","6","lifecycle_complete","118","a1010.swf/DefineSprite_118_Animal_1010_6/1.png","6851e84ebc246fac7b088022c80d6618e393026718de74e80ff59a378ee92e9f","apps/web/public/assets/manor/classic/pasture/animals/1010/lifecycle_complete.png","6851e84ebc246fac7b088022c80d6618e393026718de74e80ff59a378ee92e9f","reviewed-ok","ready"
"1013","鼹鼠","1","cub","93","a1013.swf/DefineSprite_93_Animal_1013_1/1.png","5afce88b0b96b3a67ff1cdae67e1a79446d970014e9d5da4f905dfb6762653c1","apps/web/public/assets/manor/classic/pasture/animals/1013/cub.png","5afce88b0b96b3a67ff1cdae67e1a79446d970014e9d5da4f905dfb6762653c1","reviewed-ok","ready"
"1013","鼹鼠","2","growing","71","a1013.swf/DefineSprite_71_Animal_1013_2/1.png","ee5a2e32953e65e8b9f6a7fcfcb9d6d5c1e730f8c38a1fa2a8467288e87d20d5","apps/web/public/assets/manor/classic/pasture/animals/1013/growing.png","ee5a2e32953e65e8b9f6a7fcfcb9d6d5c1e730f8c38a1fa2a8467288e87d20d5","reviewed-ok","ready"
"1013","鼹鼠","3","ready_to_produce","70","a1013.swf/DefineSprite_70_Animal_1013_3/1.png","68273bacd64d01e496daa50832b3615c5d7815c6ac0558d9ce26d414aae4444f","apps/web/public/assets/manor/classic/pasture/animals/1013/ready_to_produce.png","68273bacd64d01e496daa50832b3615c5d7815c6ac0558d9ce26d414aae4444f","reviewed-ok","ready"
"1013","鼹鼠","4","production_early","95","a1013.swf/DefineSprite_95_Animal_1013_4/1.png","841b4efc0efc6f3d3729eb64f176cd4792435bbff2fe59da521f2b16eaf5c915","apps/web/public/assets/manor/classic/pasture/animals/1013/production_early.png","841b4efc0efc6f3d3729eb64f176cd4792435bbff2fe59da521f2b16eaf5c915","reviewed-ok","ready"
"1013","鼹鼠","5","production_late","49","a1013.swf/DefineSprite_49_Animal_1013_5/1.png","6ad1653ec83bdfce29b9459c31ef98f6bb4d1d463709cbf79be1317a08bd8f13","apps/web/public/assets/manor/classic/pasture/animals/1013/production_late.png","6ad1653ec83bdfce29b9459c31ef98f6bb4d1d463709cbf79be1317a08bd8f13","reviewed-ok","ready"
"1013","鼹鼠","6","lifecycle_complete","37","a1013.swf/DefineSprite_37_Animal_1013_6/1.png","fb6f9bd37a09ab39b4942fd7105c3d2dc2b1ebc0635765d558d0806a7286b8b3","apps/web/public/assets/manor/classic/pasture/animals/1013/lifecycle_complete.png","fb6f9bd37a09ab39b4942fd7105c3d2dc2b1ebc0635765d558d0806a7286b8b3","reviewed-ok","ready"
"1508","鸵鸟","1","cub","166","a1508.swf/DefineSprite_166_Animal_1508_1/1.png","23bb0d3578abf27be65b96501edc70dc88c1930914b70027e14f33db2b54a61d","apps/web/public/assets/manor/classic/pasture/animals/1508/cub.png","23bb0d3578abf27be65b96501edc70dc88c1930914b70027e14f33db2b54a61d","reviewed-ok","ready"
"1508","鸵鸟","2","growing","155","a1508.swf/DefineSprite_155_Animal_1508_2/1.png","4016454d343c2d8715460bea4cf990288f8c05db2fe9fe72618d84bfad3ab77f","apps/web/public/assets/manor/classic/pasture/animals/1508/growing.png","4016454d343c2d8715460bea4cf990288f8c05db2fe9fe72618d84bfad3ab77f","reviewed-ok","ready"
"1508","鸵鸟","3","ready_to_produce","120","a1508.swf/DefineSprite_120_Animal_1508_3/1.png","d96227fcd13aa0eb5fd490bfec852e60b05b81274c64602d32a17e2870305a9f","apps/web/public/assets/manor/classic/pasture/animals/1508/ready_to_produce.png","d96227fcd13aa0eb5fd490bfec852e60b05b81274c64602d32a17e2870305a9f","reviewed-ok","ready"
"1508","鸵鸟","4","production_early","31","a1508.swf/DefineSprite_31_Animal_1508_4/1.png","6fc83523169a970dafd66ecdf6b32029473b378d37593b489adc4bfa715f0435","apps/web/public/assets/manor/classic/pasture/animals/1508/production_early.png","6fc83523169a970dafd66ecdf6b32029473b378d37593b489adc4bfa715f0435","reviewed-ok","ready"
"1508","鸵鸟","5","production_late","138","a1508.swf/DefineSprite_138_Animal_1508_5/1.png","1dd24c2ab7ce294d2a0ed0db12041d9826542d0e6204b34b4513ab9f7f5fc557","apps/web/public/assets/manor/classic/pasture/animals/1508/production_late.png","1dd24c2ab7ce294d2a0ed0db12041d9826542d0e6204b34b4513ab9f7f5fc557","reviewed-ok","ready"
"1508","鸵鸟","6","lifecycle_complete","90","a1508.swf/DefineSprite_90_Animal_1508_6/1.png","530d6ab4bd4416110e336b64acbe6cf1782aa59b1e151ba009fb5137a1b8dc3b","apps/web/public/assets/manor/classic/pasture/animals/1508/lifecycle_complete.png","530d6ab4bd4416110e336b64acbe6cf1782aa59b1e151ba009fb5137a1b8dc3b","reviewed-ok","ready"
"1501","羊","1","cub","109","a1501.swf/DefineSprite_109_Animal_1501_1/1.png","62515905333c3bfa92b8546f9f4e2f3fb8f757ae50e34036211011ec1dfa1131","apps/web/public/assets/manor/classic/pasture/animals/1501/cub.png","62515905333c3bfa92b8546f9f4e2f3fb8f757ae50e34036211011ec1dfa1131","reviewed-ok","ready"
"1501","羊","2","growing","336","a1501.swf/DefineSprite_336_Animal_1501_2/1.png","ac179eeec15b0933d496f13940f46cd08dd55b110ffd4092543ae5bcfd40aa27","apps/web/public/assets/manor/classic/pasture/animals/1501/growing.png","ac179eeec15b0933d496f13940f46cd08dd55b110ffd4092543ae5bcfd40aa27","reviewed-ok","ready"
"1501","羊","3","ready_to_produce","276","a1501.swf/DefineSprite_276_Animal_1501_3/1.png","c0358a646f25e8b4658ccc1f4e08fed61d1b2e3212885bef20a79b05e4681678","apps/web/public/assets/manor/classic/pasture/animals/1501/ready_to_produce.png","c0358a646f25e8b4658ccc1f4e08fed61d1b2e3212885bef20a79b05e4681678","reviewed-ok","ready"
"1501","羊","4","production_early","245","a1501.swf/DefineSprite_245_Animal_1501_4/1.png","bfda144c60be505303f456a2f314d5ff26ff9330d61d872e591935ea1715e836","apps/web/public/assets/manor/classic/pasture/animals/1501/production_early.png","bfda144c60be505303f456a2f314d5ff26ff9330d61d872e591935ea1715e836","reviewed-ok","ready"
"1501","羊","5","production_late","237","a1501.swf/DefineSprite_237_Animal_1501_5/1.png","443f478beaf0e4039de1cc73ba33abd7da8fdc0e991af0e85adb0111d36e7a0f","apps/web/public/assets/manor/classic/pasture/animals/1501/production_late.png","443f478beaf0e4039de1cc73ba33abd7da8fdc0e991af0e85adb0111d36e7a0f","reviewed-ok","ready"
"1501","羊","6","lifecycle_complete","212","a1501.swf/DefineSprite_212_Animal_1501_6/1.png","7283c4114f8664a4f4431c1e26881f9f12f1238004511e5eb64b51ddd7f5bce0","apps/web/public/assets/manor/classic/pasture/animals/1501/lifecycle_complete.png","7283c4114f8664a4f4431c1e26881f9f12f1238004511e5eb64b51ddd7f5bce0","reviewed-ok","ready"
"1011","刺猬","1","cub","47","a1011.swf/DefineSprite_47_Animal_1011_1/1.png","3b979a20561b3e1186695ec2910f8a3e93338cc0a10ed3bc9c1653422999220a","apps/web/public/assets/manor/classic/pasture/animals/1011/cub.png","3b979a20561b3e1186695ec2910f8a3e93338cc0a10ed3bc9c1653422999220a","reviewed-ok","ready"
"1011","刺猬","2","growing","55","a1011.swf/DefineSprite_55_Animal_1011_2/1.png","d4f9ec2cd443cf952626c4ee193402bea4cc27ebfb710cc3a43c39470b4d8b74","apps/web/public/assets/manor/classic/pasture/animals/1011/growing.png","d4f9ec2cd443cf952626c4ee193402bea4cc27ebfb710cc3a43c39470b4d8b74","reviewed-ok","ready"
"1011","刺猬","3","ready_to_produce","127","a1011.swf/DefineSprite_127_Animal_1011_3/1.png","453216fdea957f3a1ae8b088577d7daff1005ebbdf03ab2ca107063b3c705479","apps/web/public/assets/manor/classic/pasture/animals/1011/ready_to_produce.png","453216fdea957f3a1ae8b088577d7daff1005ebbdf03ab2ca107063b3c705479","reviewed-ok","ready"
"1011","刺猬","4","production_early","130","a1011.swf/DefineSprite_130_Animal_1011_4/1.png","31c56c1883621d0c2e72348a337d0fc3281c2a91ad05525a226865a8f4006992","apps/web/public/assets/manor/classic/pasture/animals/1011/production_early.png","31c56c1883621d0c2e72348a337d0fc3281c2a91ad05525a226865a8f4006992","reviewed-ok","ready"
"1011","刺猬","5","production_late","140","a1011.swf/DefineSprite_140_Animal_1011_5/1.png","d7c31e3b2f70193da158fbb77e7cf9cb62e533e00ab689c0c6e28fb780a79049","apps/web/public/assets/manor/classic/pasture/animals/1011/production_late.png","d7c31e3b2f70193da158fbb77e7cf9cb62e533e00ab689c0c6e28fb780a79049","reviewed-ok","ready"
"1011","刺猬","6","lifecycle_complete","152","a1011.swf/DefineSprite_152_Animal_1011_6/1.png","d60c79c27fbc34d33ebe6c78ef00de8d8abf1a58933a18dac3d8e71a8a66f2c6","apps/web/public/assets/manor/classic/pasture/animals/1011/lifecycle_complete.png","d60c79c27fbc34d33ebe6c78ef00de8d8abf1a58933a18dac3d8e71a8a66f2c6","reviewed-ok","ready"
"1014","挪威森林猫","1","cub","92","a1014.swf/DefineSprite_92_Animal_1014_1/1.png","748fa86fea9a320be36eab18fd162e6e60f98e1856b363aa41ec924d5888baba","apps/web/public/assets/manor/classic/pasture/animals/1014/cub.png","748fa86fea9a320be36eab18fd162e6e60f98e1856b363aa41ec924d5888baba","reviewed-ok","ready"
"1014","挪威森林猫","2","growing","97","a1014.swf/DefineSprite_97_Animal_1014_2/1.png","1419145578555a95f39d7256c9504b416584fa1221a2021c1370b0fc89fe0725","apps/web/public/assets/manor/classic/pasture/animals/1014/growing.png","1419145578555a95f39d7256c9504b416584fa1221a2021c1370b0fc89fe0725","reviewed-ok","ready"
"1014","挪威森林猫","3","ready_to_produce","127","a1014.swf/DefineSprite_127_Animal_1014_3/1.png","4a9f890065e3c2d1355e1e7f54adfcf245e330c627626ea4923ac8a38b862cea","apps/web/public/assets/manor/classic/pasture/animals/1014/ready_to_produce.png","4a9f890065e3c2d1355e1e7f54adfcf245e330c627626ea4923ac8a38b862cea","reviewed-ok","ready"
"1014","挪威森林猫","4","production_early","38","a1014.swf/DefineSprite_38_Animal_1014_4/1.png","7f12ff746ff1875adf3d4e849215ecfda8cbc159a70aac0d610342620fcb9632","apps/web/public/assets/manor/classic/pasture/animals/1014/production_early.png","7f12ff746ff1875adf3d4e849215ecfda8cbc159a70aac0d610342620fcb9632","reviewed-ok","ready"
"1014","挪威森林猫","5","production_late","131","a1014.swf/DefineSprite_131_Animal_1014_5/1.png","9dd2c6607282a4c0e49f8f974aef0d2e4e31fa17ee40df72e7e599fc84b97f5d","apps/web/public/assets/manor/classic/pasture/animals/1014/production_late.png","9dd2c6607282a4c0e49f8f974aef0d2e4e31fa17ee40df72e7e599fc84b97f5d","reviewed-ok","ready"
"1014","挪威森林猫","6","lifecycle_complete","141","a1014.swf/DefineSprite_141_Animal_1014_6/1.png","fda01125f6b559623d29eda1b5ea89867e0ee0fd5e90d2dc7318841d72ce5436","apps/web/public/assets/manor/classic/pasture/animals/1014/lifecycle_complete.png","fda01125f6b559623d29eda1b5ea89867e0ee0fd5e90d2dc7318841d72ce5436","reviewed-ok","ready"
"1509","浣熊","1","cub","206","a1509.swf/DefineSprite_206_Animal_1509_1/1.png","35c2661e56da92f4658a123b77f61c530063cf74782826c9d1a52298845c0c12","apps/web/public/assets/manor/classic/pasture/animals/1509/cub.png","35c2661e56da92f4658a123b77f61c530063cf74782826c9d1a52298845c0c12","reviewed-ok","ready"
"1509","浣熊","2","growing","178","a1509.swf/DefineSprite_178_Animal_1509_2/1.png","83cf498fa6950284f20b076a1e03d3620ce86dc5ffb67b5f28da5e67c435d8bd","apps/web/public/assets/manor/classic/pasture/animals/1509/growing.png","83cf498fa6950284f20b076a1e03d3620ce86dc5ffb67b5f28da5e67c435d8bd","reviewed-ok","ready"
"1509","浣熊","3","ready_to_produce","123","a1509.swf/DefineSprite_123_Animal_1509_3/1.png","cde6120ac19f75238273fd97bc7c65107ab32dea52ff7e4e85b362b4de5f97ad","apps/web/public/assets/manor/classic/pasture/animals/1509/ready_to_produce.png","cde6120ac19f75238273fd97bc7c65107ab32dea52ff7e4e85b362b4de5f97ad","reviewed-ok","ready"
"1509","浣熊","4","production_early","99","a1509.swf/DefineSprite_99_Animal_1509_4/1.png","db4e1f55ce6a943cf3bc531ecb6d5457cd26a3e891ae03d7a659c204eda744b5","apps/web/public/assets/manor/classic/pasture/animals/1509/production_early.png","db4e1f55ce6a943cf3bc531ecb6d5457cd26a3e891ae03d7a659c204eda744b5","reviewed-ok","ready"
"1509","浣熊","5","production_late","95","a1509.swf/DefineSprite_95_Animal_1509_5/1.png","c23054636067da3fd4b8e9cc65fac1606bdeb1e3b54fda5dca9e431fe2532df0","apps/web/public/assets/manor/classic/pasture/animals/1509/production_late.png","c23054636067da3fd4b8e9cc65fac1606bdeb1e3b54fda5dca9e431fe2532df0","reviewed-ok","ready"
"1509","浣熊","6","lifecycle_complete","90","a1509.swf/DefineSprite_90_Animal_1509_6/1.png","2c57fcf12fa106e285ac16fd51a8ba7ee19151f4e5657172a02cd3a8a47e44dc","apps/web/public/assets/manor/classic/pasture/animals/1509/lifecycle_complete.png","2c57fcf12fa106e285ac16fd51a8ba7ee19151f4e5657172a02cd3a8a47e44dc","reviewed-ok","ready"
"1016","美国短毛猫","1","cub","54","a1016.swf/DefineSprite_54_Animal_1016_1/1.png","7167a866d2f55653b14fbf1c7f01e8f3bf646f27cb75844aae2c797c26f1e4cc","apps/web/public/assets/manor/classic/pasture/animals/1016/cub.png","7167a866d2f55653b14fbf1c7f01e8f3bf646f27cb75844aae2c797c26f1e4cc","reviewed-ok","ready"
"1016","美国短毛猫","2","growing","66","a1016.swf/DefineSprite_66_Animal_1016_2/1.png","18997a2419a0e6389a2d28a03d786c18013eef09bbaedc88bb4f8cdfd4f91881","apps/web/public/assets/manor/classic/pasture/animals/1016/growing.png","18997a2419a0e6389a2d28a03d786c18013eef09bbaedc88bb4f8cdfd4f91881","reviewed-ok","ready"
"1016","美国短毛猫","3","ready_to_produce","82","a1016.swf/DefineSprite_82_Animal_1016_3/1.png","5b68865b853944c1c75e9e6ca78daa1352745d8990536e163731ebfd2f02bf25","apps/web/public/assets/manor/classic/pasture/animals/1016/ready_to_produce.png","5b68865b853944c1c75e9e6ca78daa1352745d8990536e163731ebfd2f02bf25","reviewed-ok","ready"
"1016","美国短毛猫","4","production_early","13","a1016.swf/DefineSprite_13_Animal_1016_4/1.png","92013291d2b9d75a15a7484f922fe7343f75f1eeb7f22c075ac1e0d366dc2fc7","apps/web/public/assets/manor/classic/pasture/animals/1016/production_early.png","92013291d2b9d75a15a7484f922fe7343f75f1eeb7f22c075ac1e0d366dc2fc7","reviewed-ok","ready"
"1016","美国短毛猫","5","production_late","86","a1016.swf/DefineSprite_86_Animal_1016_5/1.png","81ee743c363580b73d53c01efa48af488f3a45a626e9f178bf74c5d5304581bb","apps/web/public/assets/manor/classic/pasture/animals/1016/production_late.png","81ee743c363580b73d53c01efa48af488f3a45a626e9f178bf74c5d5304581bb","reviewed-ok","ready"
"1016","美国短毛猫","6","lifecycle_complete","94","a1016.swf/DefineSprite_94_Animal_1016_6/1.png","b58f704acd479c6d08fb7ddc9f84e18036c636fc463767e73521eac517d5bd0f","apps/web/public/assets/manor/classic/pasture/animals/1016/lifecycle_complete.png","b58f704acd479c6d08fb7ddc9f84e18036c636fc463767e73521eac517d5bd0f","reviewed-ok","ready"
"1511","丹顶鹤","1","cub","286","a1511.swf/DefineSprite_286_Animal_1511_1/1.png","28dcd5506a20ed2e7f53b1fcadadd8006c5f2221cc7c641ed5be56e1faa489c0","apps/web/public/assets/manor/classic/pasture/animals/1511/cub.png","28dcd5506a20ed2e7f53b1fcadadd8006c5f2221cc7c641ed5be56e1faa489c0","reviewed-ok","ready"
"1511","丹顶鹤","2","growing","243","a1511.swf/DefineSprite_243_Animal_1511_2/1.png","451d0005138bdf90230063f070e122ca32bc464fe69dee424b080e5489cd80ac","apps/web/public/assets/manor/classic/pasture/animals/1511/growing.png","451d0005138bdf90230063f070e122ca32bc464fe69dee424b080e5489cd80ac","reviewed-ok","ready"
"1511","丹顶鹤","3","ready_to_produce","142","a1511.swf/DefineSprite_142_Animal_1511_3/1.png","0333a2ce0517e6b92278e324c27c54f308dd2eb7c27566b79d5ba88a95b0ac84","apps/web/public/assets/manor/classic/pasture/animals/1511/ready_to_produce.png","0333a2ce0517e6b92278e324c27c54f308dd2eb7c27566b79d5ba88a95b0ac84","reviewed-ok","ready"
"1511","丹顶鹤","4","production_early","24","a1511.swf/DefineSprite_24_Animal_1511_4/1.png","0aa142e64e2ca0fdd0089ed1e501a3c826d3ddc8fe5b523ce4d0fe77ac04c3c1","apps/web/public/assets/manor/classic/pasture/animals/1511/production_early.png","0aa142e64e2ca0fdd0089ed1e501a3c826d3ddc8fe5b523ce4d0fe77ac04c3c1","reviewed-ok","ready"
"1511","丹顶鹤","5","production_late","166","a1511.swf/DefineSprite_166_Animal_1511_5/1.png","a458fe6e49222ae390632318a8df818a2e998062cce883b591aa975e8dc3b639","apps/web/public/assets/manor/classic/pasture/animals/1511/production_late.png","a458fe6e49222ae390632318a8df818a2e998062cce883b591aa975e8dc3b639","reviewed-ok","ready"
"1511","丹顶鹤","6","lifecycle_complete","93","a1511.swf/DefineSprite_93_Animal_1511_6/1.png","04a91aa36e32b7621301debea3b0d551fce5fecbb0d712dab4968aa034788e1d","apps/web/public/assets/manor/classic/pasture/animals/1511/lifecycle_complete.png","04a91aa36e32b7621301debea3b0d551fce5fecbb0d712dab4968aa034788e1d","reviewed-ok","ready"
"1513","双峰驼","1","cub","65","a1513.swf/DefineSprite_65_Animal_1513_1/1.png","a60cb44d5fe1f4758813c45046950f92deb9369807d36f30bcfc400322e3b2c3","apps/web/public/assets/manor/classic/pasture/animals/1513/cub.png","a60cb44d5fe1f4758813c45046950f92deb9369807d36f30bcfc400322e3b2c3","reviewed-ok","ready"
"1513","双峰驼","2","growing","59","a1513.swf/DefineSprite_59_Animal_1513_2/1.png","2f50ea694c56f98a02fab538952e2760b68c30dbd8db5ea73fdc304cffa3831e","apps/web/public/assets/manor/classic/pasture/animals/1513/growing.png","2f50ea694c56f98a02fab538952e2760b68c30dbd8db5ea73fdc304cffa3831e","reviewed-ok","ready"
"1513","双峰驼","3","ready_to_produce","55","a1513.swf/DefineSprite_55_Animal_1513_3/1.png","4b791f137811406f96ed72bf242b473f57689196306ac0a3b126b584d253fb51","apps/web/public/assets/manor/classic/pasture/animals/1513/ready_to_produce.png","4b791f137811406f96ed72bf242b473f57689196306ac0a3b126b584d253fb51","reviewed-ok","ready"
"1513","双峰驼","4","production_early","67","a1513.swf/DefineSprite_67_Animal_1513_4/1.png","b114fe82c1c4feb8f658dd8ad49fd80e167a1d0bdc05a5a2238b25e9d03daa36","apps/web/public/assets/manor/classic/pasture/animals/1513/production_early.png","b114fe82c1c4feb8f658dd8ad49fd80e167a1d0bdc05a5a2238b25e9d03daa36","reviewed-ok","ready"
"1513","双峰驼","5","production_late","32","a1513.swf/DefineSprite_32_Animal_1513_5/1.png","80689ada024a163142249ec9175cd79de93ea61f7e1544655db651db7592d58c","apps/web/public/assets/manor/classic/pasture/animals/1513/production_late.png","80689ada024a163142249ec9175cd79de93ea61f7e1544655db651db7592d58c","reviewed-ok","ready"
"1513","双峰驼","6","lifecycle_complete","28","a1513.swf/DefineSprite_28_Animal_1513_6/1.png","08a2b914dc1de5c4d8155cf9ed7eb42c66dba0be87496809699e3420f998f25c","apps/web/public/assets/manor/classic/pasture/animals/1513/lifecycle_complete.png","08a2b914dc1de5c4d8155cf9ed7eb42c66dba0be87496809699e3420f998f25c","reviewed-ok","ready"
"1514","犀牛","1","cub","34","a1514.swf/DefineSprite_34_Animal_1514_1/1.png","15d6381e6acdeb673dffabef272a2fac20d48c31e8daa30cec9e0628ab82622d","apps/web/public/assets/manor/classic/pasture/animals/1514/cub.png","15d6381e6acdeb673dffabef272a2fac20d48c31e8daa30cec9e0628ab82622d","reviewed-with-note","ready"
"1514","犀牛","2","growing","43","a1514.swf/DefineSprite_43_Animal_1514_2/1.png","e9acf6b34cba75728bd8c14fdcf80986e21072e36359ad8a4f9c138e729bdda1","apps/web/public/assets/manor/classic/pasture/animals/1514/growing.png","e9acf6b34cba75728bd8c14fdcf80986e21072e36359ad8a4f9c138e729bdda1","reviewed-with-note","ready"
"1514","犀牛","3","ready_to_produce","65","a1514.swf/DefineSprite_65_Animal_1514_3/1.png","dfb3ede0509f46ce83f9aad6c56919dc75409295cfccc5751613603ff7dd78f3","apps/web/public/assets/manor/classic/pasture/animals/1514/ready_to_produce.png","dfb3ede0509f46ce83f9aad6c56919dc75409295cfccc5751613603ff7dd78f3","reviewed-with-note","ready"
"1514","犀牛","4","production_early","68","a1514.swf/DefineSprite_68_Animal_1514_4/1.png","5573a126fb507b95c22f5c8e3e006f445c7e9d35c6c1e609557d488135524c96","apps/web/public/assets/manor/classic/pasture/animals/1514/production_early.png","5573a126fb507b95c22f5c8e3e006f445c7e9d35c6c1e609557d488135524c96","reviewed-with-note","ready"
"1514","犀牛","5","production_late","74","a1514.swf/DefineSprite_74_Animal_1514_5/1.png","4b58f19518da5e7030f0c0a03db9202078f8ca959a7521b1de7d24f1bb7a9026","apps/web/public/assets/manor/classic/pasture/animals/1514/production_late.png","4b58f19518da5e7030f0c0a03db9202078f8ca959a7521b1de7d24f1bb7a9026","reviewed-with-note","ready"
"1514","犀牛","6","lifecycle_complete","84","a1514.swf/DefineSprite_84_Animal_1514_6/1.png","df8cf8e821d266dfaf29ae02de693e58c3778b4c889790bab7ccebc14907a668","apps/web/public/assets/manor/classic/pasture/animals/1514/lifecycle_complete.png","df8cf8e821d266dfaf29ae02de693e58c3778b4c889790bab7ccebc14907a668","reviewed-with-note","ready"
"1018","穿山甲","1","cub","31","a1018.swf/DefineSprite_31_Animal_1018_1/1.png","1704995a411447995706ba2ece79f850078abc337025dd9553f9d2d8cfdef660","apps/web/public/assets/manor/classic/pasture/animals/1018/cub.png","1704995a411447995706ba2ece79f850078abc337025dd9553f9d2d8cfdef660","reviewed-ok","ready"
"1018","穿山甲","2","growing","52","a1018.swf/DefineSprite_52_Animal_1018_2/1.png","f771627bf41e6a0494a90834f64ca4ebacacf22064f2ba6cfcd6766bbf142a61","apps/web/public/assets/manor/classic/pasture/animals/1018/growing.png","f771627bf41e6a0494a90834f64ca4ebacacf22064f2ba6cfcd6766bbf142a61","reviewed-ok","ready"
"1018","穿山甲","3","ready_to_produce","73","a1018.swf/DefineSprite_73_Animal_1018_3/1.png","cbf10a59a1493f0021c2b94d879ca1cfc0034aaf61960dd1784624af24ea028e","apps/web/public/assets/manor/classic/pasture/animals/1018/ready_to_produce.png","cbf10a59a1493f0021c2b94d879ca1cfc0034aaf61960dd1784624af24ea028e","reviewed-ok","ready"
"1018","穿山甲","4","production_early","76","a1018.swf/DefineSprite_76_Animal_1018_4/1.png","60863d35d9b6a9ecb5599d5cfa0016635b5932bcf22da86dbcb7a2497768d3d5","apps/web/public/assets/manor/classic/pasture/animals/1018/production_early.png","60863d35d9b6a9ecb5599d5cfa0016635b5932bcf22da86dbcb7a2497768d3d5","reviewed-ok","ready"
"1018","穿山甲","5","production_late","80","a1018.swf/DefineSprite_80_Animal_1018_5/1.png","754df6386739ea1bdb5e5c00590f24f0c3868add102105cccb142fab324ca64d","apps/web/public/assets/manor/classic/pasture/animals/1018/production_late.png","754df6386739ea1bdb5e5c00590f24f0c3868add102105cccb142fab324ca64d","reviewed-ok","ready"
"1018","穿山甲","6","lifecycle_complete","86","a1018.swf/DefineSprite_86_Animal_1018_6/1.png","79bcaff8b6b57744f641255af7d86cdae35f1c2f6e6831d3e9a6688c61cd752e","apps/web/public/assets/manor/classic/pasture/animals/1018/lifecycle_complete.png","79bcaff8b6b57744f641255af7d86cdae35f1c2f6e6831d3e9a6688c61cd752e","reviewed-ok","ready"
"1515","猩猩","1","cub","23","a1515.swf/DefineSprite_23_Animal_1515_1/1.png","9f94bdd0ff506fe3a8d9870bed430f274bf840433e676666cfa25a13127d0923","apps/web/public/assets/manor/classic/pasture/animals/1515/cub.png","9f94bdd0ff506fe3a8d9870bed430f274bf840433e676666cfa25a13127d0923","reviewed-ok","ready"
"1515","猩猩","2","growing","27","a1515.swf/DefineSprite_27_Animal_1515_2/1.png","87b6939e4e9315fdd4b690743ae1a6583ddda2a13b436571dd391aeabb1fec76","apps/web/public/assets/manor/classic/pasture/animals/1515/growing.png","87b6939e4e9315fdd4b690743ae1a6583ddda2a13b436571dd391aeabb1fec76","reviewed-ok","ready"
"1515","猩猩","3","ready_to_produce","42","a1515.swf/DefineSprite_42_Animal_1515_3/1.png","39a136d9d6855f8aa7451b7a34f6bdab28df818053d7b5f4fb5a6a7da88c6ca1","apps/web/public/assets/manor/classic/pasture/animals/1515/ready_to_produce.png","39a136d9d6855f8aa7451b7a34f6bdab28df818053d7b5f4fb5a6a7da88c6ca1","reviewed-ok","ready"
"1515","猩猩","4","production_early","14","a1515.swf/DefineSprite_14_Animal_1515_4/1.png","563c00170cc1bc976d8237cb6658ed58c1a2bbfc979f96a23a315b9ee5b1eb51","apps/web/public/assets/manor/classic/pasture/animals/1515/production_early.png","563c00170cc1bc976d8237cb6658ed58c1a2bbfc979f96a23a315b9ee5b1eb51","reviewed-ok","ready"
"1515","猩猩","5","production_late","46","a1515.swf/DefineSprite_46_Animal_1515_5/1.png","4b02e1d23f8a90fed5d25b185c36bb215ddef83fa5d79bb2b99e32e081bd1f99","apps/web/public/assets/manor/classic/pasture/animals/1515/production_late.png","4b02e1d23f8a90fed5d25b185c36bb215ddef83fa5d79bb2b99e32e081bd1f99","reviewed-ok","ready"
"1515","猩猩","6","lifecycle_complete","54","a1515.swf/DefineSprite_54_Animal_1515_6/1.png","e66336f968e255b3903cee24afc0c12abf8154fa7e332a461bb3b695842a8a0a","apps/web/public/assets/manor/classic/pasture/animals/1515/lifecycle_complete.png","e66336f968e255b3903cee24afc0c12abf8154fa7e332a461bb3b695842a8a0a","reviewed-ok","ready"
"1003","鹅","1","cub","121","a1003.swf/DefineSprite_121_Animal_1003_1/1.png","86d5376db3c77052f56d29b155bafee43f0fff2598e4ffe04fb52dc5e85b736f","apps/web/public/assets/manor/classic/pasture/animals/1003/cub.png","86d5376db3c77052f56d29b155bafee43f0fff2598e4ffe04fb52dc5e85b736f","reviewed-ok","ready"
"1003","鹅","2","growing","104","a1003.swf/DefineSprite_104_Animal_1003_2/1.png","2e43fa7cc40071123199c10c2e7ea18d8671533bad15255ff9125aacfdd2567f","apps/web/public/assets/manor/classic/pasture/animals/1003/growing.png","2e43fa7cc40071123199c10c2e7ea18d8671533bad15255ff9125aacfdd2567f","reviewed-ok","ready"
"1003","鹅","3","ready_to_produce","88","a1003.swf/DefineSprite_88_Animal_1003_3/1.png","7dddcb12ad546ecc3c6b0794650a9bc9d6ed2a3c7f26c2aadff5b394e962bd96","apps/web/public/assets/manor/classic/pasture/animals/1003/ready_to_produce.png","7dddcb12ad546ecc3c6b0794650a9bc9d6ed2a3c7f26c2aadff5b394e962bd96","reviewed-ok","ready"
"1003","鹅","4","production_early","18","a1003.swf/DefineSprite_18_Animal_1003_4/1.png","4729af8e93c9c0f6fbe778bfd16a4228c1cfee531aa28acbd63a2fac69aecfab","apps/web/public/assets/manor/classic/pasture/animals/1003/production_early.png","4729af8e93c9c0f6fbe778bfd16a4228c1cfee531aa28acbd63a2fac69aecfab","reviewed-ok","ready"
"1003","鹅","5","production_late","55","a1003.swf/DefineSprite_55_Animal_1003_5/1.png","8895377a40f45844706988e2d7b04dbd486bff3791937956b5ff2ade8beedf4b","apps/web/public/assets/manor/classic/pasture/animals/1003/production_late.png","8895377a40f45844706988e2d7b04dbd486bff3791937956b5ff2ade8beedf4b","reviewed-ok","ready"
"1003","鹅","6","lifecycle_complete","47","a1003.swf/DefineSprite_47_Animal_1003_6/1.png","0435523c8ea6556770366fe0862b80efa884976711f4e59708e93ce3eb148ae6","apps/web/public/assets/manor/classic/pasture/animals/1003/lifecycle_complete.png","0435523c8ea6556770366fe0862b80efa884976711f4e59708e93ce3eb148ae6","reviewed-ok","ready"
"1516","河马","1","cub","52","a1516.swf/DefineSprite_52_Animal_1516_1/1.png","4520d57728274ff8021bf03f458992e9098a4afc6a97d1a99c8d1a0b65775f90","apps/web/public/assets/manor/classic/pasture/animals/1516/cub.png","4520d57728274ff8021bf03f458992e9098a4afc6a97d1a99c8d1a0b65775f90","reviewed-ok","ready"
"1516","河马","2","growing","42","a1516.swf/DefineSprite_42_Animal_1516_2/1.png","8d5dee3054569e6145cb783cd6df59ef25a39b6592cf6c9b9d8d18b808bb7abb","apps/web/public/assets/manor/classic/pasture/animals/1516/growing.png","8d5dee3054569e6145cb783cd6df59ef25a39b6592cf6c9b9d8d18b808bb7abb","reviewed-ok","ready"
"1516","河马","3","ready_to_produce","80","a1516.swf/DefineSprite_80_Animal_1516_3/1.png","14ef63beb5032ead580719c3dbbb884d6542b8230ae45909677c56f4012636d2","apps/web/public/assets/manor/classic/pasture/animals/1516/ready_to_produce.png","14ef63beb5032ead580719c3dbbb884d6542b8230ae45909677c56f4012636d2","reviewed-ok","ready"
"1516","河马","4","production_early","82","a1516.swf/DefineSprite_82_Animal_1516_4/1.png","ee055b57cc5bb6915ffdb220febcbfde4007581542ad3f9029c4aae32376fed7","apps/web/public/assets/manor/classic/pasture/animals/1516/production_early.png","ee055b57cc5bb6915ffdb220febcbfde4007581542ad3f9029c4aae32376fed7","reviewed-ok","ready"
"1516","河马","5","production_late","86","a1516.swf/DefineSprite_86_Animal_1516_5/1.png","3924f1af23b359e3414d1fb98248e2c947e90e75dd6447377be8649920b97ead","apps/web/public/assets/manor/classic/pasture/animals/1516/production_late.png","3924f1af23b359e3414d1fb98248e2c947e90e75dd6447377be8649920b97ead","reviewed-ok","ready"
"1516","河马","6","lifecycle_complete","92","a1516.swf/DefineSprite_92_Animal_1516_6/1.png","d1c17523c0b1f5870696a1acbf2169dda315e4e2d626dce23cc74a27629e2cb1","apps/web/public/assets/manor/classic/pasture/animals/1516/lifecycle_complete.png","d1c17523c0b1f5870696a1acbf2169dda315e4e2d626dce23cc74a27629e2cb1","reviewed-ok","ready"
"1517","火烈鸟","1","cub","102","a1517.swf/DefineSprite_102_Animal_1517_1/1.png","5f29a90cc0bfae7e7e768561f2ec45941b07959032f7a3a74f3d02f9739f7e4c","apps/web/public/assets/manor/classic/pasture/animals/1517/cub.png","5f29a90cc0bfae7e7e768561f2ec45941b07959032f7a3a74f3d02f9739f7e4c","reviewed-ok","ready"
"1517","火烈鸟","2","growing","97","a1517.swf/DefineSprite_97_Animal_1517_2/1.png","01d70b0570cde7d2cdc77f77e88a98dcfb66182df9c417b01f2aa70b9d8cc4ba","apps/web/public/assets/manor/classic/pasture/animals/1517/growing.png","01d70b0570cde7d2cdc77f77e88a98dcfb66182df9c417b01f2aa70b9d8cc4ba","reviewed-ok","ready"
"1517","火烈鸟","3","ready_to_produce","72","a1517.swf/DefineSprite_72_Animal_1517_3/1.png","0198362e27f039e7e7e0f4bc63e201d06138acec6cee9f0e1f032583a622865c","apps/web/public/assets/manor/classic/pasture/animals/1517/ready_to_produce.png","0198362e27f039e7e7e0f4bc63e201d06138acec6cee9f0e1f032583a622865c","reviewed-ok","ready"
"1517","火烈鸟","4","production_early","104","a1517.swf/DefineSprite_104_Animal_1517_4/1.png","836db2c26f29513aafc9f3df5409a7f70892717be819b6bc938e8a0d277673f9","apps/web/public/assets/manor/classic/pasture/animals/1517/production_early.png","836db2c26f29513aafc9f3df5409a7f70892717be819b6bc938e8a0d277673f9","reviewed-ok","ready"
"1517","火烈鸟","5","production_late","51","a1517.swf/DefineSprite_51_Animal_1517_5/1.png","ece298d4957cd4ce55434c74e873bb10ee0c9b16b70e8033063bac8480022d96","apps/web/public/assets/manor/classic/pasture/animals/1517/production_late.png","ece298d4957cd4ce55434c74e873bb10ee0c9b16b70e8033063bac8480022d96","reviewed-ok","ready"
"1517","火烈鸟","6","lifecycle_complete","47","a1517.swf/DefineSprite_47_Animal_1517_6/1.png","24257b341fd3f440b19a0749938370c9cbbd7494921b5706d9b3732fdb43254b","apps/web/public/assets/manor/classic/pasture/animals/1517/lifecycle_complete.png","24257b341fd3f440b19a0749938370c9cbbd7494921b5706d9b3732fdb43254b","reviewed-ok","ready"
"1019","紫貂","1","cub","121","a1019.swf/DefineSprite_121_Animal_1019_1/1.png","6dd0826d647a5b6b77090bb964df25c841a4be503328f562f16b5b32f2e7497e","apps/web/public/assets/manor/classic/pasture/animals/1019/cub.png","6dd0826d647a5b6b77090bb964df25c841a4be503328f562f16b5b32f2e7497e","reviewed-ok","ready"
"1019","紫貂","2","growing","64","a1019.swf/DefineSprite_64_Animal_1019_2/1.png","958e46e8d6ef74300faa01bf208f3e6a772f72886ff5df520cedeb363dc04a47","apps/web/public/assets/manor/classic/pasture/animals/1019/growing.png","958e46e8d6ef74300faa01bf208f3e6a772f72886ff5df520cedeb363dc04a47","reviewed-ok","ready"
"1019","紫貂","3","ready_to_produce","116","a1019.swf/DefineSprite_116_Animal_1019_3/1.png","00d329da5bbba2b0fe0a7cd5bbeafb9648e1ccf01b92a7a50af29a01eec36274","apps/web/public/assets/manor/classic/pasture/animals/1019/ready_to_produce.png","00d329da5bbba2b0fe0a7cd5bbeafb9648e1ccf01b92a7a50af29a01eec36274","reviewed-ok","ready"
"1019","紫貂","4","production_early","90","a1019.swf/DefineSprite_90_Animal_1019_4/1.png","ebfdfbace353e17579e7cc1cca9b0776b3cf2a51e85f554548d22afd88acca99","apps/web/public/assets/manor/classic/pasture/animals/1019/production_early.png","ebfdfbace353e17579e7cc1cca9b0776b3cf2a51e85f554548d22afd88acca99","reviewed-ok","ready"
"1019","紫貂","5","production_late","70","a1019.swf/DefineSprite_70_Animal_1019_5/1.png","5b127eb6689fd848e7097124f5a84116d5b1de4bf126dd90429a895d4408d023","apps/web/public/assets/manor/classic/pasture/animals/1019/production_late.png","5b127eb6689fd848e7097124f5a84116d5b1de4bf126dd90429a895d4408d023","reviewed-ok","ready"
"1019","紫貂","6","lifecycle_complete","84","a1019.swf/DefineSprite_84_Animal_1019_6/1.png","638e48424850ebf73648f245bb553fa8459ef35dfa04eefd7db768f6cf132fcb","apps/web/public/assets/manor/classic/pasture/animals/1019/lifecycle_complete.png","638e48424850ebf73648f245bb553fa8459ef35dfa04eefd7db768f6cf132fcb","reviewed-ok","ready"
"1502","牛","1","cub","395","a1502.swf/DefineSprite_395_Animal_1502_1/1.png","c20528b39c717c4237083b20735411e76251afa2f7c13c2131d8fe1e80bbe915","apps/web/public/assets/manor/classic/pasture/animals/1502/cub.png","c20528b39c717c4237083b20735411e76251afa2f7c13c2131d8fe1e80bbe915","reviewed-ok","ready"
"1502","牛","2","growing","341","a1502.swf/DefineSprite_341_Animal_1502_2/1.png","edc3657b3bd238554820582378db4067673ab51b57c3e687051b5160d4faab4d","apps/web/public/assets/manor/classic/pasture/animals/1502/growing.png","edc3657b3bd238554820582378db4067673ab51b57c3e687051b5160d4faab4d","reviewed-ok","ready"
"1502","牛","3","ready_to_produce","263","a1502.swf/DefineSprite_263_Animal_1502_3/1.png","4437fdbbf07de39b5112f5402d75edaa8eebbb4754513da5347b89782709b5d4","apps/web/public/assets/manor/classic/pasture/animals/1502/ready_to_produce.png","4437fdbbf07de39b5112f5402d75edaa8eebbb4754513da5347b89782709b5d4","reviewed-ok","ready"
"1502","牛","4","production_early","183","a1502.swf/DefineSprite_183_Animal_1502_4/1.png","523ef962f1518a8aa464fb37e91b683028b15674bc2e328b7234c036c8a87aa4","apps/web/public/assets/manor/classic/pasture/animals/1502/production_early.png","523ef962f1518a8aa464fb37e91b683028b15674bc2e328b7234c036c8a87aa4","reviewed-ok","ready"
"1502","牛","5","production_late","174","a1502.swf/DefineSprite_174_Animal_1502_5/1.png","a5b3543a2a5567c338d16a3f5ee37986cd82847a7889399c10dca2e7bd7f2048","apps/web/public/assets/manor/classic/pasture/animals/1502/production_late.png","a5b3543a2a5567c338d16a3f5ee37986cd82847a7889399c10dca2e7bd7f2048","reviewed-ok","ready"
"1502","牛","6","lifecycle_complete","116","a1502.swf/DefineSprite_116_Animal_1502_6/1.png","bbd3184ac88affea1a9085763606d2dc2820a27924665973af4eb2ec196d45cd","apps/web/public/assets/manor/classic/pasture/animals/1502/lifecycle_complete.png","bbd3184ac88affea1a9085763606d2dc2820a27924665973af4eb2ec196d45cd","reviewed-ok","ready"
"1004","猫","1","cub","367","a1004.swf/DefineSprite_367_Animal_1004_1/1.png","3b00b514ff4671ac5ba6382aa1331c78cd81ef501386df8c13c801358fae8866","apps/web/public/assets/manor/classic/pasture/animals/1004/cub.png","3b00b514ff4671ac5ba6382aa1331c78cd81ef501386df8c13c801358fae8866","reviewed-ok","ready"
"1004","猫","2","growing","300","a1004.swf/DefineSprite_300_Animal_1004_2/1.png","52fbe9e6e3ec9db6da7df0c3a03dd76d3b1f977ad3f77c175e540bb181950da3","apps/web/public/assets/manor/classic/pasture/animals/1004/growing.png","52fbe9e6e3ec9db6da7df0c3a03dd76d3b1f977ad3f77c175e540bb181950da3","reviewed-ok","ready"
"1004","猫","3","ready_to_produce","236","a1004.swf/DefineSprite_236_Animal_1004_3/1.png","65f07cb61adeb325b56c92185576634cf7c1b6601e8dc59f31f7ef1313733254","apps/web/public/assets/manor/classic/pasture/animals/1004/ready_to_produce.png","65f07cb61adeb325b56c92185576634cf7c1b6601e8dc59f31f7ef1313733254","reviewed-ok","ready"
"1004","猫","4","production_early","33","a1004.swf/DefineSprite_33_Animal_1004_4/1.png","b9420280c726ab7e6ad87b259e800cd98e732ad5cab1011c115718cc28128fb9","apps/web/public/assets/manor/classic/pasture/animals/1004/production_early.png","b9420280c726ab7e6ad87b259e800cd98e732ad5cab1011c115718cc28128fb9","reviewed-ok","ready"
"1004","猫","5","production_late","156","a1004.swf/DefineSprite_156_Animal_1004_5/1.png","4734c4b8ba4ebdc1754302756137aaba1504820f64c84f993f7a4783ce2b0c45","apps/web/public/assets/manor/classic/pasture/animals/1004/production_late.png","4734c4b8ba4ebdc1754302756137aaba1504820f64c84f993f7a4783ce2b0c45","reviewed-ok","ready"
"1004","猫","6","lifecycle_complete","102","a1004.swf/DefineSprite_102_Animal_1004_6/1.png","1b5cf12187536824a7f587fc0c45cd447b271f2cd3bb3ec0b5f1d5428a6254ee","apps/web/public/assets/manor/classic/pasture/animals/1004/lifecycle_complete.png","1b5cf12187536824a7f587fc0c45cd447b271f2cd3bb3ec0b5f1d5428a6254ee","reviewed-ok","ready"
"1512","貔貅","1","cub","176","a1512.swf/DefineSprite_176_Animal_1512_1/1.png","1d71ec25f314a3f28841fb28a1ace0047bd77082e3c660b7d305f24139868430","apps/web/public/assets/manor/classic/pasture/animals/1512/cub.png","1d71ec25f314a3f28841fb28a1ace0047bd77082e3c660b7d305f24139868430","reviewed-ok","ready"
"1512","貔貅","2","growing","159","a1512.swf/DefineSprite_159_Animal_1512_2/1.png","00bf326c7f0e6d9968b0cefc7c558accd36410d6981c98598eb3c563fdd08017","apps/web/public/assets/manor/classic/pasture/animals/1512/growing.png","00bf326c7f0e6d9968b0cefc7c558accd36410d6981c98598eb3c563fdd08017","reviewed-ok","ready"
"1512","貔貅","3","ready_to_produce","102","a1512.swf/DefineSprite_102_Animal_1512_3/1.png","08152197fd15de13086b94209802c6c49ab2b0b399c0294d5be5a99e94e154cc","apps/web/public/assets/manor/classic/pasture/animals/1512/ready_to_produce.png","08152197fd15de13086b94209802c6c49ab2b0b399c0294d5be5a99e94e154cc","reviewed-ok","ready"
"1512","貔貅","4","production_early","142","a1512.swf/DefineSprite_142_Animal_1512_4/1.png","d9ca5ed081180209596c227dddf682d7267133f2deb0f09d06610bdb245857a4","apps/web/public/assets/manor/classic/pasture/animals/1512/production_early.png","d9ca5ed081180209596c227dddf682d7267133f2deb0f09d06610bdb245857a4","reviewed-ok","ready"
"1512","貔貅","5","production_late","141","a1512.swf/DefineSprite_141_Animal_1512_5/1.png","8e41a4492567015d5ff98f28b7b4a370a6d09aefdd8f7a4b6d0814edf4547f7e","apps/web/public/assets/manor/classic/pasture/animals/1512/production_late.png","8e41a4492567015d5ff98f28b7b4a370a6d09aefdd8f7a4b6d0814edf4547f7e","reviewed-ok","ready"
"1512","貔貅","6","lifecycle_complete","124","a1512.swf/DefineSprite_124_Animal_1512_6/1.png","89268ac7085a39efe151fa2863f8cc3b8620ed1ec3bf44ef68a95b58e2228bd8","apps/web/public/assets/manor/classic/pasture/animals/1512/lifecycle_complete.png","89268ac7085a39efe151fa2863f8cc3b8620ed1ec3bf44ef68a95b58e2228bd8","reviewed-ok","ready"
"1503","猴子","1","cub","140","a1503.swf/DefineSprite_140_Animal_1503_1/1.png","c67f708bdece997dc9feaa48ce9501c9ef55b96a2bc57dd183b3f246a887b3b2","apps/web/public/assets/manor/classic/pasture/animals/1503/cub.png","c67f708bdece997dc9feaa48ce9501c9ef55b96a2bc57dd183b3f246a887b3b2","reviewed-ok","ready"
"1503","猴子","2","growing","117","a1503.swf/DefineSprite_117_Animal_1503_2/1.png","35d2ad13d68116aa3dfaa6f3e0c7cd3aa5a41e4e227c2fa87956cba2a1a1f755","apps/web/public/assets/manor/classic/pasture/animals/1503/growing.png","35d2ad13d68116aa3dfaa6f3e0c7cd3aa5a41e4e227c2fa87956cba2a1a1f755","reviewed-ok","ready"
"1503","猴子","3","ready_to_produce","64","a1503.swf/DefineSprite_64_Animal_1503_3/1.png","d932dc8756e139a6b67c85c05dcbccc54bbca54a9dc86bc962acfa9b145a30f6","apps/web/public/assets/manor/classic/pasture/animals/1503/ready_to_produce.png","d932dc8756e139a6b67c85c05dcbccc54bbca54a9dc86bc962acfa9b145a30f6","reviewed-ok","ready"
"1503","猴子","4","production_early","22","a1503.swf/DefineSprite_22_Animal_1503_4/1.png","f6e41c7d4e7aab48c859669645d577f2a9e9533022da773c5967078f26ac27a9","apps/web/public/assets/manor/classic/pasture/animals/1503/production_early.png","f6e41c7d4e7aab48c859669645d577f2a9e9533022da773c5967078f26ac27a9","reviewed-ok","ready"
"1503","猴子","5","production_late","101","a1503.swf/DefineSprite_101_Animal_1503_5/1.png","aa1cea4ef2639bcbfa068e6c9d2996ae20ce597b83d599b1aec0cf5bb6361139","apps/web/public/assets/manor/classic/pasture/animals/1503/production_late.png","aa1cea4ef2639bcbfa068e6c9d2996ae20ce597b83d599b1aec0cf5bb6361139","reviewed-ok","ready"
"1503","猴子","6","lifecycle_complete","85","a1503.swf/DefineSprite_85_Animal_1503_6/1.png","576a651290c5cb39d701112361420c866c7058d069bf4da7c551f489057da837","apps/web/public/assets/manor/classic/pasture/animals/1503/lifecycle_complete.png","576a651290c5cb39d701112361420c866c7058d069bf4da7c551f489057da837","reviewed-ok","ready"
"1005","孔雀","1","cub","188","a1005.swf/DefineSprite_188_Animal_1005_1/1.png","af30228f52d953070f110512897703b33debd938dbba3055f13958688b210bb8","apps/web/public/assets/manor/classic/pasture/animals/1005/cub.png","af30228f52d953070f110512897703b33debd938dbba3055f13958688b210bb8","reviewed-ok","ready"
"1005","孔雀","2","growing","158","a1005.swf/DefineSprite_158_Animal_1005_2/1.png","978a6650c47ee8031592fe59af14771c5d6701662ce560341a01eaddc9e8efe6","apps/web/public/assets/manor/classic/pasture/animals/1005/growing.png","978a6650c47ee8031592fe59af14771c5d6701662ce560341a01eaddc9e8efe6","reviewed-ok","ready"
"1005","孔雀","3","ready_to_produce","124","a1005.swf/DefineSprite_124_Animal_1005_3/1.png","6b8a715dc4ad5444daed4d1e4dbbbebedb987ec92122c2918749a5a1f6b962fb","apps/web/public/assets/manor/classic/pasture/animals/1005/ready_to_produce.png","6b8a715dc4ad5444daed4d1e4dbbbebedb987ec92122c2918749a5a1f6b962fb","reviewed-ok","ready"
"1005","孔雀","4","production_early","25","a1005.swf/DefineSprite_25_Animal_1005_4/1.png","563d9b1fc857a9ac1f31c42e05c713ff0800a4a06bec6ebe6dff69a4ddf714c7","apps/web/public/assets/manor/classic/pasture/animals/1005/production_early.png","563d9b1fc857a9ac1f31c42e05c713ff0800a4a06bec6ebe6dff69a4ddf714c7","reviewed-ok","ready"
"1005","孔雀","5","production_late","99","a1005.swf/DefineSprite_99_Animal_1005_5/1.png","59b3cfba1637818056cf9ee3c79c5a16d2a0e781a4fa47f559c20b94f943e9c5","apps/web/public/assets/manor/classic/pasture/animals/1005/production_late.png","59b3cfba1637818056cf9ee3c79c5a16d2a0e781a4fa47f559c20b94f943e9c5","reviewed-ok","ready"
"1005","孔雀","6","lifecycle_complete","69","a1005.swf/DefineSprite_69_Animal_1005_6/1.png","aa6bdcb8f30d22c36561d04d001e85d63dfabaed950991563fbc61aa0d114f6b","apps/web/public/assets/manor/classic/pasture/animals/1005/lifecycle_complete.png","aa6bdcb8f30d22c36561d04d001e85d63dfabaed950991563fbc61aa0d114f6b","reviewed-ok","ready"
"1504","袋鼠","1","cub","281","a1504.swf/DefineSprite_281_Animal_1504_1/1.png","cd39202ce748b8699e48cf612e49bc829da21512e6c83e8cee9d626ae69c9f26","apps/web/public/assets/manor/classic/pasture/animals/1504/cub.png","cd39202ce748b8699e48cf612e49bc829da21512e6c83e8cee9d626ae69c9f26","reviewed-ok","ready"
"1504","袋鼠","2","growing","234","a1504.swf/DefineSprite_234_Animal_1504_2/1.png","d73a6f1a52c6eb227a978ac57f88400d0746394a3298addc81d52a0706e370f2","apps/web/public/assets/manor/classic/pasture/animals/1504/growing.png","d73a6f1a52c6eb227a978ac57f88400d0746394a3298addc81d52a0706e370f2","reviewed-ok","ready"
"1504","袋鼠","3","ready_to_produce","127","a1504.swf/DefineSprite_127_Animal_1504_3/1.png","a76930c53f8af9e782d7d895bf8899d212ea7c2df56d26a51cccb5316191d4bb","apps/web/public/assets/manor/classic/pasture/animals/1504/ready_to_produce.png","a76930c53f8af9e782d7d895bf8899d212ea7c2df56d26a51cccb5316191d4bb","reviewed-ok","ready"
"1504","袋鼠","4","production_early","48","a1504.swf/DefineSprite_48_Animal_1504_4/1.png","337f8742445705a494c496881f2d6dde81893fd8e3eefd46c0c3ed6e1fc925d5","apps/web/public/assets/manor/classic/pasture/animals/1504/production_early.png","337f8742445705a494c496881f2d6dde81893fd8e3eefd46c0c3ed6e1fc925d5","reviewed-ok","ready"
"1504","袋鼠","5","production_late","177","a1504.swf/DefineSprite_177_Animal_1504_5/1.png","808d454b799b7b7505976f6d83b9e81ddcf2a009e537ff7e4f9c062f979c83b8","apps/web/public/assets/manor/classic/pasture/animals/1504/production_late.png","808d454b799b7b7505976f6d83b9e81ddcf2a009e537ff7e4f9c062f979c83b8","reviewed-ok","ready"
"1504","袋鼠","6","lifecycle_complete","170","a1504.swf/DefineSprite_170_Animal_1504_6/1.png","aa8702c04e8e8d6311484ec9ef2c1c47b7dd5d4f847f2d193fb449ca8357cc66","apps/web/public/assets/manor/classic/pasture/animals/1504/lifecycle_complete.png","aa8702c04e8e8d6311484ec9ef2c1c47b7dd5d4f847f2d193fb449ca8357cc66","reviewed-ok","ready"
"1006","企鹅","1","cub","65","a1006.swf/DefineSprite_65_Animal_1006_1/1.png","c69ce426794723966dc1930289e62d15f0aa57241239902751a0cc560de1827a","apps/web/public/assets/manor/classic/pasture/animals/1006/cub.png","c69ce426794723966dc1930289e62d15f0aa57241239902751a0cc560de1827a","reviewed-ok","ready"
"1006","企鹅","2","growing","88","a1006.swf/DefineSprite_88_Animal_1006_2/1.png","d3a19c606563af5edafae5e98b33cecc5dbd5c3ef70cb9d983cf281948e1614f","apps/web/public/assets/manor/classic/pasture/animals/1006/growing.png","d3a19c606563af5edafae5e98b33cecc5dbd5c3ef70cb9d983cf281948e1614f","reviewed-ok","ready"
"1006","企鹅","3","ready_to_produce","132","a1006.swf/DefineSprite_132_Animal_1006_3/1.png","b482b1248c71c6c2c33dc0007d9dcf7d68bec1bc9cc50a8875d907935fdef7eb","apps/web/public/assets/manor/classic/pasture/animals/1006/ready_to_produce.png","b482b1248c71c6c2c33dc0007d9dcf7d68bec1bc9cc50a8875d907935fdef7eb","reviewed-ok","ready"
"1006","企鹅","4","production_early","23","a1006.swf/DefineSprite_23_Animal_1006_4/1.png","6928267e023b3b4b97a73b98995b50d6df35beaa8039d09c4423d5c99a54454a","apps/web/public/assets/manor/classic/pasture/animals/1006/production_early.png","6928267e023b3b4b97a73b98995b50d6df35beaa8039d09c4423d5c99a54454a","reviewed-ok","ready"
"1006","企鹅","5","production_late","105","a1006.swf/DefineSprite_105_Animal_1006_5/1.png","f25ab8bb99237618b060ccc4b6f5cfbe2bfe3aa747ed3f3cd53ec57e5d92f9f0","apps/web/public/assets/manor/classic/pasture/animals/1006/production_late.png","f25ab8bb99237618b060ccc4b6f5cfbe2bfe3aa747ed3f3cd53ec57e5d92f9f0","reviewed-ok","ready"
"1006","企鹅","6","lifecycle_complete","100","a1006.swf/DefineSprite_100_Animal_1006_6/1.png","ce5cb568774bf97665db5f3dbf865f02c63ba34236f09fb0471bb35c39522cad","apps/web/public/assets/manor/classic/pasture/animals/1006/lifecycle_complete.png","ce5cb568774bf97665db5f3dbf865f02c63ba34236f09fb0471bb35c39522cad","reviewed-ok","ready"
