"source_id","name","original_level","runtime_status","state_key","state_label","source_class","source_character_id","source_export_file","source_sha256","exported_frame_count","width","height","visible_pixels","visible_x","visible_y","visible_width","visible_height","automated_status","visual_review_status"
"1001","鸡","0","1","cub","幼年","Animal_1001_1","168","a1001.swf/DefineSprite_168_Animal_1001_1/1.png","3b5b5b52ce0d448b90405946da79d94917be07eb89d98ef93e06e044d02c0a25","1","36","40","909","0","1","36","38","ready-for-visual-review","reviewed-ok"
"1001","鸡","0","2","growing","成长","Animal_1001_2","41","a1001.swf/DefineSprite_41_Animal_1001_2/1.png","4e46121d89d20fd4ddf82cc35da6e468c18c1160b2cb3f4f5aa3b384b6435649","1","42","48","1272","0","2","41","45","ready-for-visual-review","reviewed-ok"
"1001","鸡","0","3","ready_to_produce","成熟待生产","Animal_1001_3","134","a1001.swf/DefineSprite_134_Animal_1001_3/1.png","64f44b69f92d9d74ae3d69a226dd58a401ac5abe7803e2f92f8d8c4a7190bcc1","1","85","98","3829","21","4","64","93","ready-for-visual-review","reviewed-ok"
"1001","鸡","0","4","production_early","生产阶段一","Animal_1001_4","114","a1001.swf/DefineSprite_114_Animal_1001_4/1.png","e835de827738621f3e8589a85c73b34899d9a30059c8858e7fb42849cbbdaa36","1","40","55","1511","0","0","40","54","ready-for-visual-review","reviewed-ok"
"1001","鸡","0","5","production_late","生产阶段二","Animal_1001_5","110","a1001.swf/DefineSprite_110_Animal_1001_5/1.png","5aed897e1faf2ca1a7fcca731cbf0d487e13b6a35990b69203977c0f1412c3a8","1","56","58","1921","7","0","48","57","ready-for-visual-review","reviewed-ok"
"1001","鸡","0","6","lifecycle_complete","生命周期结束","Animal_1001_6","106","a1001.swf/DefineSprite_106_Animal_1001_6/1.png","30eaa0677189bbfeccb42e24612dcb0530e04c662934345d95141a97bdc4817b","1","54","57","1907","10","0","43","57","ready-for-visual-review","reviewed-ok"
"1002","兔子","1","1","cub","幼年","Animal_1002_1","89","a1002.swf/DefineSprite_89_Animal_1002_1/1.png","df31d62926237198c714bc5ba78db266f84e3f931f461a2af37ea51ced0f8fc8","1","37","47","838","3","6","33","37","ready-for-visual-review","reviewed-ok"
"1002","兔子","1","2","growing","成长","Animal_1002_2","130","a1002.swf/DefineSprite_130_Animal_1002_2/1.png","ed52b54f278c1a3c27ee811998c5399eacc88c2a12cff7e3af949af7eb704cdc","1","40","56","1136","5","1","32","51","ready-for-visual-review","reviewed-ok"
"1002","兔子","1","3","ready_to_produce","成熟待生产","Animal_1002_3","232","a1002.swf/DefineSprite_232_Animal_1002_3/1.png","7238d81162d62286f86a2a1b5c662848f3e8f5ea202179b8f42ae5e868533a8d","1","53","99","2522","0","16","50","81","ready-for-visual-review","reviewed-ok"
"1002","兔子","1","4","production_early","生产阶段一","Animal_1002_4","162","a1002.swf/DefineSprite_162_Animal_1002_4/1.png","6a570c2af8f7e6a3c5512bdb8676a813e6d49cba8f7a2bbfbccf1ced02690b4a","1","34","60","1155","0","1","33","58","ready-for-visual-review","reviewed-ok"
"1002","兔子","1","5","production_late","生产阶段二","Animal_1002_5","236","a1002.swf/DefineSprite_236_Animal_1002_5/1.png","2bea8cfa11f5b0abb0f40f155f0b81cb43c0e18641a01bb30f6eba9434bf39d5","1","48","66","1589","8","0","34","64","ready-for-visual-review","reviewed-ok"
"1002","兔子","1","6","lifecycle_complete","生命周期结束","Animal_1002_6","156","a1002.swf/DefineSprite_156_Animal_1002_6/1.png","7da1204b408f444e673f24e0776ce641db271e18df184cbffb28add170fc4299","1","48","66","1650","8","1","35","62","ready-for-visual-review","reviewed-ok"
"1007","乌龟","10","1","cub","幼年","Animal_1007_1","75","a1007.swf/DefineSprite_75_Animal_1007_1/1.png","1c232a3080433677dd516b9b8b1eb47359e7696e4a90800d4940558ca4272dec","1","61","38","1502","5","2","55","33","ready-for-visual-review","reviewed-ok"
"1007","乌龟","10","2","growing","成长","Animal_1007_2","88","a1007.swf/DefineSprite_88_Animal_1007_2/1.png","81b3bae0b8ca1177cf98468fb77342ace47823f0780146b5b95f304ca0ed103d","1","71","44","2145","4","3","66","41","ready-for-visual-review","reviewed-ok"
"1007","乌龟","10","3","ready_to_produce","成熟待生产","Animal_1007_3","132","a1007.swf/DefineSprite_132_Animal_1007_3/1.png","f9912afbba4152abb34c75a3241f789177cda17586ff4450e6553af85517171a","1","104","122","6257","10","0","94","111","ready-for-visual-review","reviewed-ok"
"1007","乌龟","10","4","production_early","生产阶段一","Animal_1007_4","30","a1007.swf/DefineSprite_30_Animal_1007_4/1.png","9f6733995f8977131c5aae7897caa551399f31b71ecad017c8809b320bb8f646","1","82","48","2696","0","1","81","47","ready-for-visual-review","reviewed-ok"
"1007","乌龟","10","5","production_late","生产阶段二","Animal_1007_5","107","a1007.swf/DefineSprite_107_Animal_1007_5/1.png","f69f9915ff3109631d01ed25abd204e06cc2257c8f1058f22461f38cf44aa469","1","86","51","3070","5","1","80","47","ready-for-visual-review","reviewed-ok"
"1007","乌龟","10","6","lifecycle_complete","生命周期结束","Animal_1007_6","103","a1007.swf/DefineSprite_103_Animal_1007_6/1.png","09bc02ad0f3189f1e24297e3015f269f875f9bac239829e09cb58a1bcae080cc","1","91","50","3155","3","2","85","48","ready-for-visual-review","reviewed-ok"
"1017","炫舞龟","10","1","cub","幼年","Animal_1017_1","113","a1017.swf/DefineSprite_113_Animal_1017_1/1.png","dd9cb560df6f58eb9db5bee93d45b3b82a2554452f6d89c3314b5311547a4ff8","1","47","35","1066","2","2","42","31","ready-for-visual-review","reviewed-ok"
"1017","炫舞龟","10","2","growing","成长","Animal_1017_2","84","a1017.swf/DefineSprite_84_Animal_1017_2/1.png","88b78c4ecf2453a2e7edf4b06d23f22248e7f7a27ae3142f6b88b5736fa3bd11","1","58","43","1601","3","3","53","37","ready-for-visual-review","reviewed-ok"
"1017","炫舞龟","10","3","ready_to_produce","成熟待生产","Animal_1017_3","71","a1017.swf/DefineSprite_71_Animal_1017_3/1.png","82a120f9573e864d6b7d44ea2fc77399bbb93d35545db18836554f59434838a8","1","104","111","4510","10","0","94","108","ready-for-visual-review","reviewed-ok"
"1017","炫舞龟","10","4","production_early","生产阶段一","Animal_1017_4","10","a1017.swf/DefineSprite_10_Animal_1017_4/1.png","3f6209ee37027910c47b018aeb2a506018730053d81f64ee00b96265cb4f3e05","1","71","42","2028","3","0","66","39","ready-for-visual-review","reviewed-ok"
"1017","炫舞龟","10","5","production_late","生产阶段二","Animal_1017_5","80","a1017.swf/DefineSprite_80_Animal_1017_5/1.png","50cee32b27170918bf248952181b66328348280007021c49c93fe64a6b3fa47a","1","71","51","2271","3","3","65","44","ready-for-visual-review","reviewed-ok"
"1017","炫舞龟","10","6","lifecycle_complete","生命周期结束","Animal_1017_6","45","a1017.swf/DefineSprite_45_Animal_1017_6/1.png","16c39d8c8a9e186321ca97d33d47cae525fb778f8220aa4b4e255b0feee273b6","1","71","51","2358","3","3","66","45","ready-for-visual-review","reviewed-ok"
"1505","梅花鹿","11","1","cub","幼年","Animal_1505_1","66","a1505.swf/DefineSprite_66_Animal_1505_1/1.png","3e381207e12337ad5fc1b195a12602ffc7bbdc7ced03c4f6daf4ad2e83a91379","1","49","69","2035","3","2","42","62","ready-for-visual-review","reviewed-ok"
"1505","梅花鹿","11","2","growing","成长","Animal_1505_2","134","a1505.swf/DefineSprite_134_Animal_1505_2/1.png","f5376399a24e28e41b7d9570d3dfd75cce3551ac37f47d4d8fc489f21d0387f3","1","61","83","3147","5","2","51","75","ready-for-visual-review","reviewed-ok"
"1505","梅花鹿","11","3","ready_to_produce","成熟待生产","Animal_1505_3","208","a1505.swf/DefineSprite_208_Animal_1505_3/1.png","ee0528523e1f5c69746c84789bf5026d45dfc1c86ee8fc580fc9792ab851d2f2","1","114","160","8474","6","11","95","140","ready-for-visual-review","reviewed-ok"
"1505","梅花鹿","11","4","production_early","生产阶段一","Animal_1505_4","165","a1505.swf/DefineSprite_165_Animal_1505_4/1.png","05a5c88950d81afe47913e2a5def4a1a957146bbab9efc43763beea25403ea54","1","79","105","4465","2","1","72","95","ready-for-visual-review","reviewed-ok"
"1505","梅花鹿","11","5","production_late","生产阶段二","Animal_1505_5","156","a1505.swf/DefineSprite_156_Animal_1505_5/1.png","c2e73a03e5f242f2b14d21b79a6b204fe4a802523fd7123077b6ede0ce84e45f","1","83","103","4820","8","4","66","91","ready-for-visual-review","reviewed-ok"
"1505","梅花鹿","11","6","lifecycle_complete","生命周期结束","Animal_1505_6","226","a1505.swf/DefineSprite_226_Animal_1505_6/1.png","c0e4d2320b763da5c67392234998f31471cda17ed5e97ca470b9a924ce39744e","1","85","113","6019","5","4","74","101","ready-for-visual-review","reviewed-ok"
"1008","松鼠","12","1","cub","幼年","Animal_1008_1","103","a1008.swf/DefineSprite_103_Animal_1008_1/1.png","9ba8a5e910a04977bc5edf641de018c738fb24f4f9e2542c10ce9d45b1ddfbc8","1","85","70","2170","12","9","62","51","ready-for-visual-review","reviewed-ok"
"1008","松鼠","12","2","growing","成长","Animal_1008_2","155","a1008.swf/DefineSprite_155_Animal_1008_2/1.png","ce8cdfc8ebab8fe8f42eb8caed0e3aeab8485db512408488d223a51dc82db6a1","1","105","74","3067","17","6","72","58","ready-for-visual-review","reviewed-ok"
"1008","松鼠","12","3","ready_to_produce","成熟待生产","Animal_1008_3","238","a1008.swf/DefineSprite_238_Animal_1008_3/1.png","5eb8baf53e1fba39eb11d9293a7f1ac1e83d5a6f9898519d3f23f2a2d2773717","1","143","115","7091","20","0","123","106","ready-for-visual-review","reviewed-ok"
"1008","松鼠","12","4","production_early","生产阶段一","Animal_1008_4","31","a1008.swf/DefineSprite_31_Animal_1008_4/1.png","8b63ce158f0a4c34c544cdc0649f373acb812271368d0557660a93f7728a8aa4","1","86","64","3128","4","0","79","60","ready-for-visual-review","reviewed-ok"
"1008","松鼠","12","5","production_late","生产阶段二","Animal_1008_5","211","a1008.swf/DefineSprite_211_Animal_1008_5/1.png","5e363634038bfa6155b268e8572b1a96e9e309e8703eef4ed5f08fe370adcbab","1","126","93","4784","20","10","92","68","ready-for-visual-review","reviewed-ok"
"1008","松鼠","12","6","lifecycle_complete","生命周期结束","Animal_1008_6","195","a1008.swf/DefineSprite_195_Animal_1008_6/1.png","3cca904dbdb506860ba9e6a793c371e3a3a5170b051df7c2054051fbbe6b2bd5","1","130","97","5020","19","11","97","71","ready-for-visual-review","reviewed-ok"
"1009","波斯猫","13","1","cub","幼年","Animal_1009_1","143","a1009.swf/DefineSprite_143_Animal_1009_1/1.png","aa3c66e53d1c7be0c1fa6c29b404892f0f2d621e760f3fe9bb16bc51a524d172","1","55","45","1340","4","1","47","38","ready-for-visual-review","reviewed-ok"
"1009","波斯猫","13","2","growing","成长","Animal_1009_2","117","a1009.swf/DefineSprite_117_Animal_1009_2/1.png","74ffffe540b89289277a6937838b61ba8f3f072fa99bdb8ec36e37eb34000f70","1","76","58","2928","3","1","70","54","ready-for-visual-review","reviewed-ok"
"1009","波斯猫","13","3","ready_to_produce","成熟待生产","Animal_1009_3","64","a1009.swf/DefineSprite_64_Animal_1009_3/1.png","a6c588767c5d3b31f141a5a70c32464bc63c0e2abf63a65eb899c3b4c9ce0fc0","1","104","133","6586","4","16","100","111","ready-for-visual-review","reviewed-ok"
"1009","波斯猫","13","4","production_early","生产阶段一","Animal_1009_4","16","a1009.swf/DefineSprite_16_Animal_1009_4/1.png","57024f6a7e6ae59cf521bcfdd5ccb3c173d5cb54912aa68a3d0fb33f0258a511","1","75","69","2887","5","0","66","65","ready-for-visual-review","reviewed-ok"
"1009","波斯猫","13","5","production_late","生产阶段二","Animal_1009_5","71","a1009.swf/DefineSprite_71_Animal_1009_5/1.png","7037e18efcb4d10b5e3fb34ebc80b0d1180effcc734450ba4741227e79566d8b","1","84","91","4734","4","2","76","83","ready-for-visual-review","reviewed-ok"
"1009","波斯猫","13","6","lifecycle_complete","生命周期结束","Animal_1009_6","81","a1009.swf/DefineSprite_81_Animal_1009_6/1.png","943c795f79b35b52acfff2b175cf72c3de96e552b83e7f73f0515186e3802403","1","84","91","4716","4","2","75","82","ready-for-visual-review","reviewed-ok"
"1012","鸭","14","1","cub","幼年","Animal_1012_1","14","a1012.swf/DefineSprite_14_Animal_1012_1/1.png","280dde7da0f4b44682476ca97a8da4993254a21a19f024429b91df7bba6f2d13","1","27","38","682","1","1","24","35","ready-for-visual-review","reviewed-ok"
"1012","鸭","14","2","growing","成长","Animal_1012_2","58","a1012.swf/DefineSprite_58_Animal_1012_2/1.png","bf66b96dcab4b24662b92df61fc816b55b06dbe738a750ec258e38d59e880b22","1","37","54","1410","1","2","35","52","ready-for-visual-review","reviewed-ok"
"1012","鸭","14","3","ready_to_produce","成熟待生产","Animal_1012_3","90","a1012.swf/DefineSprite_90_Animal_1012_3/1.png","3640119b6b5b98924480c76d4180c8bb67c537da114f079574950f65cc07e87f","1","89","108","4835","15","0","74","103","ready-for-visual-review","reviewed-ok"
"1012","鸭","14","4","production_early","生产阶段一","Animal_1012_4","78","a1012.swf/DefineSprite_78_Animal_1012_4/1.png","481d7478e2abd6439403af75ead2d07ae8997a2537fb8a20abac03a7b4993ce3","1","41","67","1804","1","0","39","66","ready-for-visual-review","reviewed-ok"
"1012","鸭","14","5","production_late","生产阶段二","Animal_1012_5","75","a1012.swf/DefineSprite_75_Animal_1012_5/1.png","f4bbeb656cfa78457661b80bd60eb17333d339ad990bbc481d84adbed6b4b6c3","1","45","69","2246","1","2","42","67","ready-for-visual-review","reviewed-ok"
"1012","鸭","14","6","lifecycle_complete","生命周期结束","Animal_1012_6","95","a1012.swf/DefineSprite_95_Animal_1012_6/1.png","9aa5f5e084901e843b91df290be8225d08756397a0adf44a9a7279e346ed19ce","1","45","69","2231","1","1","41","68","ready-for-visual-review","reviewed-ok"
"1015","乌骨鸡","14","1","cub","幼年","Animal_1015_1","88","a1015.swf/DefineSprite_88_Animal_1015_1/1.png","fc927ce00defbf97acf49c0cb1e9908d89cdcc35870330fe90cb731d2e28cd67","1","32","43","698","3","2","26","35","ready-for-visual-review","reviewed-ok"
"1015","乌骨鸡","14","2","growing","成长","Animal_1015_2","77","a1015.swf/DefineSprite_77_Animal_1015_2/1.png","7e3f70e15b5d7eea048ae6a823dbd962f0adf6c63b6a361da06c946a564589d3","1","53","69","1748","5","1","44","60","ready-for-visual-review","reviewed-ok"
"1015","乌骨鸡","14","3","ready_to_produce","成熟待生产","Animal_1015_3","66","a1015.swf/DefineSprite_66_Animal_1015_3/1.png","76d7fb363d3d45b6ca2842b20a5078807a35a9dae610d92bc7db67f28280f63b","1","89","116","5713","12","0","77","115","ready-for-visual-review","reviewed-ok"
"1015","乌骨鸡","14","4","production_early","生产阶段一","Animal_1015_4","41","a1015.swf/DefineSprite_41_Animal_1015_4/1.png","423079f7526a590f41bd16ccae5852eb8a26b4e62429dcaae4beb51891e1024e","1","55","85","1961","5","1","46","74","ready-for-visual-review","reviewed-ok"
"1015","乌骨鸡","14","5","production_late","生产阶段二","Animal_1015_5","38","a1015.swf/DefineSprite_38_Animal_1015_5/1.png","146f676397e345c1ff2841a37aaa1afd23ff3f536cad4f221f837127a25b2bbf","1","64","90","3011","6","2","53","78","ready-for-visual-review","reviewed-ok"
"1015","乌骨鸡","14","6","lifecycle_complete","生命周期结束","Animal_1015_6","102","a1015.swf/DefineSprite_102_Animal_1015_6/1.png","18e889066f54a6a826dff5c996ddc8198b31eed003aec3c3e608a6d5f61cfdeb","1","66","92","2910","6","4","55","78","ready-for-visual-review","reviewed-ok"
"1507","羚羊","15","1","cub","幼年","Animal_1507_1","85","a1507.swf/DefineSprite_85_Animal_1507_1/1.png","ae596188ce79ee914f3fa8fbdb409fa34b095d589f1af26b2ff17106deceff33","1","63","94","3962","7","1","56","90","ready-for-visual-review","reviewed-ok"
"1507","羚羊","15","2","growing","成长","Animal_1507_2","144","a1507.swf/DefineSprite_144_Animal_1507_2/1.png","3cc53ee79f6faad8528182ac6da68762a02b93a39835ef311a74722685ac63f9","1","84","117","6662","8","5","74","111","ready-for-visual-review","reviewed-ok"
"1507","羚羊","15","3","ready_to_produce","成熟待生产","Animal_1507_3","226","a1507.swf/DefineSprite_226_Animal_1507_3/1.png","63c199aaf6aa72eea6b61205c0a33c18b2622368492467a38ae16d3cf8b53820","1","111","162","11322","0","0","110","161","ready-for-visual-review","reviewed-ok"
"1507","羚羊","15","4","production_early","生产阶段一","Animal_1507_4","235","a1507.swf/DefineSprite_235_Animal_1507_4/1.png","7dc8278b177544de4f957e43a3d7dc8a805f2167e3f41eccca66bba390393147","1","78","83","3331","1","0","74","81","ready-for-visual-review","reviewed-ok"
"1507","羚羊","15","5","production_late","生产阶段二","Animal_1507_5","196","a1507.swf/DefineSprite_196_Animal_1507_5/1.png","63b5028aa9ce0f28d33b76c7ddc7c5590d983d9de0611a627fefac8d25e31e57","1","87","141","9193","3","2","82","138","ready-for-visual-review","reviewed-ok"
"1507","羚羊","15","6","lifecycle_complete","生命周期结束","Animal_1507_6","233","a1507.swf/DefineSprite_233_Animal_1507_6/1.png","9d2f72564912c7b0fb1f845f59ee2a4917c40dd7d4562b0bd231fa0e32704e35","1","94","141","9606","2","2","90","138","ready-for-visual-review","reviewed-ok"
"1510","长颈鹿","16","1","cub","幼年","Animal_1510_1","94","a1510.swf/DefineSprite_94_Animal_1510_1/1.png","6cde1e8dfb853b04f6ad135062b5bb95b95234b46413e1c502c074ea948d5c3d","1","73","79","2602","15","0","57","74","ready-for-visual-review","reviewed-ok"
"1510","长颈鹿","16","2","growing","成长","Animal_1510_2","165","a1510.swf/DefineSprite_165_Animal_1510_2/1.png","27877ead49cd5b31c04e0c759a1398de7e7f013f0a2616572604ffaad54e5544","1","108","129","5985","30","0","76","121","ready-for-visual-review","reviewed-ok"
"1510","长颈鹿","16","3","ready_to_produce","成熟待生产","Animal_1510_3","275","a1510.swf/DefineSprite_275_Animal_1510_3/1.png","5f73c43003620e6a3b6b12fcc168aa2deec88455c868ea07a6a0c5c8dba67c7d","1","146","198","12723","37","0","108","197","ready-for-visual-review","reviewed-ok"
"1510","长颈鹿","16","4","production_early","生产阶段一","Animal_1510_4","285","a1510.swf/DefineSprite_285_Animal_1510_4/1.png","1b8cc1b28a170b8bddee104e4f91ad6619f65a946212cdd377816c6924acfd47","1","100","150","5765","0","1","99","149","ready-for-visual-review","reviewed-ok"
"1510","长颈鹿","16","5","production_late","生产阶段二","Animal_1510_5","252","a1510.swf/DefineSprite_252_Animal_1510_5/1.png","c7dcb253c12f97bea566ed8f43aa3126a43f928647c7953e875a0463a16a6fca","1","138","169","9942","35","1","99","159","ready-for-visual-review","reviewed-ok"
"1510","长颈鹿","16","6","lifecycle_complete","生命周期结束","Animal_1510_6","283","a1510.swf/DefineSprite_283_Animal_1510_6/1.png","c24eeebce5f2a8fc46cb2077f85dc22040b676d7cfcf75072dbd643cc1cab17d","1","135","152","9556","34","2","98","150","ready-for-visual-review","reviewed-ok"
"1010","仓鼠","17","1","cub","幼年","Animal_1010_1","189","a1010.swf/DefineSprite_189_Animal_1010_1/1.png","d965165cb160e29b3f3ca1b244e4db3a108de46453adf3de4ca051a6171661bf","1","41","56","999","2","21","38","35","ready-for-visual-review","reviewed-ok"
"1010","仓鼠","17","2","growing","成长","Animal_1010_2","185","a1010.swf/DefineSprite_185_Animal_1010_2/1.png","d6e1f9f1a47c13bf0d6df2756ff8c3dd208fbf4ffbe3448c86cf317749bb3b89","1","51","69","1512","2","26","47","42","ready-for-visual-review","reviewed-ok"
"1010","仓鼠","17","3","ready_to_produce","成熟待生产","Animal_1010_3","147","a1010.swf/DefineSprite_147_Animal_1010_3/1.png","92464c99c7b0aad27a7e8d74bb6a4a51b79e6d4f186d633a15e489b9a6f5715c","1","111","125","3457","21","43","77","81","ready-for-visual-review","reviewed-ok"
"1010","仓鼠","17","4","production_early","生产阶段一","Animal_1010_4","36","a1010.swf/DefineSprite_36_Animal_1010_4/1.png","11d3fa89033f85256307df0f559684297727669c4e3c24fdb2c344bd9475c7b5","1","39","40","1168","0","0","39","40","ready-for-visual-review","reviewed-ok"
"1010","仓鼠","17","5","production_late","生产阶段二","Animal_1010_5","157","a1010.swf/DefineSprite_157_Animal_1010_5/1.png","e8c2dbf5d1314592edc629535f846380981807d1dcfa944cc1284d93f2351849","1","61","89","2166","2","38","57","51","ready-for-visual-review","reviewed-ok"
"1010","仓鼠","17","6","lifecycle_complete","生命周期结束","Animal_1010_6","118","a1010.swf/DefineSprite_118_Animal_1010_6/1.png","6851e84ebc246fac7b088022c80d6618e393026718de74e80ff59a378ee92e9f","1","61","89","2180","2","38","57","51","ready-for-visual-review","reviewed-ok"
"1013","鼹鼠","18","1","cub","幼年","Animal_1013_1","93","a1013.swf/DefineSprite_93_Animal_1013_1/1.png","5afce88b0b96b3a67ff1cdae67e1a79446d970014e9d5da4f905dfb6762653c1","1","43","42","687","5","6","32","27","ready-for-visual-review","reviewed-ok"
"1013","鼹鼠","18","2","growing","成长","Animal_1013_2","71","a1013.swf/DefineSprite_71_Animal_1013_2/1.png","ee5a2e32953e65e8b9f6a7fcfcb9d6d5c1e730f8c38a1fa2a8467288e87d20d5","1","70","57","1781","8","2","58","41","ready-for-visual-review","reviewed-ok"
"1013","鼹鼠","18","3","ready_to_produce","成熟待生产","Animal_1013_3","70","a1013.swf/DefineSprite_70_Animal_1013_3/1.png","68273bacd64d01e496daa50832b3615c5d7815c6ac0558d9ce26d414aae4444f","1","111","125","6112","11","18","96","102","ready-for-visual-review","reviewed-ok"
"1013","鼹鼠","18","4","production_early","生产阶段一","Animal_1013_4","95","a1013.swf/DefineSprite_95_Animal_1013_4/1.png","841b4efc0efc6f3d3729eb64f176cd4792435bbff2fe59da521f2b16eaf5c915","1","73","57","2587","0","2","69","50","ready-for-visual-review","reviewed-ok"
"1013","鼹鼠","18","5","production_late","生产阶段二","Animal_1013_5","49","a1013.swf/DefineSprite_49_Animal_1013_5/1.png","6ad1653ec83bdfce29b9459c31ef98f6bb4d1d463709cbf79be1317a08bd8f13","1","95","77","3266","10","4","80","54","ready-for-visual-review","reviewed-ok"
"1013","鼹鼠","18","6","lifecycle_complete","生命周期结束","Animal_1013_6","37","a1013.swf/DefineSprite_37_Animal_1013_6/1.png","fb6f9bd37a09ab39b4942fd7105c3d2dc2b1ebc0635765d558d0806a7286b8b3","1","94","77","3298","10","3","79","55","ready-for-visual-review","reviewed-ok"
"1508","鸵鸟","19","1","cub","幼年","Animal_1508_1","166","a1508.swf/DefineSprite_166_Animal_1508_1/1.png","23bb0d3578abf27be65b96501edc70dc88c1930914b70027e14f33db2b54a61d","1","57","63","1429","12","1","35","61","ready-for-visual-review","reviewed-ok"
"1508","鸵鸟","19","2","growing","成长","Animal_1508_2","155","a1508.swf/DefineSprite_155_Animal_1508_2/1.png","4016454d343c2d8715460bea4cf990288f8c05db2fe9fe72618d84bfad3ab77f","1","82","86","2797","15","1","51","84","ready-for-visual-review","reviewed-ok"
"1508","鸵鸟","19","3","ready_to_produce","成熟待生产","Animal_1508_3","120","a1508.swf/DefineSprite_120_Animal_1508_3/1.png","d96227fcd13aa0eb5fd490bfec852e60b05b81274c64602d32a17e2870305a9f","1","105","126","5411","10","8","73","118","ready-for-visual-review","reviewed-ok"
"1508","鸵鸟","19","4","production_early","生产阶段一","Animal_1508_4","31","a1508.swf/DefineSprite_31_Animal_1508_4/1.png","6fc83523169a970dafd66ecdf6b32029473b378d37593b489adc4bfa715f0435","1","63","116","2802","0","1","63","114","ready-for-visual-review","reviewed-ok"
"1508","鸵鸟","19","5","production_late","生产阶段二","Animal_1508_5","138","a1508.swf/DefineSprite_138_Animal_1508_5/1.png","1dd24c2ab7ce294d2a0ed0db12041d9826542d0e6204b34b4513ab9f7f5fc557","1","105","119","4459","13","2","70","116","ready-for-visual-review","reviewed-ok"
"1508","鸵鸟","19","6","lifecycle_complete","生命周期结束","Animal_1508_6","90","a1508.swf/DefineSprite_90_Animal_1508_6/1.png","530d6ab4bd4416110e336b64acbe6cf1782aa59b1e151ba009fb5137a1b8dc3b","1","105","117","4228","15","2","68","114","ready-for-visual-review","reviewed-ok"
"1501","羊","2","1","cub","幼年","Animal_1501_1","109","a1501.swf/DefineSprite_109_Animal_1501_1/1.png","62515905333c3bfa92b8546f9f4e2f3fb8f757ae50e34036211011ec1dfa1131","1","86","90","4407","4","0","77","78","ready-for-visual-review","reviewed-ok"
"1501","羊","2","2","growing","成长","Animal_1501_2","336","a1501.swf/DefineSprite_336_Animal_1501_2/1.png","ac179eeec15b0933d496f13940f46cd08dd55b110ffd4092543ae5bcfd40aa27","1","89","96","5112","1","0","87","84","ready-for-visual-review","reviewed-ok"
"1501","羊","2","3","ready_to_produce","成熟待生产","Animal_1501_3","276","a1501.swf/DefineSprite_276_Animal_1501_3/1.png","c0358a646f25e8b4658ccc1f4e08fed61d1b2e3212885bef20a79b05e4681678","1","117","158","6701","16","60","97","86","ready-for-visual-review","reviewed-ok"
"1501","羊","2","4","production_early","生产阶段一","Animal_1501_4","245","a1501.swf/DefineSprite_245_Animal_1501_4/1.png","bfda144c60be505303f456a2f314d5ff26ff9330d61d872e591935ea1715e836","1","96","77","4505","1","2","89","66","ready-for-visual-review","reviewed-ok"
"1501","羊","2","5","production_late","生产阶段二","Animal_1501_5","237","a1501.swf/DefineSprite_237_Animal_1501_5/1.png","443f478beaf0e4039de1cc73ba33abd7da8fdc0e991af0e85adb0111d36e7a0f","1","108","101","6484","6","0","99","88","ready-for-visual-review","reviewed-ok"
"1501","羊","2","6","lifecycle_complete","生命周期结束","Animal_1501_6","212","a1501.swf/DefineSprite_212_Animal_1501_6/1.png","7283c4114f8664a4f4431c1e26881f9f12f1238004511e5eb64b51ddd7f5bce0","1","100","101","6402","6","0","90","88","ready-for-visual-review","reviewed-ok"
"1011","刺猬","21","1","cub","幼年","Animal_1011_1","47","a1011.swf/DefineSprite_47_Animal_1011_1/1.png","3b979a20561b3e1186695ec2910f8a3e93338cc0a10ed3bc9c1653422999220a","1","38","39","936","1","2","35","32","ready-for-visual-review","reviewed-ok"
"1011","刺猬","21","2","growing","成长","Animal_1011_2","55","a1011.swf/DefineSprite_55_Animal_1011_2/1.png","d4f9ec2cd443cf952626c4ee193402bea4cc27ebfb710cc3a43c39470b4d8b74","1","44","46","1272","2","3","40","37","ready-for-visual-review","reviewed-ok"
"1011","刺猬","21","3","ready_to_produce","成熟待生产","Animal_1011_3","127","a1011.swf/DefineSprite_127_Animal_1011_3/1.png","453216fdea957f3a1ae8b088577d7daff1005ebbdf03ab2ca107063b3c705479","1","101","120","5510","27","0","74","110","ready-for-visual-review","reviewed-ok"
"1011","刺猬","21","4","production_early","生产阶段一","Animal_1011_4","130","a1011.swf/DefineSprite_130_Animal_1011_4/1.png","31c56c1883621d0c2e72348a337d0fc3281c2a91ad05525a226865a8f4006992","1","64","67","2346","1","1","58","59","ready-for-visual-review","reviewed-ok"
"1011","刺猬","21","5","production_late","生产阶段二","Animal_1011_5","140","a1011.swf/DefineSprite_140_Animal_1011_5/1.png","d7c31e3b2f70193da158fbb77e7cf9cb62e533e00ab689c0c6e28fb780a79049","1","71","74","2829","8","7","61","60","ready-for-visual-review","reviewed-ok"
"1011","刺猬","21","6","lifecycle_complete","生命周期结束","Animal_1011_6","152","a1011.swf/DefineSprite_152_Animal_1011_6/1.png","d60c79c27fbc34d33ebe6c78ef00de8d8abf1a58933a18dac3d8e71a8a66f2c6","1","71","74","2856","8","8","61","59","ready-for-visual-review","reviewed-ok"
"1014","挪威森林猫","22","1","cub","幼年","Animal_1014_1","92","a1014.swf/DefineSprite_92_Animal_1014_1/1.png","748fa86fea9a320be36eab18fd162e6e60f98e1856b363aa41ec924d5888baba","1","47","47","1347","3","0","43","41","ready-for-visual-review","reviewed-ok"
"1014","挪威森林猫","22","2","growing","成长","Animal_1014_2","97","a1014.swf/DefineSprite_97_Animal_1014_2/1.png","1419145578555a95f39d7256c9504b416584fa1221a2021c1370b0fc89fe0725","1","63","65","2480","4","1","57","56","ready-for-visual-review","reviewed-ok"
"1014","挪威森林猫","22","3","ready_to_produce","成熟待生产","Animal_1014_3","127","a1014.swf/DefineSprite_127_Animal_1014_3/1.png","4a9f890065e3c2d1355e1e7f54adfcf245e330c627626ea4923ac8a38b862cea","1","121","149","7339","6","0","114","120","ready-for-visual-review","reviewed-ok"
"1014","挪威森林猫","22","4","production_early","生产阶段一","Animal_1014_4","38","a1014.swf/DefineSprite_38_Animal_1014_4/1.png","7f12ff746ff1875adf3d4e849215ecfda8cbc159a70aac0d610342620fcb9632","1","75","64","2796","4","0","69","58","ready-for-visual-review","reviewed-ok"
"1014","挪威森林猫","22","5","production_late","生产阶段二","Animal_1014_5","131","a1014.swf/DefineSprite_131_Animal_1014_5/1.png","9dd2c6607282a4c0e49f8f974aef0d2e4e31fa17ee40df72e7e599fc84b97f5d","1","91","94","5069","6","0","80","83","ready-for-visual-review","reviewed-ok"
"1014","挪威森林猫","22","6","lifecycle_complete","生命周期结束","Animal_1014_6","141","a1014.swf/DefineSprite_141_Animal_1014_6/1.png","fda01125f6b559623d29eda1b5ea89867e0ee0fd5e90d2dc7318841d72ce5436","1","91","94","5143","5","0","81","83","ready-for-visual-review","reviewed-ok"
"1509","浣熊","23","1","cub","幼年","Animal_1509_1","206","a1509.swf/DefineSprite_206_Animal_1509_1/1.png","35c2661e56da92f4658a123b77f61c530063cf74782826c9d1a52298845c0c12","1","140","73","3403","22","17","95","51","ready-for-visual-review","reviewed-ok"
"1509","浣熊","23","2","growing","成长","Animal_1509_2","178","a1509.swf/DefineSprite_178_Animal_1509_2/1.png","83cf498fa6950284f20b076a1e03d3620ce86dc5ffb67b5f28da5e67c435d8bd","1","171","90","5554","28","15","115","70","ready-for-visual-review","reviewed-ok"
"1509","浣熊","23","3","ready_to_produce","成熟待生产","Animal_1509_3","123","a1509.swf/DefineSprite_123_Animal_1509_3/1.png","cde6120ac19f75238273fd97bc7c65107ab32dea52ff7e4e85b362b4de5f97ad","1","214","143","11177","24","20","162","116","ready-for-visual-review","reviewed-ok"
"1509","浣熊","23","4","production_early","生产阶段一","Animal_1509_4","99","a1509.swf/DefineSprite_99_Animal_1509_4/1.png","db4e1f55ce6a943cf3bc531ecb6d5457cd26a3e891ae03d7a659c204eda744b5","1","178","103","5461","25","10","128","86","ready-for-visual-review","reviewed-ok"
"1509","浣熊","23","5","production_late","生产阶段二","Animal_1509_5","95","a1509.swf/DefineSprite_95_Animal_1509_5/1.png","c23054636067da3fd4b8e9cc65fac1606bdeb1e3b54fda5dca9e431fe2532df0","1","210","122","9865","24","22","161","93","ready-for-visual-review","reviewed-ok"
"1509","浣熊","23","6","lifecycle_complete","生命周期结束","Animal_1509_6","90","a1509.swf/DefineSprite_90_Animal_1509_6/1.png","2c57fcf12fa106e285ac16fd51a8ba7ee19151f4e5657172a02cd3a8a47e44dc","1","212","121","9626","24","21","164","93","ready-for-visual-review","reviewed-ok"
"1016","美国短毛猫","24","1","cub","幼年","Animal_1016_1","54","a1016.swf/DefineSprite_54_Animal_1016_1/1.png","7167a866d2f55653b14fbf1c7f01e8f3bf646f27cb75844aae2c797c26f1e4cc","1","48","41","1186","8","0","39","39","ready-for-visual-review","reviewed-ok"
"1016","美国短毛猫","24","2","growing","成长","Animal_1016_2","66","a1016.swf/DefineSprite_66_Animal_1016_2/1.png","18997a2419a0e6389a2d28a03d786c18013eef09bbaedc88bb4f8cdfd4f91881","1","62","54","2122","9","0","53","52","ready-for-visual-review","reviewed-ok"
"1016","美国短毛猫","24","3","ready_to_produce","成熟待生产","Animal_1016_3","82","a1016.swf/DefineSprite_82_Animal_1016_3/1.png","5b68865b853944c1c75e9e6ca78daa1352745d8990536e163731ebfd2f02bf25","1","98","125","6504","3","0","95","116","ready-for-visual-review","reviewed-ok"
"1016","美国短毛猫","24","4","production_early","生产阶段一","Animal_1016_4","13","a1016.swf/DefineSprite_13_Animal_1016_4/1.png","92013291d2b9d75a15a7484f922fe7343f75f1eeb7f22c075ac1e0d366dc2fc7","1","67","73","2489","0","0","59","69","ready-for-visual-review","reviewed-ok"
"1016","美国短毛猫","24","5","production_late","生产阶段二","Animal_1016_5","86","a1016.swf/DefineSprite_86_Animal_1016_5/1.png","81ee743c363580b73d53c01efa48af488f3a45a626e9f178bf74c5d5304581bb","1","80","74","3700","11","1","69","69","ready-for-visual-review","reviewed-ok"
"1016","美国短毛猫","24","6","lifecycle_complete","生命周期结束","Animal_1016_6","94","a1016.swf/DefineSprite_94_Animal_1016_6/1.png","b58f704acd479c6d08fb7ddc9f84e18036c636fc463767e73521eac517d5bd0f","1","81","74","3684","11","1","69","69","ready-for-visual-review","reviewed-ok"
"1511","丹顶鹤","25","1","cub","幼年","Animal_1511_1","286","a1511.swf/DefineSprite_286_Animal_1511_1/1.png","28dcd5506a20ed2e7f53b1fcadadd8006c5f2221cc7c641ed5be56e1faa489c0","1","42","63","1126","9","2","29","60","ready-for-visual-review","reviewed-ok"
"1511","丹顶鹤","25","2","growing","成长","Animal_1511_2","243","a1511.swf/DefineSprite_243_Animal_1511_2/1.png","451d0005138bdf90230063f070e122ca32bc464fe69dee424b080e5489cd80ac","1","63","94","2057","14","2","38","91","ready-for-visual-review","reviewed-ok"
"1511","丹顶鹤","25","3","ready_to_produce","成熟待生产","Animal_1511_3","142","a1511.swf/DefineSprite_142_Animal_1511_3/1.png","0333a2ce0517e6b92278e324c27c54f308dd2eb7c27566b79d5ba88a95b0ac84","1","89","143","5752","10","10","76","132","ready-for-visual-review","reviewed-ok"
"1511","丹顶鹤","25","4","production_early","生产阶段一","Animal_1511_4","24","a1511.swf/DefineSprite_24_Animal_1511_4/1.png","0aa142e64e2ca0fdd0089ed1e501a3c826d3ddc8fe5b523ce4d0fe77ac04c3c1","1","53","125","2461","0","0","51","124","ready-for-visual-review","reviewed-ok"
"1511","丹顶鹤","25","5","production_late","生产阶段二","Animal_1511_5","166","a1511.swf/DefineSprite_166_Animal_1511_5/1.png","a458fe6e49222ae390632318a8df818a2e998062cce883b591aa975e8dc3b639","1","88","134","5069","10","1","73","133","ready-for-visual-review","reviewed-ok"
"1511","丹顶鹤","25","6","lifecycle_complete","生命周期结束","Animal_1511_6","93","a1511.swf/DefineSprite_93_Animal_1511_6/1.png","04a91aa36e32b7621301debea3b0d551fce5fecbb0d712dab4968aa034788e1d","1","88","134","5109","10","1","70","132","ready-for-visual-review","reviewed-ok"
"1513","双峰驼","26","1","cub","幼年","Animal_1513_1","65","a1513.swf/DefineSprite_65_Animal_1513_1/1.png","a60cb44d5fe1f4758813c45046950f92deb9369807d36f30bcfc400322e3b2c3","1","54","71","2380","5","1","44","67","ready-for-visual-review","reviewed-ok"
"1513","双峰驼","26","2","growing","成长","Animal_1513_2","59","a1513.swf/DefineSprite_59_Animal_1513_2/1.png","2f50ea694c56f98a02fab538952e2760b68c30dbd8db5ea73fdc304cffa3831e","1","66","89","3772","6","2","55","84","ready-for-visual-review","reviewed-ok"
"1513","双峰驼","26","3","ready_to_produce","成熟待生产","Animal_1513_3","55","a1513.swf/DefineSprite_55_Animal_1513_3/1.png","4b791f137811406f96ed72bf242b473f57689196306ac0a3b126b584d253fb51","1","101","206","9957","7","0","94","182","ready-for-visual-review","reviewed-ok"
"1513","双峰驼","26","4","production_early","生产阶段一","Animal_1513_4","67","a1513.swf/DefineSprite_67_Animal_1513_4/1.png","b114fe82c1c4feb8f658dd8ad49fd80e167a1d0bdc05a5a2238b25e9d03daa36","1","71","110","5676","0","0","71","104","ready-for-visual-review","reviewed-ok"
"1513","双峰驼","26","5","production_late","生产阶段二","Animal_1513_5","32","a1513.swf/DefineSprite_32_Animal_1513_5/1.png","80689ada024a163142249ec9175cd79de93ea61f7e1544655db651db7592d58c","1","92","122","7106","9","3","75","115","ready-for-visual-review","reviewed-ok"
"1513","双峰驼","26","6","lifecycle_complete","生命周期结束","Animal_1513_6","28","a1513.swf/DefineSprite_28_Animal_1513_6/1.png","08a2b914dc1de5c4d8155cf9ed7eb42c66dba0be87496809699e3420f998f25c","1","92","122","7111","9","3","75","115","ready-for-visual-review","reviewed-ok"
"1514","犀牛","27","1","cub","幼年","Animal_1514_1","34","a1514.swf/DefineSprite_34_Animal_1514_1/1.png","15d6381e6acdeb673dffabef272a2fac20d48c31e8daa30cec9e0628ab82622d","1","86","66","3298","10","3","69","62","ready-for-visual-review","reviewed-with-note"
"1514","犀牛","27","2","growing","成长","Animal_1514_2","43","a1514.swf/DefineSprite_43_Animal_1514_2/1.png","e9acf6b34cba75728bd8c14fdcf80986e21072e36359ad8a4f9c138e729bdda1","1","89","79","4587","5","6","78","72","ready-for-visual-review","reviewed-with-note"
"1514","犀牛","27","3","ready_to_produce","成熟待生产","Animal_1514_3","65","a1514.swf/DefineSprite_65_Animal_1514_3/1.png","dfb3ede0509f46ce83f9aad6c56919dc75409295cfccc5751613603ff7dd78f3","1","142","189","12367","6","0","136","187","ready-for-visual-review","reviewed-with-note"
"1514","犀牛","27","4","production_early","生产阶段一","Animal_1514_4","68","a1514.swf/DefineSprite_68_Animal_1514_4/1.png","5573a126fb507b95c22f5c8e3e006f445c7e9d35c6c1e609557d488135524c96","3","106","91","6480","0","0","106","88","ready-for-visual-review","reviewed-with-note"
"1514","犀牛","27","5","production_late","生产阶段二","Animal_1514_5","74","a1514.swf/DefineSprite_74_Animal_1514_5/1.png","4b58f19518da5e7030f0c0a03db9202078f8ca959a7521b1de7d24f1bb7a9026","1","137","112","9195","12","9","113","101","ready-for-visual-review","reviewed-with-note"
"1514","犀牛","27","6","lifecycle_complete","生命周期结束","Animal_1514_6","84","a1514.swf/DefineSprite_84_Animal_1514_6/1.png","df8cf8e821d266dfaf29ae02de693e58c3778b4c889790bab7ccebc14907a668","1","132","112","9588","7","9","119","101","ready-for-visual-review","reviewed-with-note"
"1018","穿山甲","28","1","cub","幼年","Animal_1018_1","31","a1018.swf/DefineSprite_31_Animal_1018_1/1.png","1704995a411447995706ba2ece79f850078abc337025dd9553f9d2d8cfdef660","1","53","34","759","13","2","33","28","ready-for-visual-review","reviewed-ok"
"1018","穿山甲","28","2","growing","成长","Animal_1018_2","52","a1018.swf/DefineSprite_52_Animal_1018_2/1.png","f771627bf41e6a0494a90834f64ca4ebacacf22064f2ba6cfcd6766bbf142a61","1","71","53","2085","8","3","58","47","ready-for-visual-review","reviewed-ok"
"1018","穿山甲","28","3","ready_to_produce","成熟待生产","Animal_1018_3","73","a1018.swf/DefineSprite_73_Animal_1018_3/1.png","cbf10a59a1493f0021c2b94d879ca1cfc0034aaf61960dd1784624af24ea028e","1","93","108","5439","16","3","71","100","ready-for-visual-review","reviewed-ok"
"1018","穿山甲","28","4","production_early","生产阶段一","Animal_1018_4","76","a1018.swf/DefineSprite_76_Animal_1018_4/1.png","60863d35d9b6a9ecb5599d5cfa0016635b5932bcf22da86dbcb7a2497768d3d5","1","73","63","2137","0","3","71","57","ready-for-visual-review","reviewed-ok"
"1018","穿山甲","28","5","production_late","生产阶段二","Animal_1018_5","80","a1018.swf/DefineSprite_80_Animal_1018_5/1.png","754df6386739ea1bdb5e5c00590f24f0c3868add102105cccb142fab324ca64d","1","88","65","3142","10","4","72","57","ready-for-visual-review","reviewed-ok"
"1018","穿山甲","28","6","lifecycle_complete","生命周期结束","Animal_1018_6","86","a1018.swf/DefineSprite_86_Animal_1018_6/1.png","79bcaff8b6b57744f641255af7d86cdae35f1c2f6e6831d3e9a6688c61cd752e","1","88","65","3196","10","4","72","57","ready-for-visual-review","reviewed-ok"
"1515","猩猩","29","1","cub","幼年","Animal_1515_1","23","a1515.swf/DefineSprite_23_Animal_1515_1/1.png","9f94bdd0ff506fe3a8d9870bed430f274bf840433e676666cfa25a13127d0923","1","49","52","1519","1","2","36","47","ready-for-visual-review","reviewed-ok"
"1515","猩猩","29","2","growing","成长","Animal_1515_2","27","a1515.swf/DefineSprite_27_Animal_1515_2/1.png","87b6939e4e9315fdd4b690743ae1a6583ddda2a13b436571dd391aeabb1fec76","1","68","71","2825","2","3","50","65","ready-for-visual-review","reviewed-ok"
"1515","猩猩","29","3","ready_to_produce","成熟待生产","Animal_1515_3","42","a1515.swf/DefineSprite_42_Animal_1515_3/1.png","39a136d9d6855f8aa7451b7a34f6bdab28df818053d7b5f4fb5a6a7da88c6ca1","1","101","168","7022","13","16","74","148","ready-for-visual-review","reviewed-ok"
"1515","猩猩","29","4","production_early","生产阶段一","Animal_1515_4","14","a1515.swf/DefineSprite_14_Animal_1515_4/1.png","563c00170cc1bc976d8237cb6658ed58c1a2bbfc979f96a23a315b9ee5b1eb51","1","66","77","2576","3","1","51","71","ready-for-visual-review","reviewed-ok"
"1515","猩猩","29","5","production_late","生产阶段二","Animal_1515_5","46","a1515.swf/DefineSprite_46_Animal_1515_5/1.png","4b02e1d23f8a90fed5d25b185c36bb215ddef83fa5d79bb2b99e32e081bd1f99","1","86","90","4498","4","4","62","81","ready-for-visual-review","reviewed-ok"
"1515","猩猩","29","6","lifecycle_complete","生命周期结束","Animal_1515_6","54","a1515.swf/DefineSprite_54_Animal_1515_6/1.png","e66336f968e255b3903cee24afc0c12abf8154fa7e332a461bb3b695842a8a0a","1","86","90","4519","4","4","62","81","ready-for-visual-review","reviewed-ok"
"1003","鹅","3","1","cub","幼年","Animal_1003_1","121","a1003.swf/DefineSprite_121_Animal_1003_1/1.png","86d5376db3c77052f56d29b155bafee43f0fff2598e4ffe04fb52dc5e85b736f","1","25","28","464","1","1","22","26","ready-for-visual-review","reviewed-ok"
"1003","鹅","3","2","growing","成长","Animal_1003_2","104","a1003.swf/DefineSprite_104_Animal_1003_2/1.png","2e43fa7cc40071123199c10c2e7ea18d8671533bad15255ff9125aacfdd2567f","1","32","38","835","2","1","29","35","ready-for-visual-review","reviewed-ok"
"1003","鹅","3","3","ready_to_produce","成熟待生产","Animal_1003_3","88","a1003.swf/DefineSprite_88_Animal_1003_3/1.png","7dddcb12ad546ecc3c6b0794650a9bc9d6ed2a3c7f26c2aadff5b394e962bd96","1","89","108","3715","19","11","64","95","ready-for-visual-review","reviewed-ok"
"1003","鹅","3","4","production_early","生产阶段一","Animal_1003_4","18","a1003.swf/DefineSprite_18_Animal_1003_4/1.png","4729af8e93c9c0f6fbe778bfd16a4228c1cfee531aa28acbd63a2fac69aecfab","1","35","61","1194","0","0","33","59","ready-for-visual-review","reviewed-ok"
"1003","鹅","3","5","production_late","生产阶段二","Animal_1003_5","55","a1003.swf/DefineSprite_55_Animal_1003_5/1.png","8895377a40f45844706988e2d7b04dbd486bff3791937956b5ff2ade8beedf4b","1","44","67","1667","4","2","35","63","ready-for-visual-review","reviewed-ok"
"1003","鹅","3","6","lifecycle_complete","生命周期结束","Animal_1003_6","47","a1003.swf/DefineSprite_47_Animal_1003_6/1.png","0435523c8ea6556770366fe0862b80efa884976711f4e59708e93ce3eb148ae6","1","40","64","1684","3","1","35","62","ready-for-visual-review","reviewed-ok"
"1516","河马","30","1","cub","幼年","Animal_1516_1","52","a1516.swf/DefineSprite_52_Animal_1516_1/1.png","4520d57728274ff8021bf03f458992e9098a4afc6a97d1a99c8d1a0b65775f90","1","71","74","3089","5","9","65","58","ready-for-visual-review","reviewed-ok"
"1516","河马","30","2","growing","成长","Animal_1516_2","42","a1516.swf/DefineSprite_42_Animal_1516_2/1.png","8d5dee3054569e6145cb783cd6df59ef25a39b6592cf6c9b9d8d18b808bb7abb","1","103","101","5949","4","16","98","76","ready-for-visual-review","reviewed-ok"
"1516","河马","30","3","ready_to_produce","成熟待生产","Animal_1516_3","80","a1516.swf/DefineSprite_80_Animal_1516_3/1.png","14ef63beb5032ead580719c3dbbb884d6542b8230ae45909677c56f4012636d2","1","122","170","11238","5","0","115","159","ready-for-visual-review","reviewed-ok"
"1516","河马","30","4","production_early","生产阶段一","Animal_1516_4","82","a1516.swf/DefineSprite_82_Animal_1516_4/1.png","ee055b57cc5bb6915ffdb220febcbfde4007581542ad3f9029c4aae32376fed7","1","113","90","6005","0","0","107","81","ready-for-visual-review","reviewed-ok"
"1516","河马","30","5","production_late","生产阶段二","Animal_1516_5","86","a1516.swf/DefineSprite_86_Animal_1516_5/1.png","3924f1af23b359e3414d1fb98248e2c947e90e75dd6447377be8649920b97ead","1","121","118","8547","4","15","115","92","ready-for-visual-review","reviewed-ok"
"1516","河马","30","6","lifecycle_complete","生命周期结束","Animal_1516_6","92","a1516.swf/DefineSprite_92_Animal_1516_6/1.png","d1c17523c0b1f5870696a1acbf2169dda315e4e2d626dce23cc74a27629e2cb1","1","121","118","8602","4","15","115","93","ready-for-visual-review","reviewed-ok"
"1517","火烈鸟","31","1","cub","幼年","Animal_1517_1","102","a1517.swf/DefineSprite_102_Animal_1517_1/1.png","5f29a90cc0bfae7e7e768561f2ec45941b07959032f7a3a74f3d02f9739f7e4c","1","51","81","1450","5","0","45","76","ready-for-visual-review","reviewed-ok"
"1517","火烈鸟","31","2","growing","成长","Animal_1517_2","97","a1517.swf/DefineSprite_97_Animal_1517_2/1.png","01d70b0570cde7d2cdc77f77e88a98dcfb66182df9c417b01f2aa70b9d8cc4ba","1","69","114","2746","4","0","63","105","ready-for-visual-review","reviewed-ok"
"1517","火烈鸟","31","3","ready_to_produce","成熟待生产","Animal_1517_3","72","a1517.swf/DefineSprite_72_Animal_1517_3/1.png","0198362e27f039e7e7e0f4bc63e201d06138acec6cee9f0e1f032583a622865c","1","91","198","5621","16","0","74","190","ready-for-visual-review","reviewed-ok"
"1517","火烈鸟","31","4","production_early","生产阶段一","Animal_1517_4","104","a1517.swf/DefineSprite_104_Animal_1517_4/1.png","836db2c26f29513aafc9f3df5409a7f70892717be819b6bc938e8a0d277673f9","1","53","136","2278","0","0","53","135","ready-for-visual-review","reviewed-ok"
"1517","火烈鸟","31","5","production_late","生产阶段二","Animal_1517_5","51","a1517.swf/DefineSprite_51_Animal_1517_5/1.png","ece298d4957cd4ce55434c74e873bb10ee0c9b16b70e8033063bac8480022d96","1","82","150","4515","7","0","75","138","ready-for-visual-review","reviewed-ok"
"1517","火烈鸟","31","6","lifecycle_complete","生命周期结束","Animal_1517_6","47","a1517.swf/DefineSprite_47_Animal_1517_6/1.png","24257b341fd3f440b19a0749938370c9cbbd7494921b5706d9b3732fdb43254b","1","93","156","4877","14","4","74","138","ready-for-visual-review","reviewed-ok"
"1019","紫貂","32","1","cub","幼年","Animal_1019_1","121","a1019.swf/DefineSprite_121_Animal_1019_1/1.png","6dd0826d647a5b6b77090bb964df25c841a4be503328f562f16b5b32f2e7497e","1","63","61","1473","5","21","56","37","ready-for-visual-review","reviewed-ok"
"1019","紫貂","32","2","growing","成长","Animal_1019_2","64","a1019.swf/DefineSprite_64_Animal_1019_2/1.png","958e46e8d6ef74300faa01bf208f3e6a772f72886ff5df520cedeb363dc04a47","1","83","72","2807","5","19","74","52","ready-for-visual-review","reviewed-ok"
"1019","紫貂","32","3","ready_to_produce","成熟待生产","Animal_1019_3","116","a1019.swf/DefineSprite_116_Animal_1019_3/1.png","00d329da5bbba2b0fe0a7cd5bbeafb9648e1ccf01b92a7a50af29a01eec36274","1","122","142","6700","10","37","104","104","ready-for-visual-review","reviewed-ok"
"1019","紫貂","32","4","production_early","生产阶段一","Animal_1019_4","90","a1019.swf/DefineSprite_90_Animal_1019_4/1.png","ebfdfbace353e17579e7cc1cca9b0776b3cf2a51e85f554548d22afd88acca99","1","99","80","3319","0","10","95","69","ready-for-visual-review","reviewed-ok"
"1019","紫貂","32","5","production_late","生产阶段二","Animal_1019_5","70","a1019.swf/DefineSprite_70_Animal_1019_5/1.png","5b127eb6689fd848e7097124f5a84116d5b1de4bf126dd90429a895d4408d023","1","121","100","5603","8","24","107","74","ready-for-visual-review","reviewed-ok"
"1019","紫貂","32","6","lifecycle_complete","生命周期结束","Animal_1019_6","84","a1019.swf/DefineSprite_84_Animal_1019_6/1.png","638e48424850ebf73648f245bb553fa8459ef35dfa04eefd7db768f6cf132fcb","1","124","101","5654","10","21","106","78","ready-for-visual-review","reviewed-ok"
"1502","牛","4","1","cub","幼年","Animal_1502_1","395","a1502.swf/DefineSprite_395_Animal_1502_1/1.png","c20528b39c717c4237083b20735411e76251afa2f7c13c2131d8fe1e80bbe915","1","384","106","4120","149","37","83","64","ready-for-visual-review","reviewed-ok"
"1502","牛","4","2","growing","成长","Animal_1502_2","341","a1502.swf/DefineSprite_341_Animal_1502_2/1.png","edc3657b3bd238554820582378db4067673ab51b57c3e687051b5160d4faab4d","1","357","123","7620","123","29","109","89","ready-for-visual-review","reviewed-ok"
"1502","牛","4","3","ready_to_produce","成熟待生产","Animal_1502_3","263","a1502.swf/DefineSprite_263_Animal_1502_3/1.png","4437fdbbf07de39b5112f5402d75edaa8eebbb4754513da5347b89782709b5d4","1","171","201","16096","13","12","144","180","ready-for-visual-review","reviewed-ok"
"1502","牛","4","4","production_early","生产阶段一","Animal_1502_4","183","a1502.swf/DefineSprite_183_Animal_1502_4/1.png","523ef962f1518a8aa464fb37e91b683028b15674bc2e328b7234c036c8a87aa4","1","144","132","9165","12","12","120","111","ready-for-visual-review","reviewed-ok"
"1502","牛","4","5","production_late","生产阶段二","Animal_1502_5","174","a1502.swf/DefineSprite_174_Animal_1502_5/1.png","a5b3543a2a5567c338d16a3f5ee37986cd82847a7889399c10dca2e7bd7f2048","1","145","121","11682","3","2","140","113","ready-for-visual-review","reviewed-ok"
"1502","牛","4","6","lifecycle_complete","生命周期结束","Animal_1502_6","116","a1502.swf/DefineSprite_116_Animal_1502_6/1.png","bbd3184ac88affea1a9085763606d2dc2820a27924665973af4eb2ec196d45cd","1","144","117","11619","2","2","141","108","ready-for-visual-review","reviewed-ok"
"1004","猫","5","1","cub","幼年","Animal_1004_1","367","a1004.swf/DefineSprite_367_Animal_1004_1/1.png","3b00b514ff4671ac5ba6382aa1331c78cd81ef501386df8c13c801358fae8866","1","34","29","671","2","2","31","26","ready-for-visual-review","reviewed-ok"
"1004","猫","5","2","growing","成长","Animal_1004_2","300","a1004.swf/DefineSprite_300_Animal_1004_2/1.png","52fbe9e6e3ec9db6da7df0c3a03dd76d3b1f977ad3f77c175e540bb181950da3","1","43","30","891","2","0","40","29","ready-for-visual-review","reviewed-ok"
"1004","猫","5","3","ready_to_produce","成熟待生产","Animal_1004_3","236","a1004.swf/DefineSprite_236_Animal_1004_3/1.png","65f07cb61adeb325b56c92185576634cf7c1b6601e8dc59f31f7ef1313733254","1","74","86","3265","4","0","65","84","ready-for-visual-review","reviewed-ok"
"1004","猫","5","4","production_early","生产阶段一","Animal_1004_4","33","a1004.swf/DefineSprite_33_Animal_1004_4/1.png","b9420280c726ab7e6ad87b259e800cd98e732ad5cab1011c115718cc28128fb9","1","40","37","930","1","0","35","36","ready-for-visual-review","reviewed-ok"
"1004","猫","5","5","production_late","生产阶段二","Animal_1004_5","156","a1004.swf/DefineSprite_156_Animal_1004_5/1.png","4734c4b8ba4ebdc1754302756137aaba1504820f64c84f993f7a4783ce2b0c45","1","49","43","1245","2","2","45","38","ready-for-visual-review","reviewed-ok"
"1004","猫","5","6","lifecycle_complete","生命周期结束","Animal_1004_6","102","a1004.swf/DefineSprite_102_Animal_1004_6/1.png","1b5cf12187536824a7f587fc0c45cd447b271f2cd3bb3ec0b5f1d5428a6254ee","1","49","42","1332","2","1","45","38","ready-for-visual-review","reviewed-ok"
"1512","貔貅","50","1","cub","幼年","Animal_1512_1","176","a1512.swf/DefineSprite_176_Animal_1512_1/1.png","1d71ec25f314a3f28841fb28a1ace0047bd77082e3c660b7d305f24139868430","1","73","87","2368","9","13","54","62","ready-for-visual-review","reviewed-ok"
"1512","貔貅","50","2","growing","成长","Animal_1512_2","159","a1512.swf/DefineSprite_159_Animal_1512_2/1.png","00bf326c7f0e6d9968b0cefc7c558accd36410d6981c98598eb3c563fdd08017","1","107","126","5364","15","18","79","89","ready-for-visual-review","reviewed-ok"
"1512","貔貅","50","3","ready_to_produce","成熟待生产","Animal_1512_3","102","a1512.swf/DefineSprite_102_Animal_1512_3/1.png","08152197fd15de13086b94209802c6c49ab2b0b399c0294d5be5a99e94e154cc","1","133","198","11767","17","22","99","171","ready-for-visual-review","reviewed-ok"
"1512","貔貅","50","4","production_early","生产阶段一","Animal_1512_4","142","a1512.swf/DefineSprite_142_Animal_1512_4/1.png","d9ca5ed081180209596c227dddf682d7267133f2deb0f09d06610bdb245857a4","1","116","128","6598","12","1","93","113","ready-for-visual-review","reviewed-ok"
"1512","貔貅","50","5","production_late","生产阶段二","Animal_1512_5","141","a1512.swf/DefineSprite_141_Animal_1512_5/1.png","8e41a4492567015d5ff98f28b7b4a370a6d09aefdd8f7a4b6d0814edf4547f7e","1","133","158","8494","18","22","99","115","ready-for-visual-review","reviewed-ok"
"1512","貔貅","50","6","lifecycle_complete","生命周期结束","Animal_1512_6","124","a1512.swf/DefineSprite_124_Animal_1512_6/1.png","89268ac7085a39efe151fa2863f8cc3b8620ed1ec3bf44ef68a95b58e2228bd8","1","133","158","8517","18","22","99","116","ready-for-visual-review","reviewed-ok"
"1503","猴子","6","1","cub","幼年","Animal_1503_1","140","a1503.swf/DefineSprite_140_Animal_1503_1/1.png","c67f708bdece997dc9feaa48ce9501c9ef55b96a2bc57dd183b3f246a887b3b2","1","48","53","1552","1","4","45","47","ready-for-visual-review","reviewed-ok"
"1503","猴子","6","2","growing","成长","Animal_1503_2","117","a1503.swf/DefineSprite_117_Animal_1503_2/1.png","35d2ad13d68116aa3dfaa6f3e0c7cd3aa5a41e4e227c2fa87956cba2a1a1f755","1","59","60","2138","1","0","56","60","ready-for-visual-review","reviewed-ok"
"1503","猴子","6","3","ready_to_produce","成熟待生产","Animal_1503_3","64","a1503.swf/DefineSprite_64_Animal_1503_3/1.png","d932dc8756e139a6b67c85c05dcbccc54bbca54a9dc86bc962acfa9b145a30f6","1","98","129","5457","10","13","81","115","ready-for-visual-review","reviewed-ok"
"1503","猴子","6","4","production_early","生产阶段一","Animal_1503_4","22","a1503.swf/DefineSprite_22_Animal_1503_4/1.png","f6e41c7d4e7aab48c859669645d577f2a9e9533022da773c5967078f26ac27a9","1","56","69","2198","1","0","55","68","ready-for-visual-review","reviewed-ok"
"1503","猴子","6","5","production_late","生产阶段二","Animal_1503_5","101","a1503.swf/DefineSprite_101_Animal_1503_5/1.png","aa1cea4ef2639bcbfa068e6c9d2996ae20ce597b83d599b1aec0cf5bb6361139","1","75","73","2992","3","0","69","72","ready-for-visual-review","reviewed-ok"
"1503","猴子","6","6","lifecycle_complete","生命周期结束","Animal_1503_6","85","a1503.swf/DefineSprite_85_Animal_1503_6/1.png","576a651290c5cb39d701112361420c866c7058d069bf4da7c551f489057da837","1","74","72","2735","3","0","69","72","ready-for-visual-review","reviewed-ok"
"1005","孔雀","7","1","cub","幼年","Animal_1005_1","188","a1005.swf/DefineSprite_188_Animal_1005_1/1.png","af30228f52d953070f110512897703b33debd938dbba3055f13958688b210bb8","1","43","44","813","7","4","30","34","ready-for-visual-review","reviewed-ok"
"1005","孔雀","7","2","growing","成长","Animal_1005_2","158","a1005.swf/DefineSprite_158_Animal_1005_2/1.png","978a6650c47ee8031592fe59af14771c5d6701662ce560341a01eaddc9e8efe6","1","89","73","3083","7","4","76","59","ready-for-visual-review","reviewed-ok"
"1005","孔雀","7","3","ready_to_produce","成熟待生产","Animal_1005_3","124","a1005.swf/DefineSprite_124_Animal_1005_3/1.png","6b8a715dc4ad5444daed4d1e4dbbbebedb987ec92122c2918749a5a1f6b962fb","1","199","180","12391","13","35","174","128","ready-for-visual-review","reviewed-ok"
"1005","孔雀","7","4","production_early","生产阶段一","Animal_1005_4","25","a1005.swf/DefineSprite_25_Animal_1005_4/1.png","563d9b1fc857a9ac1f31c42e05c713ff0800a4a06bec6ebe6dff69a4ddf714c7","1","123","89","3692","1","7","114","71","ready-for-visual-review","reviewed-ok"
"1005","孔雀","7","5","production_late","生产阶段二","Animal_1005_5","99","a1005.swf/DefineSprite_99_Animal_1005_5/1.png","59b3cfba1637818056cf9ee3c79c5a16d2a0e781a4fa47f559c20b94f943e9c5","1","127","105","6126","11","16","105","75","ready-for-visual-review","reviewed-ok"
"1005","孔雀","7","6","lifecycle_complete","生命周期结束","Animal_1005_6","69","a1005.swf/DefineSprite_69_Animal_1005_6/1.png","aa6bdcb8f30d22c36561d04d001e85d63dfabaed950991563fbc61aa0d114f6b","1","213","185","11185","17","60","180","108","ready-for-visual-review","reviewed-ok"
"1504","袋鼠","8","1","cub","幼年","Animal_1504_1","281","a1504.swf/DefineSprite_281_Animal_1504_1/1.png","cd39202ce748b8699e48cf612e49bc829da21512e6c83e8cee9d626ae69c9f26","1","50","89","1754","4","26","44","61","ready-for-visual-review","reviewed-ok"
"1504","袋鼠","8","2","growing","成长","Animal_1504_2","234","a1504.swf/DefineSprite_234_Animal_1504_2/1.png","d73a6f1a52c6eb227a978ac57f88400d0746394a3298addc81d52a0706e370f2","1","64","111","2169","10","34","43","70","ready-for-visual-review","reviewed-ok"
"1504","袋鼠","8","3","ready_to_produce","成熟待生产","Animal_1504_3","127","a1504.swf/DefineSprite_127_Animal_1504_3/1.png","a76930c53f8af9e782d7d895bf8899d212ea7c2df56d26a51cccb5316191d4bb","1","125","159","8312","13","0","111","150","ready-for-visual-review","reviewed-ok"
"1504","袋鼠","8","4","production_early","生产阶段一","Animal_1504_4","48","a1504.swf/DefineSprite_48_Animal_1504_4/1.png","337f8742445705a494c496881f2d6dde81893fd8e3eefd46c0c3ed6e1fc925d5","1","77","112","4503","0","0","75","112","ready-for-visual-review","reviewed-ok"
"1504","袋鼠","8","5","production_late","生产阶段二","Animal_1504_5","177","a1504.swf/DefineSprite_177_Animal_1504_5/1.png","808d454b799b7b7505976f6d83b9e81ddcf2a009e537ff7e4f9c062f979c83b8","1","76","125","4222","7","24","64","98","ready-for-visual-review","reviewed-ok"
"1504","袋鼠","8","6","lifecycle_complete","生命周期结束","Animal_1504_6","170","a1504.swf/DefineSprite_170_Animal_1504_6/1.png","aa8702c04e8e8d6311484ec9ef2c1c47b7dd5d4f847f2d193fb449ca8357cc66","1","80","124","4511","6","18","68","103","ready-for-visual-review","reviewed-ok"
"1006","企鹅","9","1","cub","幼年","Animal_1006_1","65","a1006.swf/DefineSprite_65_Animal_1006_1/1.png","c69ce426794723966dc1930289e62d15f0aa57241239902751a0cc560de1827a","1","39","44","869","4","2","31","38","ready-for-visual-review","reviewed-ok"
"1006","企鹅","9","2","growing","成长","Animal_1006_2","88","a1006.swf/DefineSprite_88_Animal_1006_2/1.png","d3a19c606563af5edafae5e98b33cecc5dbd5c3ef70cb9d983cf281948e1614f","1","56","64","1826","6","4","44","54","ready-for-visual-review","reviewed-ok"
"1006","企鹅","9","3","ready_to_produce","成熟待生产","Animal_1006_3","132","a1006.swf/DefineSprite_132_Animal_1006_3/1.png","b482b1248c71c6c2c33dc0007d9dcf7d68bec1bc9cc50a8875d907935fdef7eb","1","97","125","5691","10","0","87","114","ready-for-visual-review","reviewed-ok"
"1006","企鹅","9","4","production_early","生产阶段一","Animal_1006_4","23","a1006.swf/DefineSprite_23_Animal_1006_4/1.png","6928267e023b3b4b97a73b98995b50d6df35beaa8039d09c4423d5c99a54454a","1","70","74","2533","8","1","54","64","ready-for-visual-review","reviewed-ok"
"1006","企鹅","9","5","production_late","生产阶段二","Animal_1006_5","105","a1006.swf/DefineSprite_105_Animal_1006_5/1.png","f25ab8bb99237618b060ccc4b6f5cfbe2bfe3aa747ed3f3cd53ec57e5d92f9f0","1","76","88","3142","11","8","57","70","ready-for-visual-review","reviewed-ok"
"1006","企鹅","9","6","lifecycle_complete","生命周期结束","Animal_1006_6","100","a1006.swf/DefineSprite_100_Animal_1006_6/1.png","ce5cb568774bf97665db5f3dbf865f02c63ba34236f09fb0471bb35c39522cad","1","72","83","3137","8","5","57","70","ready-for-visual-review","reviewed-ok"
