"source_id","name","set_name","item_type","item_type_name","original_level","coin_price","premium_price","discounted_premium_price","experience","valid_seconds","swf_file","preview_file","thumbnail_file","alternate_file","source_files_present","source_completeness","known_issue","extraction_policy","integration_policy","preferred_runtime_source","processing_status"
"53","阿尔卑斯山风光","阿尔卑斯山风光","1","background","0","52199","144","115","480","2592000","module/nc/farm/diy/53.swf","module/nc/farm/diy/53.jpg","module/nc/farm/diy/53b.jpg","","3","complete-swf","","extract-swf","default","module/nc/farm/diy/53.swf","mapped-not-extracted"
"54","山脚下小屋","阿尔卑斯山风光","2","house","0","32888","100","80","420","2592000","module/nc/farm/diy/54.swf","module/nc/farm/diy/54.jpg","module/nc/farm/diy/54b.jpg","","3","complete-swf","","extract-swf","deferred-validation","module/nc/farm/diy/54.swf","mapped-not-extracted"
"55","阿尔卑斯特产栅栏","阿尔卑斯山风光","3","fence","0","22088","60","48","320","2592000","module/nc/farm/diy/55.swf","module/nc/farm/diy/55.jpg","module/nc/farm/diy/55b.jpg","","3","complete-swf","","extract-swf","default","module/nc/farm/diy/55.swf","mapped-not-extracted"
"56","阿尔卑斯特产狗屋","阿尔卑斯山风光","4","doghouse","0","22399","48","38","250","2592000","module/nc/farm/diy/56.swf","module/nc/farm/diy/56.jpg","module/nc/farm/diy/56b.jpg","","3","complete-swf","","extract-swf","default","module/nc/farm/diy/56.swf","mapped-not-extracted"
"213","碧草云天背景","碧草云天套装","1","background","0","23088","55","44","120","2592000","module/nc/farm/diy/213.swf","module/nc/farm/diy/213.jpg","module/nc/farm/diy/213b.jpg","","3","complete-swf","","extract-swf","deferred-validation","module/nc/farm/diy/213.swf","mapped-not-extracted"
"214","风情木屋","碧草云天套装","2","house","0","15999","38","30","114","2592000","module/nc/farm/diy/214.swf","module/nc/farm/diy/214.jpg","module/nc/farm/diy/214b.jpg","","3","complete-swf","","extract-swf","default","module/nc/farm/diy/214.swf","mapped-not-extracted"
"215","积木栅栏","碧草云天套装","3","fence","0","9588","23","18","69","2592000","module/nc/farm/diy/215.swf","module/nc/farm/diy/215.jpg","module/nc/farm/diy/215b.jpg","","3","complete-swf","","extract-swf","default","module/nc/farm/diy/215.swf","mapped-not-extracted"
"216","简约狗窝","碧草云天套装","4","doghouse","0","72128","18","15","55","2592000","module/nc/farm/diy/216.swf","module/nc/farm/diy/216.jpg","module/nc/farm/diy/216b.jpg","","3","complete-swf","","extract-swf","default","module/nc/farm/diy/216.swf","mapped-not-extracted"
"21","春天的故事","春天的故事","1","background","0","12499","35","25","188","2592000","","module/nc/farm/diy/21.jpg","module/nc/farm/diy/21b.jpg","","2","preview-only-missing-runtime-art","missing-swf-and-full-image","blocked-missing-source","excluded","","mapped-not-extracted"
"22","春天小屋","春天的故事","2","house","0","11599","30","28","140","2592000","module/nc/farm/diy/22.swf","module/nc/farm/diy/22.jpg","module/nc/farm/diy/22b.jpg","","3","complete-swf","","extract-swf","default","module/nc/farm/diy/22.swf","mapped-not-extracted"
"23","春天围墙","春天的故事","3","fence","0","8889","15","10","60","2592000","module/nc/farm/diy/23.swf","module/nc/farm/diy/23.jpg","module/nc/farm/diy/23b.jpg","","3","complete-swf","","extract-swf","default","module/nc/farm/diy/23.swf","mapped-not-extracted"
"24","春天狗窝","春天的故事","4","doghouse","0","9099","15","10","40","2592000","module/nc/farm/diy/24.swf","module/nc/farm/diy/24.jpg","module/nc/farm/diy/24b.jpg","","3","complete-swf","","extract-swf","default","module/nc/farm/diy/24.swf","mapped-not-extracted"
"57","地中海风情","地中海套装","1","background","0","33088","88","70","442","2592000","module/nc/farm/diy/57.swf","module/nc/farm/diy/57.jpg","module/nc/farm/diy/57b.jpg","","3","complete-swf","","extract-swf","default","module/nc/farm/diy/57.swf","mapped-not-extracted"
"58","迷情蓝堡","地中海套装","2","house","0","22299","61","48","307","2592000","module/nc/farm/diy/58.swf","module/nc/farm/diy/58.jpg","module/nc/farm/diy/58b.jpg","","3","complete-swf","","extract-swf","default","module/nc/farm/diy/58.swf","mapped-not-extracted"
"59","白沙围廊","地中海套装","3","fence","0","13788","37","29","184","2592000","module/nc/farm/diy/59.swf","module/nc/farm/diy/59.jpg","module/nc/farm/diy/59b.jpg","","3","complete-swf","","extract-swf","default","module/nc/farm/diy/59.swf","mapped-not-extracted"
"60","贝鲁特犬舍","地中海套装","4","doghouse","0","11088","29","23","147","2592000","module/nc/farm/diy/60.swf","module/nc/farm/diy/60.jpg","module/nc/farm/diy/60b.jpg","","3","complete-swf","","extract-swf","default","module/nc/farm/diy/60.swf","mapped-not-extracted"
"253","董衣草之恋背景","董衣草之恋套装","1","background","0","25268","55","44","165","2592000","module/nc/farm/diy/253.swf","module/nc/farm/diy/253.jpg","module/nc/farm/diy/253b.jpg","","3","complete-swf","","extract-swf","default","module/nc/farm/diy/253.swf","mapped-not-extracted"
"254","董衣草之恋大屋","董衣草之恋套装","2","house","0","16299","38","30","114","2592000","module/nc/farm/diy/254.swf","module/nc/farm/diy/254.jpg","module/nc/farm/diy/254b.jpg","","3","complete-swf","","extract-swf","default","module/nc/farm/diy/254.swf","mapped-not-extracted"
"255","董衣草之恋红栏","董衣草之恋套装","3","fence","0","9108","23","18","69","2592000","module/nc/farm/diy/255.swf","module/nc/farm/diy/255.jpg","module/nc/farm/diy/255b.jpg","","3","complete-swf","","extract-swf","default","module/nc/farm/diy/255.swf","mapped-not-extracted"
"256","董衣草之恋狗窝","董衣草之恋套装","4","doghouse","0","7856","18","15","55","2592000","module/nc/farm/diy/256.swf","module/nc/farm/diy/256.jpg","module/nc/farm/diy/256b.jpg","","3","complete-swf","","extract-swf","default","module/nc/farm/diy/256.swf","mapped-not-extracted"
"205","都市霓虹背景","都市霓虹套装","1","background","0","23088","55","44","120","2592000","module/nc/farm/diy/205.swf","module/nc/farm/diy/205.jpg","module/nc/farm/diy/205b.jpg","","3","complete-swf","","extract-swf","default","module/nc/farm/diy/205.swf","mapped-not-extracted"
"206","玻璃花房","都市霓虹套装","2","house","0","15999","38","30","114","2592000","module/nc/farm/diy/206.swf","module/nc/farm/diy/206.jpg","module/nc/farm/diy/206b.jpg","","3","complete-swf","","extract-swf","default","module/nc/farm/diy/206.swf","mapped-not-extracted"
"207","白金花栏","都市霓虹套装","3","fence","0","9588","23","18","69","2592000","module/nc/farm/diy/207.swf","module/nc/farm/diy/207.jpg","module/nc/farm/diy/207b.jpg","","3","complete-swf","","extract-swf","default","module/nc/farm/diy/207.swf","mapped-not-extracted"
"208","花亭小窝","都市霓虹套装","4","doghouse","0","72128","18","15","55","2592000","module/nc/farm/diy/208.swf","module/nc/farm/diy/208.jpg","module/nc/farm/diy/208b.jpg","","3","complete-swf","","extract-swf","default","module/nc/farm/diy/208.swf","mapped-not-extracted"
"261","公益背景","公益套装","1","background","0","25268","55","44","165","2592000","module/nc/farm/diy/261.swf","module/nc/farm/diy/261.jpg","module/nc/farm/diy/261b.jpg","","3","complete-swf","","extract-swf","default","module/nc/farm/diy/261.swf","mapped-not-extracted"
"262","公益大屋","公益套装","2","house","0","16299","38","30","114","2592000","module/nc/farm/diy/262.swf","module/nc/farm/diy/262.jpg","module/nc/farm/diy/262b.jpg","","3","complete-swf","","extract-swf","default","module/nc/farm/diy/262.swf","mapped-not-extracted"
"263","公益围栏","公益套装","3","fence","0","9108","23","18","69","2592000","module/nc/farm/diy/263.swf","module/nc/farm/diy/263.jpg","module/nc/farm/diy/263b.jpg","","3","complete-swf","","extract-swf","default","module/nc/farm/diy/263.swf","mapped-not-extracted"
"264","公益狗窝","公益套装","4","doghouse","0","7856","18","15","55","2592000","module/nc/farm/diy/264.swf","module/nc/farm/diy/264.jpg","module/nc/farm/diy/264b.jpg","","3","complete-swf","","extract-swf","default","module/nc/farm/diy/264.swf","mapped-not-extracted"
"76","光影狗窝","光影狗窝","4","doghouse","0","8599","19","15","66","2592000","module/nc/farm/diy/76.swf","module/nc/farm/diy/76.jpg","module/nc/farm/diy/76b.jpg","","3","complete-swf","","extract-swf","deferred-validation","module/nc/farm/diy/76.swf","mapped-not-extracted"
"11","春日风车背景","荷兰葵花系列","1","background","0","14499","50","40","288","2592000","module/nc/farm/diy/11.swf","module/nc/farm/diy/11.jpg","module/nc/farm/diy/11b.jpg","module/nc/farm/diy/11f.jpg","4","complete-swf","","extract-swf","default","module/nc/farm/diy/11.swf","mapped-not-extracted"
"12","绿顶小木屋","荷兰葵花系列","2","house","0","9999","40","32","200","2592000","module/nc/farm/diy/12.swf","module/nc/farm/diy/12.jpg","module/nc/farm/diy/12b.jpg","","3","complete-swf","","extract-swf","default","module/nc/farm/diy/12.swf","mapped-not-extracted"
"13","爱心木栅栏","荷兰葵花系列","3","fence","0","5999","25","20","120","2592000","module/nc/farm/diy/13.swf","module/nc/farm/diy/13.jpg","module/nc/farm/diy/13b.jpg","","3","complete-swf","","extract-swf","default","module/nc/farm/diy/13.swf","mapped-not-extracted"
"14","木制小狗窝","荷兰葵花系列","4","doghouse","0","4999","20","16","96","2592000","module/nc/farm/diy/14.swf","module/nc/farm/diy/14.jpg","module/nc/farm/diy/14b.jpg","","3","complete-swf","","extract-swf","deferred-validation","module/nc/farm/diy/14.swf","mapped-not-extracted"
"249","虎年新春背景","虎年新春","1","background","0","25268","55","44","165","2592000","module/nc/farm/diy/249.swf","module/nc/farm/diy/249.jpg","module/nc/farm/diy/249b.jpg","","3","complete-swf","","extract-swf","default","module/nc/farm/diy/249.swf","mapped-not-extracted"
"250","虎年大屋","虎年新春","2","house","0","16299","38","30","114","2592000","module/nc/farm/diy/250.swf","module/nc/farm/diy/250.jpg","module/nc/farm/diy/250b.jpg","","3","complete-swf","","extract-swf","default","module/nc/farm/diy/250.swf","mapped-not-extracted"
"251","新年红栏","虎年新春","3","fence","0","9108","23","18","69","2592000","module/nc/farm/diy/251.swf","module/nc/farm/diy/251.jpg","module/nc/farm/diy/251b.jpg","","3","complete-swf","","extract-swf","default","module/nc/farm/diy/251.swf","mapped-not-extracted"
"252","新春狗窝","虎年新春","4","doghouse","0","7856","18","15","55","2592000","module/nc/farm/diy/252.swf","module/nc/farm/diy/252.jpg","module/nc/farm/diy/252b.jpg","","3","complete-swf","","extract-swf","default","module/nc/farm/diy/252.swf","mapped-not-extracted"
"77","操场背景","回归学校套装","1","background","0","23088","55","44","165","2592000","module/nc/farm/diy/77.swf","module/nc/farm/diy/77.jpg","module/nc/farm/diy/77b.jpg","","3","complete-swf","","extract-swf","default","module/nc/farm/diy/77.swf","mapped-not-extracted"
"78","教学大楼","回归学校套装","2","house","0","15999","38","30","114","2592000","module/nc/farm/diy/78.swf","module/nc/farm/diy/78.jpg","module/nc/farm/diy/78b.jpg","","3","complete-swf","","extract-swf","default","module/nc/farm/diy/78.swf","mapped-not-extracted"
"79","树木栅栏","回归学校套装","3","fence","0","9588","23","18","69","2592000","module/nc/farm/diy/79.swf","module/nc/farm/diy/79.jpg","module/nc/farm/diy/79b.jpg","","3","complete-swf","","extract-swf","default","module/nc/farm/diy/79.swf","mapped-not-extracted"
"80","平顶狗窝","回归学校套装","4","doghouse","0","7688","18","15","55","2592000","module/nc/farm/diy/80.swf","module/nc/farm/diy/80.jpg","module/nc/farm/diy/80b.jpg","","3","complete-swf","","extract-swf","default","module/nc/farm/diy/80.swf","mapped-not-extracted"
"404","简单世界","简单世界","1","background","0","14499","50","40","288","2592000","module/nc/farm/diy/404.swf","module/nc/farm/diy/404.jpg","module/nc/farm/diy/404b.jpg","","3","complete-swf","","extract-swf","default","module/nc/farm/diy/404.swf","mapped-not-extracted"
"405","简单小屋","简单世界","2","house","0","10099","40","32","200","2592000","module/nc/farm/diy/405.swf","module/nc/farm/diy/405.jpg","module/nc/farm/diy/405b.jpg","","3","complete-swf","","extract-swf","default","module/nc/farm/diy/405.swf","mapped-not-extracted"
"406","简单围墙","简单世界","3","fence","0","5989","25","20","120","2592000","module/nc/farm/diy/406.swf","module/nc/farm/diy/406.jpg","module/nc/farm/diy/406b.jpg","","3","complete-swf","","extract-swf","default","module/nc/farm/diy/406.swf","mapped-not-extracted"
"407","简单狗窝","简单世界","4","doghouse","0","5899","20","16","96","2592000","module/nc/farm/diy/407.swf","module/nc/farm/diy/407.jpg","module/nc/farm/diy/407b.jpg","","3","complete-swf","","extract-swf","default","module/nc/farm/diy/407.swf","mapped-not-extracted"
"74","精灵小屋","精灵小屋","2","house","0","17999","40","32","138","2592000","module/nc/farm/diy/74.swf","module/nc/farm/diy/74.jpg","module/nc/farm/diy/74b.jpg","","3","complete-swf","","extract-swf","default","module/nc/farm/diy/74.swf","mapped-not-extracted"
"89","鹊桥相间背景","浪漫七夕套装","1","background","0","23000","55","44","165","2592000","module/nc/farm/diy/89.swf","module/nc/farm/diy/89.jpg","module/nc/farm/diy/89b.jpg","","3","complete-swf","","extract-swf","deferred-validation","module/nc/farm/diy/89.swf","mapped-not-extracted"
"90","望月楼","浪漫七夕套装","2","house","0","16825","38","30","114","2592000","module/nc/farm/diy/90.swf","module/nc/farm/diy/90.jpg","module/nc/farm/diy/90b.jpg","","3","complete-swf","","extract-swf","default","module/nc/farm/diy/90.swf","mapped-not-extracted"
"91","矮围墙","浪漫七夕套装","3","fence","0","9568","23","18","69","2592000","module/nc/farm/diy/91.swf","module/nc/farm/diy/91.jpg","module/nc/farm/diy/91b.jpg","","3","complete-swf","","extract-swf","default","module/nc/farm/diy/91.swf","mapped-not-extracted"
"92","狗亭","浪漫七夕套装","4","doghouse","0","7806","18","15","55","2592000","module/nc/farm/diy/92.swf","module/nc/farm/diy/92.jpg","module/nc/farm/diy/92b.jpg","","3","complete-swf","","extract-swf","default","module/nc/farm/diy/92.swf","mapped-not-extracted"
"97","狮子座背景","梦幻星空套装","1","background","0","24086","55","44","165","2592000","module/nc/farm/diy/97.swf","module/nc/farm/diy/97.jpg","module/nc/farm/diy/97b.jpg","","3","complete-swf","","extract-swf","default","module/nc/farm/diy/97.swf","mapped-not-extracted"
"98","豪华城堡","梦幻星空套装","2","house","0","16825","38","30","114","2592000","module/nc/farm/diy/98.swf","module/nc/farm/diy/98.jpg","module/nc/farm/diy/98b.jpg","","3","complete-swf","","extract-swf","default","module/nc/farm/diy/98.swf","mapped-not-extracted"
"99","铁栅栏","梦幻星空套装","3","fence","0","8564","23","18","69","2592000","module/nc/farm/diy/99.swf","module/nc/farm/diy/99.jpg","module/nc/farm/diy/99b.jpg","","3","complete-swf","","extract-swf","default","module/nc/farm/diy/99.swf","mapped-not-extracted"
"100","看门狗窝","梦幻星空套装","4","doghouse","0","7587","18","15","55","2592000","module/nc/farm/diy/100.swf","module/nc/farm/diy/100.jpg","module/nc/farm/diy/100b.jpg","","3","complete-swf","","extract-swf","default","module/nc/farm/diy/100.swf","mapped-not-extracted"
"45","魔幻乐园背景","魔幻乐园套装","1","background","0","42199","144","115","720","2592000","module/nc/farm/diy/45.swf","module/nc/farm/diy/45.jpg","module/nc/farm/diy/45b.jpg","","3","complete-swf","","extract-swf","default","module/nc/farm/diy/45.swf","mapped-not-extracted"
"46","蘑菇小屋","魔幻乐园套装","2","house","0","29888","100","80","500","2592000","module/nc/farm/diy/46.swf","module/nc/farm/diy/46.jpg","module/nc/farm/diy/46b.jpg","","3","complete-swf","","extract-swf","default","module/nc/farm/diy/46.swf","mapped-not-extracted"
"47","迷幻栅栏","魔幻乐园套装","3","fence","0","18088","60","48","300","2592000","module/nc/farm/diy/47.swf","module/nc/farm/diy/47.jpg","module/nc/farm/diy/47b.jpg","","3","complete-swf","","extract-swf","default","module/nc/farm/diy/47.swf","mapped-not-extracted"
"48","迷你狗窝","魔幻乐园套装","4","doghouse","0","14399","48","38","240","2592000","module/nc/farm/diy/48.swf","module/nc/farm/diy/48.jpg","module/nc/farm/diy/48b.jpg","","3","complete-swf","","extract-swf","default","module/nc/farm/diy/48.swf","mapped-not-extracted"
"269","绿色背景","农场绿色装扮","1","background","0","25268","55","44","165","2592000","module/nc/farm/diy/269.swf","module/nc/farm/diy/269.jpg","module/nc/farm/diy/269b.jpg","","3","complete-swf","","extract-swf","default","module/nc/farm/diy/269.swf","mapped-not-extracted"
"270","绿色大屋","农场绿色装扮","2","house","0","16299","38","30","114","2592000","module/nc/farm/diy/270.swf","module/nc/farm/diy/270.jpg","module/nc/farm/diy/270b.jpg","","3","complete-swf","","extract-swf","default","module/nc/farm/diy/270.swf","mapped-not-extracted"
"271","绿色围栏","农场绿色装扮","3","fence","0","9108","23","18","69","2592000","module/nc/farm/diy/271.swf","module/nc/farm/diy/271.jpg","module/nc/farm/diy/271b.jpg","","3","complete-swf","","extract-swf","default","module/nc/farm/diy/271.swf","mapped-not-extracted"
"272","绿色狗窝","农场绿色装扮","4","doghouse","0","7856","18","15","55","2592000","module/nc/farm/diy/272.swf","module/nc/farm/diy/272.jpg","module/nc/farm/diy/272b.jpg","","3","complete-swf","","extract-swf","default","module/nc/farm/diy/272.swf","mapped-not-extracted"
"233","浓情绿野背景","浓情绿野套装","1","background","0","1","0","0","0","16070400","module/nc/farm/diy/233.swf","module/nc/farm/diy/233.jpg","module/nc/farm/diy/233b.jpg","","3","complete-swf","","extract-swf","default","module/nc/farm/diy/233.swf","mapped-not-extracted"
"234","尚品小屋","浓情绿野套装","2","house","0","1","0","0","0","16070400","module/nc/farm/diy/234.swf","module/nc/farm/diy/234.jpg","module/nc/farm/diy/234b.jpg","","3","complete-swf","","extract-swf","default","module/nc/farm/diy/234.swf","mapped-not-extracted"
"235","云白排桩","浓情绿野套装","3","fence","0","1","0","0","0","16070400","module/nc/farm/diy/235.swf","module/nc/farm/diy/235.jpg","module/nc/farm/diy/235b.jpg","","3","complete-swf","","extract-swf","default","module/nc/farm/diy/235.swf","mapped-not-extracted"
"236","名雅小窝","浓情绿野套装","4","doghouse","0","1","0","0","0","16070400","module/nc/farm/diy/236.swf","module/nc/farm/diy/236.jpg","module/nc/farm/diy/236b.jpg","","3","complete-swf","","extract-swf","default","module/nc/farm/diy/236.swf","mapped-not-extracted"
"49","欧洲田园风光","欧洲田园风光","1","background","0","50199","144","115","480","2592000","module/nc/farm/diy/49.swf","module/nc/farm/diy/49.jpg","module/nc/farm/diy/49b.jpg","","3","complete-swf","","extract-swf","default","module/nc/farm/diy/49.swf","mapped-not-extracted"
"50","欧式简装别墅","欧洲田园风光","2","house","0","30888","100","80","420","2592000","module/nc/farm/diy/50.swf","module/nc/farm/diy/50.jpg","module/nc/farm/diy/50b.jpg","","3","complete-swf","","extract-swf","default","module/nc/farm/diy/50.swf","mapped-not-extracted"
"51","欧式栅栏","欧洲田园风光","3","fence","0","20088","60","48","320","2592000","module/nc/farm/diy/51.swf","module/nc/farm/diy/51.jpg","module/nc/farm/diy/51b.jpg","","3","complete-swf","","extract-swf","default","module/nc/farm/diy/51.swf","mapped-not-extracted"
"52","欧洲风情小狗窝","欧洲田园风光","4","doghouse","0","20399","48","38","250","2592000","module/nc/farm/diy/52.swf","module/nc/farm/diy/52.jpg","module/nc/farm/diy/52b.jpg","","3","complete-swf","","extract-swf","default","module/nc/farm/diy/52.swf","mapped-not-extracted"
"41","浓情原野","青春草原套装","1","background","0","17280","65","52","346","2592000","module/nc/farm/diy/41.swf","module/nc/farm/diy/41.jpg","module/nc/farm/diy/41b.jpg","","3","complete-swf","","extract-swf","default","module/nc/farm/diy/41.swf","mapped-not-extracted"
"42","温情蒙古包","青春草原套装","2","house","0","12000","45","36","240","2592000","module/nc/farm/diy/42.swf","module/nc/farm/diy/42.jpg","module/nc/farm/diy/42b.jpg","","3","complete-swf","","extract-swf","default","module/nc/farm/diy/42.swf","mapped-not-extracted"
"43","怡情围毡","青春草原套装","3","fence","0","7200","28","22","144","2592000","module/nc/farm/diy/43.swf","module/nc/farm/diy/43.jpg","module/nc/farm/diy/43b.jpg","","3","complete-swf","","extract-swf","default","module/nc/farm/diy/43.swf","mapped-not-extracted"
"44","风情獒窝","青春草原套装","4","doghouse","0","5760","22","17","115","2592000","module/nc/farm/diy/44.swf","module/nc/farm/diy/44.jpg","module/nc/farm/diy/44b.jpg","","3","complete-swf","","extract-swf","default","module/nc/farm/diy/44.swf","mapped-not-extracted"
"229","蓝色海洋","去海边吧套装","1","background","0","25268","55","44","165","2592000","module/nc/farm/diy/229.swf","module/nc/farm/diy/229.jpg","module/nc/farm/diy/229b.jpg","","3","complete-swf","","extract-swf","default","module/nc/farm/diy/229.swf","mapped-not-extracted"
"230","红瓦小屋","去海边吧套装","2","house","0","16299","38","30","114","2592000","module/nc/farm/diy/230.swf","module/nc/farm/diy/230.jpg","module/nc/farm/diy/230b.jpg","","3","complete-swf","","extract-swf","default","module/nc/farm/diy/230.swf","mapped-not-extracted"
"231","木桩阑珊","去海边吧套装","3","fence","0","9108","23","18","69","2592000","module/nc/farm/diy/231.swf","module/nc/farm/diy/231.jpg","module/nc/farm/diy/231b.jpg","","3","complete-swf","","extract-swf","default","module/nc/farm/diy/231.swf","mapped-not-extracted"
"232","红瓦狗窝","去海边吧套装","4","doghouse","0","7856","18","15","55","2592000","module/nc/farm/diy/232.swf","module/nc/farm/diy/232.jpg","module/nc/farm/diy/232b.jpg","","3","complete-swf","","extract-swf","default","module/nc/farm/diy/232.swf","mapped-not-extracted"
"65","水果熟啦背景","入秋套装","1","background","0","23088","55","44","165","2592000","module/nc/farm/diy/65.swf","module/nc/farm/diy/65.jpg","module/nc/farm/diy/65b.jpg","","3","complete-swf","","extract-swf","default","module/nc/farm/diy/65.swf","mapped-not-extracted"
"66","动漫小屋","入秋套装","2","house","0","15999","38","30","114","2592000","module/nc/farm/diy/66.swf","module/nc/farm/diy/66.jpg","module/nc/farm/diy/66b.jpg","","3","complete-swf","","extract-swf","deferred-validation","module/nc/farm/diy/66.swf","mapped-not-extracted"
"67","铅笔栅栏","入秋套装","3","fence","0","9588","23","18","69","2592000","module/nc/farm/diy/67.swf","module/nc/farm/diy/67.jpg","module/nc/farm/diy/67b.jpg","","3","complete-swf","","extract-swf","default","module/nc/farm/diy/67.swf","mapped-not-extracted"
"68","可爱狗窝","入秋套装","4","doghouse","0","7688","18","15","55","2592000","module/nc/farm/diy/68.swf","module/nc/farm/diy/68.jpg","module/nc/farm/diy/68b.jpg","","3","complete-swf","","extract-swf","default","module/nc/farm/diy/68.swf","mapped-not-extracted"
"265","三亚背景","三亚套装","1","background","0","25268","55","44","165","2592000","module/nc/farm/diy/265.swf","module/nc/farm/diy/265.jpg","module/nc/farm/diy/265b.jpg","","3","complete-swf","","extract-swf","default","module/nc/farm/diy/265.swf","mapped-not-extracted"
"266","三亚大屋","三亚套装","2","house","0","16299","38","30","114","2592000","module/nc/farm/diy/266.swf","module/nc/farm/diy/266.jpg","module/nc/farm/diy/266b.jpg","","3","complete-swf","","extract-swf","default","module/nc/farm/diy/266.swf","mapped-not-extracted"
"267","三亚围栏","三亚套装","3","fence","0","9108","23","18","69","2592000","module/nc/farm/diy/267.swf","module/nc/farm/diy/267.jpg","module/nc/farm/diy/267b.jpg","","3","complete-swf","","extract-swf","default","module/nc/farm/diy/267.swf","mapped-not-extracted"
"268","三亚狗窝","三亚套装","4","doghouse","0","7856","18","15","55","2592000","module/nc/farm/diy/268.swf","module/nc/farm/diy/268.jpg","module/nc/farm/diy/268b.jpg","","3","complete-swf","","extract-swf","default","module/nc/farm/diy/268.swf","mapped-not-extracted"
"201","沙漠背景","沙漠套装","1","background","0","23088","55","44","165","2592000","module/nc/farm/diy/201.swf","module/nc/farm/diy/201.jpg","module/nc/farm/diy/201b.jpg","","3","complete-swf","","extract-swf","default","module/nc/farm/diy/201.swf","mapped-not-extracted"
"202","沙漠小屋","沙漠套装","2","house","0","15999","38","30","114","2592000","module/nc/farm/diy/202.swf","module/nc/farm/diy/202.jpg","module/nc/farm/diy/202b.jpg","","3","complete-swf","","extract-swf","default","module/nc/farm/diy/202.swf","mapped-not-extracted"
"203","沙漠栅栏","沙漠套装","3","fence","0","9588","23","18","69","2592000","module/nc/farm/diy/203.swf","module/nc/farm/diy/203.jpg","module/nc/farm/diy/203b.jpg","","3","complete-swf","","extract-swf","default","module/nc/farm/diy/203.swf","mapped-not-extracted"
"204","沙漠狗窝","沙漠套装","4","doghouse","0","7688","18","15","55","2592000","module/nc/farm/diy/204.swf","module/nc/farm/diy/204.jpg","module/nc/farm/diy/204b.jpg","","3","complete-swf","","extract-swf","default","module/nc/farm/diy/204.swf","mapped-not-extracted"
"238","圣诞小屋","圣诞节套装","2","house","0","1","0","0","0","16070400","module/nc/farm/diy/238.swf","module/nc/farm/diy/238.jpg","module/nc/farm/diy/238b.jpg","","3","complete-swf","","extract-swf","default","module/nc/farm/diy/238.swf","mapped-not-extracted"
"239","圣诞红栏","圣诞节套装","3","fence","0","1","0","0","0","16070400","module/nc/farm/diy/239.swf","module/nc/farm/diy/239.jpg","module/nc/farm/diy/239b.jpg","","3","complete-swf","","extract-swf","default","module/nc/farm/diy/239.swf","mapped-not-extracted"
"240","圣诞小窝","圣诞节套装","4","doghouse","0","1","0","0","0","16070400","module/nc/farm/diy/240.swf","module/nc/farm/diy/240.jpg","module/nc/farm/diy/240b.jpg","","3","complete-swf","","extract-swf","default","module/nc/farm/diy/240.swf","mapped-not-extracted"
"237","圣诞背景","圣诞节题套装","1","background","0","1","0","0","0","16070400","module/nc/farm/diy/237.swf","module/nc/farm/diy/237.jpg","module/nc/farm/diy/237b.jpg","","3","complete-swf","","extract-swf","default","module/nc/farm/diy/237.swf","mapped-not-extracted"
"16","圣诞快乐","圣诞快乐","1","background","0","14499","50","40","288","2592000","module/nc/farm/diy/16.swf","module/nc/farm/diy/16.jpg","module/nc/farm/diy/16b.jpg","","3","complete-swf","","extract-swf","default","module/nc/farm/diy/16.swf","mapped-not-extracted"
"17","圣诞雪屋","圣诞快乐","2","house","0","10099","40","32","200","2592000","module/nc/farm/diy/17.swf","module/nc/farm/diy/17.jpg","module/nc/farm/diy/17b.jpg","","3","complete-swf","","extract-swf","default","module/nc/farm/diy/17.swf","mapped-not-extracted"
"18","小院围墙","圣诞快乐","3","fence","0","5989","25","20","120","2592000","module/nc/farm/diy/18.swf","module/nc/farm/diy/18.jpg","module/nc/farm/diy/18b.jpg","","3","complete-swf","","extract-swf","default","module/nc/farm/diy/18.swf","mapped-not-extracted"
"19","圣诞狗窝","圣诞快乐","4","doghouse","0","5899","20","16","96","2592000","module/nc/farm/diy/19.swf","module/nc/farm/diy/19.jpg","module/nc/farm/diy/19b.jpg","","3","complete-swf","","extract-swf","default","module/nc/farm/diy/19.swf","mapped-not-extracted"
"245","世博家园背景","世博主题套装","1","background","0","1","0","0","0","16070400","module/nc/farm/diy/245.swf","module/nc/farm/diy/245.jpg","module/nc/farm/diy/245b.jpg","","3","complete-swf","","extract-swf","default","module/nc/farm/diy/245.swf","mapped-not-extracted"
"246","中国馆小屋","世博主题套装","2","house","0","1","0","0","0","16070400","module/nc/farm/diy/246.swf","module/nc/farm/diy/246.jpg","module/nc/farm/diy/246b.jpg","","3","complete-swf","","extract-swf","default","module/nc/farm/diy/246.swf","mapped-not-extracted"
"247","绿草红栏","世博主题套装","3","fence","0","1","0","0","0","16070400","module/nc/farm/diy/247.swf","module/nc/farm/diy/247.jpg","module/nc/farm/diy/247b.jpg","","3","complete-swf","","extract-swf","default","module/nc/farm/diy/247.swf","mapped-not-extracted"
"248","红乐小窝","世博主题套装","4","doghouse","0","1","0","0","0","16070400","module/nc/farm/diy/248.swf","module/nc/farm/diy/248.jpg","module/nc/farm/diy/248b.jpg","","3","complete-swf","","extract-swf","default","module/nc/farm/diy/248.swf","mapped-not-extracted"
"69","荷塘夜色背景","水墨荷塘套装","1","background","0","23088","55","44","165","2592000","module/nc/farm/diy/69.swf","module/nc/farm/diy/69.jpg","module/nc/farm/diy/69b.jpg","","3","complete-swf","","extract-swf","default","module/nc/farm/diy/69.swf","mapped-not-extracted"
"70","两楼小屋","水墨荷塘套装","2","house","0","15999","38","30","114","2592000","module/nc/farm/diy/70.swf","module/nc/farm/diy/70.jpg","module/nc/farm/diy/70b.jpg","","3","complete-swf","","extract-swf","default","module/nc/farm/diy/70.swf","mapped-not-extracted"
"71","石柱栅栏","水墨荷塘套装","3","fence","0","9588","23","18","69","2592000","module/nc/farm/diy/71.swf","module/nc/farm/diy/71.jpg","module/nc/farm/diy/71b.jpg","","3","complete-swf","","extract-swf","default","module/nc/farm/diy/71.swf","mapped-not-extracted"
"72","复古狗窝","水墨荷塘套装","4","doghouse","0","7688","18","15","55","2592000","module/nc/farm/diy/72.swf","module/nc/farm/diy/72.jpg","module/nc/farm/diy/72b.jpg","","3","complete-swf","","extract-swf","default","module/nc/farm/diy/72.swf","mapped-not-extracted"
"408","桃花源记","桃花源记","1","background","0","14499","50","40","288","2592000","module/nc/farm/diy/408.swf","module/nc/farm/diy/408.jpg","module/nc/farm/diy/408b.jpg","","3","complete-swf","","extract-swf","default","module/nc/farm/diy/408.swf","mapped-not-extracted"
"409","桃花小屋","桃花源记","2","house","0","10099","40","32","200","2592000","module/nc/farm/diy/409.swf","module/nc/farm/diy/409.jpg","module/nc/farm/diy/409b.jpg","","3","complete-swf","","extract-swf","deferred-validation","module/nc/farm/diy/409.swf","mapped-not-extracted"
"410","桃花围墙","桃花源记","3","fence","0","5989","25","20","120","2592000","module/nc/farm/diy/410.swf","module/nc/farm/diy/410.jpg","module/nc/farm/diy/410b.jpg","","3","complete-swf","","extract-swf","default","module/nc/farm/diy/410.swf","mapped-not-extracted"
"411","桃花狗窝","桃花源记","4","doghouse","0","5899","20","16","96","2592000","module/nc/farm/diy/411.swf","module/nc/farm/diy/411.jpg","module/nc/farm/diy/411b.jpg","","3","complete-swf","","extract-swf","default","module/nc/farm/diy/411.swf","mapped-not-extracted"
"412","星际地面","天外来客","1","background","0","14499","50","40","288","2592000","module/nc/farm/diy/412.swf","module/nc/farm/diy/412.jpg","module/nc/farm/diy/412b.jpg","","3","complete-swf","","extract-swf","default","module/nc/farm/diy/412.swf","mapped-not-extracted"
"413","天外来客","天外来客","2","house","0","10099","40","32","200","2592000","module/nc/farm/diy/413.swf","module/nc/farm/diy/413.jpg","module/nc/farm/diy/413b.jpg","","3","complete-swf","","extract-swf","default","module/nc/farm/diy/413.swf","mapped-not-extracted"
"414","外星栅栏","天外来客","3","fence","0","5989","25","20","120","2592000","module/nc/farm/diy/414.swf","module/nc/farm/diy/414.jpg","module/nc/farm/diy/414b.jpg","","3","complete-swf","","extract-swf","default","module/nc/farm/diy/414.swf","mapped-not-extracted"
"415","蛋壳狗窝","天外来客","4","doghouse","0","5899","20","16","96","2592000","module/nc/farm/diy/415.swf","module/nc/farm/diy/415.jpg","module/nc/farm/diy/415b.jpg","","3","complete-swf","","extract-swf","default","module/nc/farm/diy/415.swf","mapped-not-extracted"
"85","甜心广场背景","甜心农场套装","1","background","0","23088","55","44","165","2592000","module/nc/farm/diy/85.swf","module/nc/farm/diy/85.jpg","module/nc/farm/diy/85b.jpg","","3","complete-swf","","extract-swf","default","module/nc/farm/diy/85.swf","mapped-not-extracted"
"86","糖果小屋","甜心农场套装","2","house","0","15999","38","30","114","2592000","module/nc/farm/diy/86.swf","module/nc/farm/diy/86.jpg","module/nc/farm/diy/86b.jpg","","3","complete-swf","","extract-swf","default","module/nc/farm/diy/86.swf","mapped-not-extracted"
"87","棒棒糖栅栏","甜心农场套装","3","fence","0","9588","23","18","69","2592000","module/nc/farm/diy/87.swf","module/nc/farm/diy/87.jpg","module/nc/farm/diy/87b.jpg","","3","complete-swf","","extract-swf","default","module/nc/farm/diy/87.swf","mapped-not-extracted"
"88","甜点狗窝","甜心农场套装","4","doghouse","0","7688","18","15","55","2592000","module/nc/farm/diy/88.swf","module/nc/farm/diy/88.jpg","module/nc/farm/diy/88b.jpg","","3","complete-swf","","extract-swf","default","module/nc/farm/diy/88.swf","mapped-not-extracted"
"31","夏日海滩","夏日海滩","1","background","0","16499","35","25","188","2592000","","module/nc/farm/diy/31.jpg","module/nc/farm/diy/31b.jpg","module/nc/farm/diy/31f.jpg","3","full-image-fallback","","use-full-image","default","module/nc/farm/diy/31f.jpg","mapped-not-extracted"
"32","海滩别墅","夏日海滩","2","house","0","13599","30","28","140","2592000","module/nc/farm/diy/32.swf","module/nc/farm/diy/32.jpg","module/nc/farm/diy/32b.jpg","","3","complete-swf","","extract-swf","default","module/nc/farm/diy/32.swf","mapped-not-extracted"
"33","海滩栅栏","夏日海滩","3","fence","0","12089","15","10","60","2592000","module/nc/farm/diy/33.swf","module/nc/farm/diy/33.jpg","module/nc/farm/diy/33b.jpg","","3","complete-swf","","extract-swf","default","module/nc/farm/diy/33.swf","mapped-not-extracted"
"34","海滩狗窝","夏日海滩","4","doghouse","0","11099","15","10","40","2592000","module/nc/farm/diy/34.swf","module/nc/farm/diy/34.jpg","module/nc/farm/diy/34b.jpg","","3","complete-swf","","extract-swf","default","module/nc/farm/diy/34.swf","mapped-not-extracted"
"61","仙踪林背景","仙踪林套装","1","background","0","23088","55","44","165","2592000","module/nc/farm/diy/61.swf","module/nc/farm/diy/61.jpg","module/nc/farm/diy/61b.jpg","","3","complete-swf","","extract-swf","default","module/nc/farm/diy/61.swf","mapped-not-extracted"
"62","豪华别墅","仙踪林套装","2","house","0","15999","38","30","114","2592000","module/nc/farm/diy/62.swf","module/nc/farm/diy/62.jpg","module/nc/farm/diy/62b.jpg","","3","complete-swf","","extract-swf","default","module/nc/farm/diy/62.swf","mapped-not-extracted"
"63","木制栅栏","仙踪林套装","3","fence","0","9588","23","18","69","2592000","module/nc/farm/diy/63.swf","module/nc/farm/diy/63.jpg","module/nc/farm/diy/63b.jpg","","3","complete-swf","","extract-swf","default","module/nc/farm/diy/63.swf","mapped-not-extracted"
"64","豪华狗窝","仙踪林套装","4","doghouse","0","7688","18","15","55","2592000","module/nc/farm/diy/64.swf","module/nc/farm/diy/64.jpg","module/nc/farm/diy/64b.jpg","","3","complete-swf","","extract-swf","default","module/nc/farm/diy/64.swf","mapped-not-extracted"
"93","厮守终生背景","相爱永远套装","1","background","0","23000","55","44","165","2592000","module/nc/farm/diy/93.swf","module/nc/farm/diy/93.jpg","module/nc/farm/diy/93b.jpg","","3","complete-swf","","extract-swf","deferred-validation","module/nc/farm/diy/93.swf","mapped-not-extracted"
"94","浪漫满屋","相爱永远套装","2","house","0","17499","38","30","114","2592000","module/nc/farm/diy/94.swf","module/nc/farm/diy/94.jpg","module/nc/farm/diy/94b.jpg","","3","complete-swf","","extract-swf","default","module/nc/farm/diy/94.swf","mapped-not-extracted"
"95","浪漫栅栏","相爱永远套装","3","fence","0","9256","23","18","69","2592000","module/nc/farm/diy/95.swf","module/nc/farm/diy/95.jpg","module/nc/farm/diy/95b.jpg","","3","complete-swf","source-files-reused-by-402","extract-swf","default","module/nc/farm/diy/95.swf","mapped-not-extracted"
"96","粉色狗窝","相爱永远套装","4","doghouse","0","6888","18","15","55","2592000","module/nc/farm/diy/96.swf","module/nc/farm/diy/96.jpg","module/nc/farm/diy/96b.jpg","","3","complete-swf","","extract-swf","default","module/nc/farm/diy/96.swf","mapped-not-extracted"
"225","乡间小路","小镇风情套装","1","background","0","24503","55","44","165","2592000","module/nc/farm/diy/225.swf","module/nc/farm/diy/225.jpg","module/nc/farm/diy/225b.jpg","","3","complete-swf","","extract-swf","default","module/nc/farm/diy/225.swf","mapped-not-extracted"
"226","烟囱小屋","小镇风情套装","2","house","0","16879","38","30","114","2592000","module/nc/farm/diy/226.swf","module/nc/farm/diy/226.jpg","module/nc/farm/diy/226b.jpg","","3","complete-swf","","extract-swf","default","module/nc/farm/diy/226.swf","mapped-not-extracted"
"227","休闲躺椅","小镇风情套装","3","fence","0","9452","23","18","69","2592000","module/nc/farm/diy/227.swf","module/nc/farm/diy/227.jpg","module/nc/farm/diy/227b.jpg","","3","complete-swf","","extract-swf","default","module/nc/farm/diy/227.swf","mapped-not-extracted"
"228","黑瓦狗窝","小镇风情套装","4","doghouse","0","7538","18","15","55","2592000","module/nc/farm/diy/228.swf","module/nc/farm/diy/228.jpg","module/nc/farm/diy/228b.jpg","","3","complete-swf","","extract-swf","default","module/nc/farm/diy/228.swf","mapped-not-extracted"
"209","入学啦背景","校友套装","1","background","0","23088","55","44","120","2592000","module/nc/farm/diy/209.swf","module/nc/farm/diy/209.jpg","module/nc/farm/diy/209b.jpg","","3","complete-swf","","extract-swf","default","module/nc/farm/diy/209.swf","mapped-not-extracted"
"210","校友教学楼","校友套装","2","house","0","15999","38","30","114","2592000","module/nc/farm/diy/210.swf","module/nc/farm/diy/210.jpg","module/nc/farm/diy/210b.jpg","","3","complete-swf","","extract-swf","default","module/nc/farm/diy/210.swf","mapped-not-extracted"
"211","红旗飘飘","校友套装","3","fence","0","9588","23","18","69","2592000","module/nc/farm/diy/211.swf","module/nc/farm/diy/211.jpg","module/nc/farm/diy/211b.jpg","","3","complete-swf","","extract-swf","default","module/nc/farm/diy/211.swf","mapped-not-extracted"
"212","门卫室","校友套装","4","doghouse","0","72128","18","15","55","2592000","module/nc/farm/diy/212.swf","module/nc/farm/diy/212.jpg","module/nc/farm/diy/212b.jpg","","3","complete-swf","","extract-swf","default","module/nc/farm/diy/212.swf","mapped-not-extracted"
"273","心相印背景","心心相印套装","1","background","0","25268","55","44","165","2592000","module/nc/farm/diy/273.swf","module/nc/farm/diy/273.jpg","module/nc/farm/diy/273b.jpg","","3","complete-swf","","extract-swf","default","module/nc/farm/diy/273.swf","mapped-not-extracted"
"274","心相印大屋","心心相印套装","2","house","0","16299","38","30","114","2592000","module/nc/farm/diy/274.swf","module/nc/farm/diy/274.jpg","module/nc/farm/diy/274b.jpg","","3","complete-swf","","extract-swf","default","module/nc/farm/diy/274.swf","mapped-not-extracted"
"275","心相印围栏","心心相印套装","3","fence","0","9108","23","18","69","2592000","module/nc/farm/diy/275.swf","module/nc/farm/diy/275.jpg","module/nc/farm/diy/275b.jpg","","3","complete-swf","","extract-swf","default","module/nc/farm/diy/275.swf","mapped-not-extracted"
"276","心相印狗窝","心心相印套装","4","doghouse","0","7856","18","15","55","2592000","module/nc/farm/diy/276.swf","module/nc/farm/diy/276.jpg","module/nc/farm/diy/276b.jpg","","3","complete-swf","","extract-swf","default","module/nc/farm/diy/276.swf","mapped-not-extracted"
"26","新年快乐","新年快乐","1","background","0","14499","50","40","288","2592000","","module/nc/farm/diy/26.jpg","module/nc/farm/diy/26b.jpg","module/nc/farm/diy/26f.jpg","3","full-image-fallback","","use-full-image","default","module/nc/farm/diy/26f.jpg","mapped-not-extracted"
"400","新年快乐","新年快乐","1","background","0","14499","50","40","288","2592000","module/nc/farm/diy/400.swf","module/nc/farm/diy/400.jpg","module/nc/farm/diy/400b.jpg","","3","complete-swf","","extract-swf","default","module/nc/farm/diy/400.swf","mapped-not-extracted"
"27","新年小屋","新年快乐","2","house","0","10099","40","32","200","2592000","module/nc/farm/diy/27.swf","module/nc/farm/diy/27.jpg","module/nc/farm/diy/27b.jpg","","3","complete-swf","","extract-swf","default","module/nc/farm/diy/27.swf","mapped-not-extracted"
"401","新年小屋","新年快乐","2","house","0","10099","40","32","200","2592000","module/nc/farm/diy/401.swf","module/nc/farm/diy/401.jpg","module/nc/farm/diy/401b.jpg","","3","complete-swf","","extract-swf","default","module/nc/farm/diy/401.swf","mapped-not-extracted"
"28","新年围墙","新年快乐","3","fence","0","5989","25","20","120","2592000","module/nc/farm/diy/28.swf","module/nc/farm/diy/28.jpg","module/nc/farm/diy/28b.jpg","","3","complete-swf","","extract-swf","default","module/nc/farm/diy/28.swf","mapped-not-extracted"
"402","新年围墙","新年快乐","3","fence","0","5989","25","20","120","2592000","module/nc/farm/diy/402.swf","module/nc/farm/diy/402.jpg","module/nc/farm/diy/402b.jpg","","3","complete-swf","conflicts-with-config-name-duplicates-95","blocked-conflicting-source","excluded","","mapped-not-extracted"
"29","新年狗窝","新年快乐","4","doghouse","0","5899","20","16","96","2592000","module/nc/farm/diy/29.swf","module/nc/farm/diy/29.jpg","module/nc/farm/diy/29b.jpg","","3","complete-swf","","extract-swf","default","module/nc/farm/diy/29.swf","mapped-not-extracted"
"403","新年狗窝","新年快乐","4","doghouse","0","5899","20","16","96","2592000","module/nc/farm/diy/403.swf","module/nc/farm/diy/403.jpg","module/nc/farm/diy/403b.jpg","","3","complete-swf","","extract-swf","default","module/nc/farm/diy/403.swf","mapped-not-extracted"
"241","新年快乐背景","新年快乐套装","1","background","0","1","0","0","0","16070400","module/nc/farm/diy/241.swf","module/nc/farm/diy/241.jpg","module/nc/farm/diy/241b.jpg","","3","complete-swf","","extract-swf","default","module/nc/farm/diy/241.swf","mapped-not-extracted"
"242","春雪小屋","新年快乐套装","2","house","0","1","0","0","0","16070400","module/nc/farm/diy/242.swf","module/nc/farm/diy/242.jpg","module/nc/farm/diy/242b.jpg","","3","complete-swf","","extract-swf","default","module/nc/farm/diy/242.swf","mapped-not-extracted"
"243","春雪红栏","新年快乐套装","3","fence","0","1","0","0","0","16070400","module/nc/farm/diy/243.swf","module/nc/farm/diy/243.jpg","module/nc/farm/diy/243b.jpg","","3","complete-swf","","extract-swf","default","module/nc/farm/diy/243.swf","mapped-not-extracted"
"244","春雪小窝","新年快乐套装","4","doghouse","0","1","0","0","0","16070400","module/nc/farm/diy/244.swf","module/nc/farm/diy/244.jpg","module/nc/farm/diy/244b.jpg","","3","complete-swf","","extract-swf","default","module/nc/farm/diy/244.swf","mapped-not-extracted"
"257","熊猫宝贝背景","熊猫宝贝套装","1","background","0","25268","55","44","165","2592000","module/nc/farm/diy/257.swf","module/nc/farm/diy/257.jpg","module/nc/farm/diy/257b.jpg","","3","complete-swf","","extract-swf","default","module/nc/farm/diy/257.swf","mapped-not-extracted"
"258","熊猫宝贝大屋","熊猫宝贝套装","2","house","0","16299","38","30","114","2592000","module/nc/farm/diy/258.swf","module/nc/farm/diy/258.jpg","module/nc/farm/diy/258b.jpg","","3","complete-swf","","extract-swf","default","module/nc/farm/diy/258.swf","mapped-not-extracted"
"259","熊猫宝贝红栏","熊猫宝贝套装","3","fence","0","9108","23","18","69","2592000","module/nc/farm/diy/259.swf","module/nc/farm/diy/259.jpg","module/nc/farm/diy/259b.jpg","","3","complete-swf","","extract-swf","default","module/nc/farm/diy/259.swf","mapped-not-extracted"
"260","熊猫宝贝狗窝","熊猫宝贝套装","4","doghouse","0","7856","18","15","55","2592000","module/nc/farm/diy/260.swf","module/nc/farm/diy/260.jpg","module/nc/farm/diy/260b.jpg","","3","complete-swf","","extract-swf","default","module/nc/farm/diy/260.swf","mapped-not-extracted"
"81","大自然背景","熊猫套装","1","background","0","23088","55","44","165","2592000","module/nc/farm/diy/81.swf","module/nc/farm/diy/81.jpg","module/nc/farm/diy/81b.jpg","","3","complete-swf","","extract-swf","default","module/nc/farm/diy/81.swf","mapped-not-extracted"
"82","树制小屋","熊猫套装","2","house","0","15999","38","30","114","2592000","module/nc/farm/diy/82.swf","module/nc/farm/diy/82.jpg","module/nc/farm/diy/82b.jpg","","3","complete-swf","","extract-swf","default","module/nc/farm/diy/82.swf","mapped-not-extracted"
"83","木制栅栏","熊猫套装","3","fence","0","9588","23","18","69","2592000","module/nc/farm/diy/83.swf","module/nc/farm/diy/83.jpg","module/nc/farm/diy/83b.jpg","","3","complete-swf","","extract-swf","default","module/nc/farm/diy/83.swf","mapped-not-extracted"
"84","树桩狗窝","熊猫套装","4","doghouse","0","7688","18","15","55","2592000","module/nc/farm/diy/84.swf","module/nc/farm/diy/84.jpg","module/nc/farm/diy/84b.jpg","","3","complete-swf","","extract-swf","default","module/nc/farm/diy/84.swf","mapped-not-extracted"
"416","冰天雪地","雪山飞狐","1","background","0","14499","50","40","288","2592000","module/nc/farm/diy/416.swf","module/nc/farm/diy/416.jpg","module/nc/farm/diy/416b.jpg","","3","complete-swf","","extract-swf","default","module/nc/farm/diy/416.swf","mapped-not-extracted"
"417","雪原小屋","雪山飞狐","2","house","0","10099","40","32","200","2592000","module/nc/farm/diy/417.swf","module/nc/farm/diy/417.jpg","module/nc/farm/diy/417b.jpg","","3","complete-swf","","extract-swf","default","module/nc/farm/diy/417.swf","mapped-not-extracted"
"418","木质栅栏","雪山飞狐","3","fence","0","5989","25","20","120","2592000","module/nc/farm/diy/418.swf","module/nc/farm/diy/418.jpg","module/nc/farm/diy/418b.jpg","","3","complete-swf","","extract-swf","default","module/nc/farm/diy/418.swf","mapped-not-extracted"
"419","别墅狗窝","雪山飞狐","4","doghouse","0","5899","20","16","96","2592000","module/nc/farm/diy/419.swf","module/nc/farm/diy/419.jpg","module/nc/farm/diy/419b.jpg","","3","complete-swf","","extract-swf","default","module/nc/farm/diy/419.swf","mapped-not-extracted"
"73","月光狂想背景","月光狂想背景","1","background","0","25888","57","46","199","2592000","module/nc/farm/diy/73.swf","module/nc/farm/diy/73.jpg","module/nc/farm/diy/73b.jpg","","3","complete-swf","","extract-swf","default","module/nc/farm/diy/73.swf","mapped-not-extracted"
"75","月下连桩","月下连桩","3","fence","0","10888","24","19","83","2592000","module/nc/farm/diy/75.swf","module/nc/farm/diy/75.jpg","module/nc/farm/diy/75b.jpg","","3","complete-swf","","extract-swf","default","module/nc/farm/diy/75.swf","mapped-not-extracted"
"277","QQ返利背景","QQ返利套装","1","background","0","1","0","0","0","16070400","module/nc/farm/diy/277.swf","module/nc/farm/diy/277.jpg","module/nc/farm/diy/277b.jpg","","3","complete-swf","","extract-swf","default","module/nc/farm/diy/277.swf","mapped-not-extracted"
"278","QQ返利小屋","QQ返利套装","2","house","0","1","0","0","0","16070400","module/nc/farm/diy/278.swf","module/nc/farm/diy/278.jpg","module/nc/farm/diy/278b.jpg","","3","complete-swf","","extract-swf","default","module/nc/farm/diy/278.swf","mapped-not-extracted"
"279","QQ返利围栏","QQ返利套装","3","fence","0","1","0","0","0","16070400","module/nc/farm/diy/279.swf","module/nc/farm/diy/279.jpg","module/nc/farm/diy/279b.jpg","","3","complete-swf","","extract-swf","default","module/nc/farm/diy/279.swf","mapped-not-extracted"
"280","QQ返利狗窝","QQ返利套装","4","doghouse","0","1","0","0","0","16070400","module/nc/farm/diy/280.swf","module/nc/farm/diy/280.jpg","module/nc/farm/diy/280b.jpg","","3","complete-swf","","extract-swf","default","module/nc/farm/diy/280.swf","mapped-not-extracted"
