"entry_name","source_character_id","source_export_file","source_sha256","runtime_asset","runtime_sha256","width","height","processing_status"
"DefaultBg","2","mc/main/farmui1_v_12.swf.assets/character-2.png","ae6978cc0e9514392983784458bc5a29d8935b7d75b3a5c42edd0f304c0b1586","apps/web/public/assets/manor/classic/pasture/ui/background.png","ae6978cc0e9514392983784458bc5a29d8935b7d75b3a5c42edd0f304c0b1586","1038","805","ready"
"HeadBg","238","mc/main/farmui1_v_12.swf.assets/character-238.png","0e32a7f2dd474066df61b8519ae616e8024725110d56c5ffb2f085de6e74bca5","apps/web/public/assets/manor/classic/pasture/ui/head-bg.png","0e32a7f2dd474066df61b8519ae616e8024725110d56c5ffb2f085de6e74bca5","872","70","ready"
"ToolBarBg","236","mc/main/farmui1_v_12.swf.assets/character-236.png","7143bdd9a456a51531b023c86744f2696f09cf90e2bdfd52b9497841eb3e8816","apps/web/public/assets/manor/classic/pasture/ui/toolbar-bg.png","7143bdd9a456a51531b023c86744f2696f09cf90e2bdfd52b9497841eb3e8816","429","98","ready"
"WindowBg","234","mc/main/farmui1_v_12.swf.assets/character-234.png","217cf2ec1d9a2d84d988ef5e36f4e719b119b5b79a66ed211a41665a0e9d4ee0","apps/web/public/assets/manor/classic/pasture/ui/window-bg.png","217cf2ec1d9a2d84d988ef5e36f4e719b119b5b79a66ed211a41665a0e9d4ee0","202","130","ready"
"ButtonFarm","261","mc/main/farmui1_v_12.swf.assets/character-261.png","cb6ac85fb0164cb7adadbee5bb24d52695ea9bd322b82f30630975a0dcf8fc45","apps/web/public/assets/manor/classic/pasture/ui/nav-farm.png","cb6ac85fb0164cb7adadbee5bb24d52695ea9bd322b82f30630975a0dcf8fc45","51","42","ready"
"ButtonMC","264","mc/main/farmui1_v_12.swf.assets/character-264.png","a5f4c8ba9217f7e9d528addc8cc7fcbb50f2377c911eab3468e30542c5ccee1f","apps/web/public/assets/manor/classic/pasture/ui/nav-pasture.png","a5f4c8ba9217f7e9d528addc8cc7fcbb50f2377c911eab3468e30542c5ccee1f","53","49","ready"
"ButtonWarehouse","267","mc/main/farmui1_v_12.swf.assets/character-267.png","b2f2adb81a5c2c351cb923962cd5ed6ff0b0e97349c3a10a067994d16fccbbe9","apps/web/public/assets/manor/classic/pasture/ui/nav-warehouse.png","b2f2adb81a5c2c351cb923962cd5ed6ff0b0e97349c3a10a067994d16fccbbe9","50","49","ready"
"ButtonShop","270","mc/main/farmui1_v_12.swf.assets/character-270.png","9fa36cb7bd690491919b4eb02fe255e3889ec121f0f688e3c356363bc3255e01","apps/web/public/assets/manor/classic/pasture/ui/nav-shop.png","9fa36cb7bd690491919b4eb02fe255e3889ec121f0f688e3c356363bc3255e01","50","51","ready"
"ButtonDecorate","273","mc/main/farmui1_v_12.swf.assets/character-273.png","bb084928bb2e9a6a1e26a472fa764df53eb32d39c9cc16374351345fdc8c51e1","apps/web/public/assets/manor/classic/pasture/ui/nav-decorate.png","bb084928bb2e9a6a1e26a472fa764df53eb32d39c9cc16374351345fdc8c51e1","57","55","ready"
"Grass","428","mc/main/farmui1_v_12.swf.assets/character-428.png","3711906542f4c55c5755729ef915b81758df027428d7f7bfc534919277aed7f4","apps/web/public/assets/manor/classic/pasture/ui/grass.png","3711906542f4c55c5755729ef915b81758df027428d7f7bfc534919277aed7f4","95","119","ready"
"Mucao","492","mc/main/farmui1_v_12.swf.assets/character-492.png","78d05ee37cbe52f12296caa701ff2f49f74bf6229937edded0490034824aa365","apps/web/public/assets/manor/classic/pasture/ui/trough.png","78d05ee37cbe52f12296caa701ff2f49f74bf6229937edded0490034824aa365","286","106","ready"
"MucaoGoumai","495","mc/main/farmui1_v_12.swf.assets/character-495.png","f7830aea0e32860c14b9858205b63ef2e9cad956bb517e33e132f75e0c63cf4f","apps/web/public/assets/manor/classic/pasture/ui/trough-buy.png","f7830aea0e32860c14b9858205b63ef2e9cad956bb517e33e132f75e0c63cf4f","262","100","ready"
"ButtonHand","231","mc/main/farmui1_v_12.swf.assets/character-231.png","1854b983c3fcd8abe9d0d2b547665807b733f5c5aae9dd2385af3447965af47f","apps/web/public/assets/manor/classic/pasture/ui/tool-hand.png","1854b983c3fcd8abe9d0d2b547665807b733f5c5aae9dd2385af3447965af47f","43","43","ready"
"ButtonSeed","218","mc/main/farmui1_v_12.swf.assets/character-218.png","dc48358c217e29ca3eca18b5590f3476dc3bcd4dff54b006d69d23f46b27d8e9","apps/web/public/assets/manor/classic/pasture/ui/tool-animal.png","dc48358c217e29ca3eca18b5590f3476dc3bcd4dff54b006d69d23f46b27d8e9","43","43","ready"
"FlapperButton","220","mc/main/farmui1_v_12.swf.assets/character-220.png","d9aafa4ee1cfdd7daab427c3b159c520aaef9b6a64c7b10fe198c68b60571f0a","apps/web/public/assets/manor/classic/pasture/ui/tool-poop.png","d9aafa4ee1cfdd7daab427c3b159c520aaef9b6a64c7b10fe198c68b60571f0a","45","45","ready"
"FlyButton","225","mc/main/farmui1_v_12.swf.assets/character-225.png","df29bfc32e1dcc2bd668522784dc6d14048421a0a3b5052ad9a136fcc2b1c119","apps/web/public/assets/manor/classic/pasture/ui/tool-fly.png","df29bfc32e1dcc2bd668522784dc6d14048421a0a3b5052ad9a136fcc2b1c119","48","37","ready"
"ShengChanButton","229","mc/main/farmui1_v_12.swf.assets/character-229.png","4aebfaee8d3930159f3ff33707e11b02fe4261ac0a512b4f5607190170e295df","apps/web/public/assets/manor/classic/pasture/ui/tool-produce.png","4aebfaee8d3930159f3ff33707e11b02fe4261ac0a512b4f5607190170e295df","47","37","ready"
"ButtonTheft","143","mc/main/farmui1_v_12.swf.assets/character-143.png","97f837ed884855ad944535669a6a7dde97061930611043bf2df75c968d1541f2","apps/web/public/assets/manor/classic/pasture/ui/tool-steal.png","97f837ed884855ad944535669a6a7dde97061930611043bf2df75c968d1541f2","46","39","ready"
"WhistleButton","138","mc/main/farmui1_v_12.swf.assets/character-138.png","2efbbb48b8232b17fcca29c0c07686bec5aff6da699299b57ba21bee763bd3e7","apps/web/public/assets/manor/classic/pasture/ui/tool-whistle.png","2efbbb48b8232b17fcca29c0c07686bec5aff6da699299b57ba21bee763bd3e7","46","42","ready"
"FoodTips","146","mc/main/farmui1_v_12.swf.assets/character-146.png","d96a6682f5b9a71767e218de955c5eeee29563e664503339f6263cf8216e5e25","apps/web/public/assets/manor/classic/pasture/ui/food-tip.png","d96a6682f5b9a71767e218de955c5eeee29563e664503339f6263cf8216e5e25","26","26","ready"
"ItemBg","280","mc/main/farmui1_v_12.swf.assets/character-280.png","35485d1059960281e23d0ab62a952174e7b6f90f2364a81a32734e796404dc2a","apps/web/public/assets/manor/classic/pasture/ui/item-bg.png","35485d1059960281e23d0ab62a952174e7b6f90f2364a81a32734e796404dc2a","111","111","ready"
"CloseButton","277","mc/main/farmui1_v_12.swf.assets/character-277.png","591b76381bdd8cff8257606f51e9b4288938e0db06d223b36b91722ca5cda223","apps/web/public/assets/manor/classic/pasture/ui/close.png","591b76381bdd8cff8257606f51e9b4288938e0db06d223b36b91722ca5cda223","21","21","ready"
"Animalnfo","307","mc/main/farmui1_v_12.swf.assets/character-307.png","b1967056188b23f940995e52510c28ee81371c44abd9fafa1a963bddbe4ac99d","apps/web/public/assets/manor/classic/pasture/ui/animal-info.png","b1967056188b23f940995e52510c28ee81371c44abd9fafa1a963bddbe4ac99d","151","82","ready"
"ProductInfo","305","mc/main/farmui1_v_12.swf.assets/character-305.png","b1967056188b23f940995e52510c28ee81371c44abd9fafa1a963bddbe4ac99d","apps/web/public/assets/manor/classic/pasture/ui/product-info.png","b1967056188b23f940995e52510c28ee81371c44abd9fafa1a963bddbe4ac99d","151","82","ready"
